recon_key,ar_count,bank_count,key_match,amount_match,currency_match,customer_match,date_match,duplicate_ar,duplicate_bank,final_status,exception_reason,action,output.ai_likely_cause,output.ai_priority,output.ai_recommended_action,output.ai_explanation,output.ai_confidence,ai_likely_cause,ai_priority,ai_recommended_action,ai_explanation,ai_confidence
2960570925,1,1,TRUE,TRUE,TRUE,TRUE,FALSE,FALSE,FALSE,EXCEPTION,Date discrepancy,For Investigation,Possible settlement or posting timing difference,LOW,Compare the AR posting date with the bank settlement date and confirm whether the timing difference is expected.,"The transaction exists once in both sources and the amount, currency, and customer information agree, but the transaction dates do not meet the configured reconciliation tolerance.",HIGH,Possible settlement or posting timing difference,LOW,Compare the AR posting date with the bank settlement date and confirm whether the timing difference is expected.,"The transaction exists once in both sources and the amount, currency, and customer information agree, but the transaction dates do not meet the configured reconciliation tolerance.",HIGH
1930411415,1,1,TRUE,TRUE,TRUE,TRUE,FALSE,FALSE,FALSE,EXCEPTION,Date discrepancy,For Investigation,Possible settlement or posting timing difference,LOW,Compare the AR posting date with the bank settlement date and confirm whether the timing difference is expected.,"The transaction exists once in both sources and the amount, currency, and customer information agree, but the transaction dates do not meet the configured reconciliation tolerance.",HIGH,Possible settlement or posting timing difference,LOW,Compare the AR posting date with the bank settlement date and confirm whether the timing difference is expected.,"The transaction exists once in both sources and the amount, currency, and customer information agree, but the transaction dates do not meet the configured reconciliation tolerance.",HIGH
1929769711,1,1,TRUE,TRUE,TRUE,FALSE,FALSE,FALSE,FALSE,EXCEPTION,Customer discrepancy; Date discrepancy,For Investigation,Possible settlement or posting timing difference,LOW,Compare the AR posting date with the bank settlement date and confirm whether the timing difference is expected.,"The transaction exists once in both sources and the amount, currency, and customer information agree, but the transaction dates do not meet the configured reconciliation tolerance.",HIGH,Possible settlement or posting timing difference,LOW,Compare the AR posting date with the bank settlement date and confirm whether the timing difference is expected.,"The transaction exists once in both sources and the amount, currency, and customer information agree, but the transaction dates do not meet the configured reconciliation tolerance.",HIGH
2960576462,1,1,TRUE,TRUE,TRUE,TRUE,FALSE,FALSE,FALSE,EXCEPTION,Date discrepancy,For Investigation,Possible settlement or posting timing difference,LOW,Compare the AR posting date with the bank settlement date and confirm whether the timing difference is expected.,"The transaction exists once in both sources and the amount, currency, and customer information agree, but the transaction dates do not meet the configured reconciliation tolerance.",HIGH,Possible settlement or posting timing difference,LOW,Compare the AR posting date with the bank settlement date and confirm whether the timing difference is expected.,"The transaction exists once in both sources and the amount, currency, and customer information agree, but the transaction dates do not meet the configured reconciliation tolerance.",HIGH
1991828985,1,1,TRUE,TRUE,TRUE,TRUE,FALSE,FALSE,FALSE,EXCEPTION,Date discrepancy,For Investigation,Possible settlement or posting timing difference,LOW,Compare the AR posting date with the bank settlement date and confirm whether the timing difference is expected.,"The transaction exists once in both sources and the amount, currency, and customer information agree, but the transaction dates do not meet the configured reconciliation tolerance.",HIGH,Possible settlement or posting timing difference,LOW,Compare the AR posting date with the bank settlement date and confirm whether the timing difference is expected.,"The transaction exists once in both sources and the amount, currency, and customer information agree, but the transaction dates do not meet the configured reconciliation tolerance.",HIGH
1928930475,1,1,TRUE,TRUE,TRUE,TRUE,FALSE,FALSE,FALSE,EXCEPTION,Date discrepancy,For Investigation,Possible settlement or posting timing difference,LOW,Compare the AR posting date with the bank settlement date and confirm whether the timing difference is expected.,"The transaction exists once in both sources and the amount, currency, and customer information agree, but the transaction dates do not meet the configured reconciliation tolerance.",HIGH,Possible settlement or posting timing difference,LOW,Compare the AR posting date with the bank settlement date and confirm whether the timing difference is expected.,"The transaction exists once in both sources and the amount, currency, and customer information agree, but the transaction dates do not meet the configured reconciliation tolerance.",HIGH
1929902956,2,1,TRUE,,,,,TRUE,FALSE,EXCEPTION,Duplicate AR Entry,For Investigation,Duplicate AR Entry,LOW,Verify the AR system and bank records for duplicate entries and remove the redundant posting.,"The transaction exists in both sources with matching amount, currency, and customer details, but the duplicate entry caused a reconciliation discrepancy. The dates are not the issue here, as the entries are identical except for being recorded twice.",HIGH,Duplicate AR Entry,LOW,Verify the AR system and bank records for duplicate entries and remove the redundant posting.,"The transaction exists in both sources with matching amount, currency, and customer details, but the duplicate entry caused a reconciliation discrepancy. The dates are not the issue here, as the entries are identical except for being recorded twice.",HIGH
1930467548,2,1,TRUE,,,,,TRUE,FALSE,EXCEPTION,Duplicate AR Entry,For Investigation,Duplicate AR Entry,LOW, Investigate the source systems to identify why the duplicate AR entry was created. Verify if the entry was posted twice or if there is a system error causing duplication. Remove or correct the duplicate entry to resolve the reconciliation issue.,"The transaction exists in both sources with matching amount, currency, and customer details, but the duplicate AR entry is causing a reconciliation conflict. The system detected two identical entries, leading to the exception.",HIGH,Duplicate AR Entry,LOW, Investigate the source systems to identify why the duplicate AR entry was created. Verify if the entry was posted twice or if there is a system error causing duplication. Remove or correct the duplicate entry to resolve the reconciliation issue.,"The transaction exists in both sources with matching amount, currency, and customer details, but the duplicate AR entry is causing a reconciliation conflict. The system detected two identical entries, leading to the exception.",HIGH
1929559748,1,1,TRUE,TRUE,TRUE,TRUE,FALSE,FALSE,FALSE,EXCEPTION,Date discrepancy,For Investigation,Possible settlement or posting timing difference,LOW,Compare the AR posting date with the bank settlement date and confirm whether the timing difference is expected.,"The transaction exists once in both sources and the amount, currency, and customer information agree, but the transaction dates do not meet the configured reconciliation tolerance. This date discrepancy suggests a timing difference between AR posting and bank settlement processes.",HIGH,Possible settlement or posting timing difference,LOW,Compare the AR posting date with the bank settlement date and confirm whether the timing difference is expected.,"The transaction exists once in both sources and the amount, currency, and customer information agree, but the transaction dates do not meet the configured reconciliation tolerance. This date discrepancy suggests a timing difference between AR posting and bank settlement processes.",HIGH
1930049177,1,1,TRUE,TRUE,TRUE,TRUE,FALSE,FALSE,FALSE,EXCEPTION,Date discrepancy,For Investigation,Possible settlement or posting timing difference,LOW,Compare the AR posting date with the bank settlement date and confirm whether the timing difference is expected.,"The transaction dates do not meet the configured reconciliation tolerance, resulting in a date discrepancy despite matching amounts, currency, and customer information.",HIGH,Possible settlement or posting timing difference,LOW,Compare the AR posting date with the bank settlement date and confirm whether the timing difference is expected.,"The transaction dates do not meet the configured reconciliation tolerance, resulting in a date discrepancy despite matching amounts, currency, and customer information.",HIGH
1930281379,1,1,TRUE,TRUE,TRUE,TRUE,FALSE,FALSE,FALSE,EXCEPTION,Date discrepancy,For Investigation,Possible settlement or posting timing difference,LOW,Compare the AR posting date with the bank settlement date and confirm whether the timing difference is expected.,"The transaction exists once in both sources and the amount, currency, and customer information agree, but the transaction dates do not meet the configured reconciliation tolerance.",HIGH,Possible settlement or posting timing difference,LOW,Compare the AR posting date with the bank settlement date and confirm whether the timing difference is expected.,"The transaction exists once in both sources and the amount, currency, and customer information agree, but the transaction dates do not meet the configured reconciliation tolerance.",HIGH
1929972526,1,1,TRUE,TRUE,TRUE,TRUE,FALSE,FALSE,FALSE,EXCEPTION,Date discrepancy,For Investigation,Possible settlement or posting timing difference,LOW,Compare the AR posting date with the bank settlement date and confirm whether the timing difference is expected.,"The transaction exists once in both sources and the amount, currency, and customer information agree, but the transaction dates do not meet the configured reconciliation tolerance.",HIGH,Possible settlement or posting timing difference,LOW,Compare the AR posting date with the bank settlement date and confirm whether the timing difference is expected.,"The transaction exists once in both sources and the amount, currency, and customer information agree, but the transaction dates do not meet the configured reconciliation tolerance.",HIGH
1928958124,1,1,TRUE,TRUE,FALSE,TRUE,FALSE,FALSE,FALSE,EXCEPTION,Currency discrepancy; Date discrepancy,For Investigation,Possible settlement or posting timing difference,LOW,Compare the AR posting date with the bank settlement date and confirm whether the timing difference is expected.,"The transaction exists once in both sources and the amount, currency, and customer information agree, but the transaction dates do not meet the configured reconciliation tolerance. The currency discrepancy may indicate a mismatch in the transaction's currency code or exchange rate, while the date discrepancy suggests a timing difference between posting and settlement.",HIGH,Possible settlement or posting timing difference,LOW,Compare the AR posting date with the bank settlement date and confirm whether the timing difference is expected.,"The transaction exists once in both sources and the amount, currency, and customer information agree, but the transaction dates do not meet the configured reconciliation tolerance. The currency discrepancy may indicate a mismatch in the transaction's currency code or exchange rate, while the date discrepancy suggests a timing difference between posting and settlement.",HIGH
1928730204,2,1,TRUE,,,,,TRUE,FALSE,EXCEPTION,Duplicate AR Entry,For Investigation,Duplicate AR Entry Detected,LOW,Identify and remove the duplicate AR entry from both systems to resolve the reconciliation conflict.,"The same AR entry exists in both the source systems, leading to a duplicate. This duplication causes the reconciliation failure despite matching amounts, currencies, and customer details.",HIGH,Duplicate AR Entry Detected,LOW,Identify and remove the duplicate AR entry from both systems to resolve the reconciliation conflict.,"The same AR entry exists in both the source systems, leading to a duplicate. This duplication causes the reconciliation failure despite matching amounts, currencies, and customer details.",HIGH
1930109209,1,1,TRUE,TRUE,TRUE,FALSE,FALSE,FALSE,FALSE,EXCEPTION,Customer discrepancy; Date discrepancy,For Investigation,Possible settlement or posting timing difference,LOW,Compare the AR posting date with the bank settlement date and confirm whether the timing difference is expected.,"The transaction exists once in both sources and the amount, currency, and customer information agree, but the transaction dates do not meet the configured reconciliation tolerance.",HIGH,Possible settlement or posting timing difference,LOW,Compare the AR posting date with the bank settlement date and confirm whether the timing difference is expected.,"The transaction exists once in both sources and the amount, currency, and customer information agree, but the transaction dates do not meet the configured reconciliation tolerance.",HIGH
1929613952,1,1,TRUE,TRUE,TRUE,TRUE,FALSE,FALSE,FALSE,EXCEPTION,Date discrepancy,For Investigation,Possible settlement or posting timing difference,LOW,Compare the AR posting date with the bank settlement date and confirm whether the timing difference is expected.,"The transaction exists once in both sources and the amount, currency, and customer information agree, but the transaction dates do not meet the configured reconciliation tolerance. This date discrepancy is likely due to differing timing of settlement or posting between systems.",HIGH,Possible settlement or posting timing difference,LOW,Compare the AR posting date with the bank settlement date and confirm whether the timing difference is expected.,"The transaction exists once in both sources and the amount, currency, and customer information agree, but the transaction dates do not meet the configured reconciliation tolerance. This date discrepancy is likely due to differing timing of settlement or posting between systems.",HIGH
1930422267,1,1,TRUE,TRUE,TRUE,TRUE,FALSE,FALSE,FALSE,EXCEPTION,Date discrepancy,For Investigation,Possible settlement or posting timing difference,LOW,Compare the AR posting date with the bank settlement date and confirm whether the timing difference is expected.,"The transaction exists once in both sources and the amount, currency, and customer information agree, but the transaction dates do not meet the configured reconciliation tolerance.",HIGH,Possible settlement or posting timing difference,LOW,Compare the AR posting date with the bank settlement date and confirm whether the timing difference is expected.,"The transaction exists once in both sources and the amount, currency, and customer information agree, but the transaction dates do not meet the configured reconciliation tolerance.",HIGH
1930268494,1,1,TRUE,TRUE,TRUE,TRUE,FALSE,FALSE,FALSE,EXCEPTION,Date discrepancy,For Investigation,Settlement or posting timing difference,LOW,Compare the AR posting date with the bank settlement date and confirm whether the timing difference is expected.,"The transaction exists once in both sources and the amount, currency, and customer information agree, but the transaction dates do not meet the configured reconciliation tolerance.",HIGH,Settlement or posting timing difference,LOW,Compare the AR posting date with the bank settlement date and confirm whether the timing difference is expected.,"The transaction exists once in both sources and the amount, currency, and customer information agree, but the transaction dates do not meet the configured reconciliation tolerance.",HIGH
2960575055,1,1,TRUE,FALSE,TRUE,TRUE,FALSE,FALSE,FALSE,EXCEPTION,Amount discrepancy; Date discrepancy,For Investigation,Possible settlement or posting timing difference,LOW,Compare the AR posting date with the bank settlement date and confirm whether the timing difference is expected.,"The transaction exists once in both sources and the amount, currency, and customer information agree, but the transaction dates do not meet the configured reconciliation tolerance.",HIGH,Possible settlement or posting timing difference,LOW,Compare the AR posting date with the bank settlement date and confirm whether the timing difference is expected.,"The transaction exists once in both sources and the amount, currency, and customer information agree, but the transaction dates do not meet the configured reconciliation tolerance.",HIGH
1929649968,2,1,TRUE,,,,,TRUE,FALSE,EXCEPTION,Duplicate AR Entry,For Investigation,Duplicate AR Entry,LOW,Investigate the source system to identify why the duplicate AR entry was created and remove the redundant record.,"The transaction exists in both sources with matching amount, currency, and customer information, but the duplicate entry caused a date discrepancy that exceeds the configured reconciliation tolerance.",HIGH,Duplicate AR Entry,LOW,Investigate the source system to identify why the duplicate AR entry was created and remove the redundant record.,"The transaction exists in both sources with matching amount, currency, and customer information, but the duplicate entry caused a date discrepancy that exceeds the configured reconciliation tolerance.",HIGH
2960593991,1,2,TRUE,,,,,FALSE,TRUE,EXCEPTION,Duplicate Bank Entry,For Investigation,Duplicate Bank Entry,LOW,Review the bank's transaction records to identify and remove the duplicate entry causing the reconciliation exception.,"The exception is triggered by a duplicate bank entry, where the same transaction appears more than once in the bank's records but only once in the source system, leading to a reconciliation conflict.",HIGH,Duplicate Bank Entry,LOW,Review the bank's transaction records to identify and remove the duplicate entry causing the reconciliation exception.,"The exception is triggered by a duplicate bank entry, where the same transaction appears more than once in the bank's records but only once in the source system, leading to a reconciliation conflict.",HIGH
1930302736,1,1,TRUE,FALSE,TRUE,TRUE,FALSE,FALSE,FALSE,EXCEPTION,Amount discrepancy; Date discrepancy,For Investigation,Amount discrepancy and potential settlement timing difference,LOW,"Verify the amount and date discrepancies by cross-checking the AR posting date with the bank settlement date, and confirm if the timing difference is expected.","The transaction exists in both sources with matching amount, currency, and customer information, but discrepancies in amount and date prevent reconciliation within the configured tolerance. The amount discrepancy may indicate data entry errors or unaccounted transactions, while the date discrepancy could stem from settlement timing differences or posting delays.",HIGH,Amount discrepancy and potential settlement timing difference,LOW,"Verify the amount and date discrepancies by cross-checking the AR posting date with the bank settlement date, and confirm if the timing difference is expected.","The transaction exists in both sources with matching amount, currency, and customer information, but discrepancies in amount and date prevent reconciliation within the configured tolerance. The amount discrepancy may indicate data entry errors or unaccounted transactions, while the date discrepancy could stem from settlement timing differences or posting delays.",HIGH
1930263481,1,1,TRUE,TRUE,TRUE,TRUE,FALSE,FALSE,FALSE,EXCEPTION,Date discrepancy,For Investigation,Possible settlement or posting timing difference,LOW,Compare the AR posting date with the bank settlement date and confirm whether the timing difference is expected.,"The transaction exists once in both sources and the amount, currency, and customer information agree, but the transaction dates do not meet the configured reconciliation tolerance.",HIGH,Possible settlement or posting timing difference,LOW,Compare the AR posting date with the bank settlement date and confirm whether the timing difference is expected.,"The transaction exists once in both sources and the amount, currency, and customer information agree, but the transaction dates do not meet the configured reconciliation tolerance.",HIGH
1929534325,1,0,FALSE,,,,,FALSE,FALSE,EXCEPTION,Transaction Present in AR Only,For Investigation,Transaction Present in AR Only,LOW,"Verify if the transaction was posted in AR but not yet settled in the bank, and confirm if the absence in the bank reconciliation is due to timing or missing source data.","The transaction exists in AR but is missing from the bank reconciliation, indicating it may have been posted in AR before the corresponding bank settlement occurred, or the bank record is incomplete.",HIGH,Transaction Present in AR Only,LOW,"Verify if the transaction was posted in AR but not yet settled in the bank, and confirm if the absence in the bank reconciliation is due to timing or missing source data.","The transaction exists in AR but is missing from the bank reconciliation, indicating it may have been posted in AR before the corresponding bank settlement occurred, or the bank record is incomplete.",HIGH
2960580613,1,2,TRUE,,,,,FALSE,TRUE,EXCEPTION,Duplicate Bank Entry,For Investigation,Duplicate Bank Entry,LOW,Investigate the source systems to identify why the same transaction was recorded twice in the bank system and ensure only one entry is processed.,"The transaction exists once in both sources and matches in amount, currency, and customer information, but the duplicate entry in the bank system caused a reconciliation mismatch despite the reconciliation tolerance.",HIGH,Duplicate Bank Entry,LOW,Investigate the source systems to identify why the same transaction was recorded twice in the bank system and ensure only one entry is processed.,"The transaction exists once in both sources and matches in amount, currency, and customer information, but the duplicate entry in the bank system caused a reconciliation mismatch despite the reconciliation tolerance.",HIGH
1930370569,1,1,TRUE,TRUE,TRUE,TRUE,FALSE,FALSE,FALSE,EXCEPTION,Date discrepancy,For Investigation,Possible settlement or posting timing difference,LOW,Compare the AR posting date with the bank settlement date and confirm whether the timing difference is expected.,"The transaction exists in both sources with matching amount, currency, and customer information, but the dates do not meet the configured reconciliation tolerance.",HIGH,Possible settlement or posting timing difference,LOW,Compare the AR posting date with the bank settlement date and confirm whether the timing difference is expected.,"The transaction exists in both sources with matching amount, currency, and customer information, but the dates do not meet the configured reconciliation tolerance.",HIGH
1930181393,1,1,TRUE,FALSE,TRUE,TRUE,TRUE,FALSE,FALSE,EXCEPTION,Amount discrepancy,For Investigation,Amount discrepancy,LOW,"Verify the AR posting amount against the bank statement amount and check for data entry errors, rounding differences, or currency conversion discrepancies.","The transaction exists in both sources with matching currency, customer information, and dates, but the amounts differ, indicating a possible data entry error or rounding difference.",HIGH,Amount discrepancy,LOW,"Verify the AR posting amount against the bank statement amount and check for data entry errors, rounding differences, or currency conversion discrepancies.","The transaction exists in both sources with matching currency, customer information, and dates, but the amounts differ, indicating a possible data entry error or rounding difference.",HIGH
1928859556,2,1,TRUE,,,,,TRUE,FALSE,EXCEPTION,Duplicate AR Entry,For Investigation,Duplicate AR Entry,LOW,Review the AR system for duplicate entries and remove the duplicate record.,"The transaction exists in both sources with matching amount, currency, and customer information, but the duplicate AR entry caused the reconciliation discrepancy. The system detected an exact duplicate, leading to the exception.",HIGH,Duplicate AR Entry,LOW,Review the AR system for duplicate entries and remove the duplicate record.,"The transaction exists in both sources with matching amount, currency, and customer information, but the duplicate AR entry caused the reconciliation discrepancy. The system detected an exact duplicate, leading to the exception.",HIGH
1930364803,1,1,TRUE,TRUE,TRUE,TRUE,FALSE,FALSE,FALSE,EXCEPTION,Date discrepancy,For Investigation,Possible settlement or posting timing difference,LOW,Compare the AR posting date with the bank settlement date and confirm whether the timing difference is expected.,"The transaction exists once in both sources and the amount, currency, and customer information agree, but the transaction dates do not meet the configured reconciliation tolerance.",HIGH,Possible settlement or posting timing difference,LOW,Compare the AR posting date with the bank settlement date and confirm whether the timing difference is expected.,"The transaction exists once in both sources and the amount, currency, and customer information agree, but the transaction dates do not meet the configured reconciliation tolerance.",HIGH
2960571394,1,1,TRUE,TRUE,FALSE,TRUE,FALSE,FALSE,FALSE,EXCEPTION,Currency discrepancy; Date discrepancy,For Investigation,Currency and date discrepancies due to different reconciliation settings or timing differences between AR posting and bank settlement.,LOW,"Compare the AR posting date with the bank settlement date and confirm whether the timing difference is expected. Additionally, verify currency settings and ensure they match between the sources.","The transaction exists in both sources with matching amount, currency, and customer information, but the dates do not meet the configured reconciliation tolerance. Additionally, there is a currency discrepancy, which may indicate a mismatch in currency settings between the sources.",HIGH,Currency and date discrepancies due to different reconciliation settings or timing differences between AR posting and bank settlement.,LOW,"Compare the AR posting date with the bank settlement date and confirm whether the timing difference is expected. Additionally, verify currency settings and ensure they match between the sources.","The transaction exists in both sources with matching amount, currency, and customer information, but the dates do not meet the configured reconciliation tolerance. Additionally, there is a currency discrepancy, which may indicate a mismatch in currency settings between the sources.",HIGH
1929626918,1,1,TRUE,TRUE,TRUE,TRUE,FALSE,FALSE,FALSE,EXCEPTION,Date discrepancy,For Investigation,Possible settlement or posting timing difference,LOW,Compare the AR posting date with the bank settlement date and confirm whether the timing difference is expected.,"The transaction exists once in both sources and the amount, currency, and customer information agree, but the transaction dates do not meet the configured reconciliation tolerance.",HIGH,Possible settlement or posting timing difference,LOW,Compare the AR posting date with the bank settlement date and confirm whether the timing difference is expected.,"The transaction exists once in both sources and the amount, currency, and customer information agree, but the transaction dates do not meet the configured reconciliation tolerance.",HIGH
1929321201,1,1,TRUE,TRUE,TRUE,TRUE,FALSE,FALSE,FALSE,EXCEPTION,Date discrepancy,For Investigation,Possible settlement or posting timing difference,LOW,Compare the AR posting date with the bank settlement date and confirm whether the timing difference is expected.,"The transaction exists once in both sources and the amount, currency, and customer information agree, but the transaction dates do not meet the configured reconciliation tolerance.",HIGH,Possible settlement or posting timing difference,LOW,Compare the AR posting date with the bank settlement date and confirm whether the timing difference is expected.,"The transaction exists once in both sources and the amount, currency, and customer information agree, but the transaction dates do not meet the configured reconciliation tolerance.",HIGH
1930432697,1,1,TRUE,TRUE,TRUE,TRUE,FALSE,FALSE,FALSE,EXCEPTION,Date discrepancy,For Investigation,Possible settlement or posting timing difference,LOW,Compare the AR posting date with the bank settlement date and confirm whether the timing difference is expected.,"The transaction exists once in both sources and the amount, currency, and customer information agree, but the transaction dates do not meet the configured reconciliation tolerance.",HIGH,Possible settlement or posting timing difference,LOW,Compare the AR posting date with the bank settlement date and confirm whether the timing difference is expected.,"The transaction exists once in both sources and the amount, currency, and customer information agree, but the transaction dates do not meet the configured reconciliation tolerance.",HIGH
1928883693,2,1,TRUE,,,,,TRUE,FALSE,EXCEPTION,Duplicate AR Entry,For Investigation,Duplicate AR Entry,LOW,Review the AR system for duplicate entries and remove or reconcile the duplicate record.,"The transaction exists in both sources with matching amount, currency, and customer information, but the duplicate entry caused the reconciliation discrepancy. The system detected two identical entries for the same transaction.",HIGH,Duplicate AR Entry,LOW,Review the AR system for duplicate entries and remove or reconcile the duplicate record.,"The transaction exists in both sources with matching amount, currency, and customer information, but the duplicate entry caused the reconciliation discrepancy. The system detected two identical entries for the same transaction.",HIGH
1929456055,1,1,TRUE,TRUE,TRUE,TRUE,FALSE,FALSE,FALSE,EXCEPTION,Date discrepancy,For Investigation,Settlement or posting timing difference,LOW,Compare the AR posting date with the bank settlement date and confirm whether the timing difference is expected.,"The transaction exists once in both sources and the amount, currency, and customer information agree, but the transaction dates do not meet the configured reconciliation tolerance.",HIGH,Settlement or posting timing difference,LOW,Compare the AR posting date with the bank settlement date and confirm whether the timing difference is expected.,"The transaction exists once in both sources and the amount, currency, and customer information agree, but the transaction dates do not meet the configured reconciliation tolerance.",HIGH
1930396244,1,1,TRUE,TRUE,TRUE,TRUE,FALSE,FALSE,FALSE,EXCEPTION,Date discrepancy,For Investigation,Settlement or posting timing difference,LOW,Compare the AR posting date with the bank settlement date and confirm whether the timing difference is expected.,"The transaction exists once in both sources and the amount, currency, and customer information agree, but the transaction dates do not meet the configured reconciliation tolerance.",HIGH,Settlement or posting timing difference,LOW,Compare the AR posting date with the bank settlement date and confirm whether the timing difference is expected.,"The transaction exists once in both sources and the amount, currency, and customer information agree, but the transaction dates do not meet the configured reconciliation tolerance.",HIGH
1928680886,1,2,TRUE,,,,,FALSE,TRUE,EXCEPTION,Duplicate Bank Entry,For Investigation,Duplicate Bank Entry,LOW,Review the bank entries to identify and remove duplicate records. Verify if the duplicate entry was caused by a manual input error or system duplication.,"The transaction appears once in both sources, but the duplicate bank entry suggests the same transaction was recorded twice in the bank system. This duplication may arise from manual re-entry, system synchronization issues, or conflicting batch processes, leading to a mismatch in records despite matching amounts and customer details.",HIGH,Duplicate Bank Entry,LOW,Review the bank entries to identify and remove duplicate records. Verify if the duplicate entry was caused by a manual input error or system duplication.,"The transaction appears once in both sources, but the duplicate bank entry suggests the same transaction was recorded twice in the bank system. This duplication may arise from manual re-entry, system synchronization issues, or conflicting batch processes, leading to a mismatch in records despite matching amounts and customer details.",HIGH
2960585493,1,1,TRUE,TRUE,TRUE,TRUE,FALSE,FALSE,FALSE,EXCEPTION,Date discrepancy,For Investigation,Possible settlement or posting timing difference,LOW,Compare the AR posting date with the bank settlement date and confirm whether the timing difference is expected.,"The transaction exists once in both sources and the amount, currency, and customer information agree, but the transaction dates do not meet the configured reconciliation tolerance.",HIGH,Possible settlement or posting timing difference,LOW,Compare the AR posting date with the bank settlement date and confirm whether the timing difference is expected.,"The transaction exists once in both sources and the amount, currency, and customer information agree, but the transaction dates do not meet the configured reconciliation tolerance.",HIGH
1930072381,1,0,FALSE,,,,,FALSE,FALSE,EXCEPTION,Transaction Present in AR Only,For Investigation,Possible settlement timing difference where the bank has not yet settled the transaction.,LOW,Verify if the bank has not yet settled the transaction and confirm if the timing difference is expected based on reconciliation rules.,"The transaction exists in AR but is missing in the bank records. The matching details (amount, currency, customer) suggest the transaction is valid, but the absence in the bank system indicates a potential settlement timing difference.",HIGH,Possible settlement timing difference where the bank has not yet settled the transaction.,LOW,Verify if the bank has not yet settled the transaction and confirm if the timing difference is expected based on reconciliation rules.,"The transaction exists in AR but is missing in the bank records. The matching details (amount, currency, customer) suggest the transaction is valid, but the absence in the bank system indicates a potential settlement timing difference.",HIGH
1928662393,1,1,TRUE,TRUE,TRUE,FALSE,TRUE,FALSE,FALSE,EXCEPTION,Customer discrepancy,For Investigation,Customer master data inconsistency,LOW,Verify customer details in both AR system and banking source to identify mismatched master data.,"The transaction exists in both sources with matching amount, currency, and other details, but customer information differs, causing the discrepancy.",HIGH,Customer master data inconsistency,LOW,Verify customer details in both AR system and banking source to identify mismatched master data.,"The transaction exists in both sources with matching amount, currency, and other details, but customer information differs, causing the discrepancy.",HIGH
1991825320,1,0,FALSE,,,,,FALSE,FALSE,EXCEPTION,Transaction Present in AR Only,For Investigation,Transaction Present in AR Only,LOW,Compare the AR posting date with the bank settlement date and confirm whether the timing difference is expected.,"The transaction exists once in both sources and the amount, currency, and customer information agree, but the transaction dates do not meet the configured reconciliation tolerance. The discrepancy arises because the transaction is present in AR but missing from the bank system, indicating a potential timing difference in settlement or posting.",HIGH,Transaction Present in AR Only,LOW,Compare the AR posting date with the bank settlement date and confirm whether the timing difference is expected.,"The transaction exists once in both sources and the amount, currency, and customer information agree, but the transaction dates do not meet the configured reconciliation tolerance. The discrepancy arises because the transaction is present in AR but missing from the bank system, indicating a potential timing difference in settlement or posting.",HIGH
1929396864,1,1,TRUE,TRUE,TRUE,TRUE,FALSE,FALSE,FALSE,EXCEPTION,Date discrepancy,For Investigation,Date discrepancy due to settlement or posting timing difference,LOW,Compare the AR posting date with the bank settlement date and confirm whether the timing difference is expected.,"The transaction exists once in both sources and the amount, currency, and customer information agree, but the transaction dates do not meet the configured reconciliation tolerance.",HIGH,Date discrepancy due to settlement or posting timing difference,LOW,Compare the AR posting date with the bank settlement date and confirm whether the timing difference is expected.,"The transaction exists once in both sources and the amount, currency, and customer information agree, but the transaction dates do not meet the configured reconciliation tolerance.",HIGH
1929780311,1,1,TRUE,TRUE,TRUE,TRUE,FALSE,FALSE,FALSE,EXCEPTION,Date discrepancy,For Investigation,Possible settlement or posting timing difference,LOW,Compare the AR posting date with the bank settlement date and confirm whether the timing difference is expected.,"The transaction exists once in both sources and the amount, currency, and customer information agree, but the transaction dates do not meet the configured reconciliation tolerance. The exception reason specifies a date discrepancy, indicating the dates differ beyond the allowed tolerance.",HIGH,Possible settlement or posting timing difference,LOW,Compare the AR posting date with the bank settlement date and confirm whether the timing difference is expected.,"The transaction exists once in both sources and the amount, currency, and customer information agree, but the transaction dates do not meet the configured reconciliation tolerance. The exception reason specifies a date discrepancy, indicating the dates differ beyond the allowed tolerance.",HIGH
1929352490,1,1,TRUE,TRUE,TRUE,TRUE,FALSE,FALSE,FALSE,EXCEPTION,Date discrepancy,For Investigation,Possible settlement or posting timing difference,LOW,Compare the AR posting date with the bank settlement date and confirm whether the timing difference is expected.,"The transaction exists once in both sources and the amount, currency, and customer information agree, but the transaction dates do not meet the configured reconciliation tolerance.",HIGH,Possible settlement or posting timing difference,LOW,Compare the AR posting date with the bank settlement date and confirm whether the timing difference is expected.,"The transaction exists once in both sources and the amount, currency, and customer information agree, but the transaction dates do not meet the configured reconciliation tolerance.",HIGH
1930047222,1,1,TRUE,TRUE,TRUE,TRUE,FALSE,FALSE,FALSE,EXCEPTION,Date discrepancy,For Investigation,Possible settlement or posting timing difference,LOW,Compare the AR posting date with the bank settlement date and confirm whether the timing difference is expected.,"The transaction exists once in both sources and the amount, currency, and customer information agree, but the transaction dates do not meet the configured reconciliation tolerance.",HIGH,Possible settlement or posting timing difference,LOW,Compare the AR posting date with the bank settlement date and confirm whether the timing difference is expected.,"The transaction exists once in both sources and the amount, currency, and customer information agree, but the transaction dates do not meet the configured reconciliation tolerance.",HIGH
1929737091,1,1,TRUE,TRUE,TRUE,TRUE,FALSE,FALSE,FALSE,EXCEPTION,Date discrepancy,For Investigation,Possible settlement or posting timing difference,LOW,Compare the AR posting date with the bank settlement date and confirm whether the timing difference is expected.,"The transaction exists once in both sources and the amount, currency, and customer information agree, but the transaction dates do not meet the configured reconciliation tolerance.",HIGH,Possible settlement or posting timing difference,LOW,Compare the AR posting date with the bank settlement date and confirm whether the timing difference is expected.,"The transaction exists once in both sources and the amount, currency, and customer information agree, but the transaction dates do not meet the configured reconciliation tolerance.",HIGH
1930148697,1,1,TRUE,TRUE,TRUE,TRUE,FALSE,FALSE,FALSE,EXCEPTION,Date discrepancy,For Investigation,Possible settlement or posting timing difference,LOW,Compare the AR posting date with the bank settlement date and confirm whether the timing difference is expected.,"The transaction exists once in both sources and the amount, currency, and customer information agree, but the transaction dates do not meet the configured reconciliation tolerance.",HIGH,Possible settlement or posting timing difference,LOW,Compare the AR posting date with the bank settlement date and confirm whether the timing difference is expected.,"The transaction exists once in both sources and the amount, currency, and customer information agree, but the transaction dates do not meet the configured reconciliation tolerance.",HIGH
1928808879,1,1,TRUE,TRUE,TRUE,TRUE,FALSE,FALSE,FALSE,EXCEPTION,Date discrepancy,For Investigation,Possible settlement or posting timing difference,LOW,Compare the AR posting date with the bank settlement date and confirm whether the timing difference is expected.,"The transaction exists once in both sources and the amount, currency, and customer information agree, but the transaction dates do not meet the configured reconciliation tolerance.",HIGH,Possible settlement or posting timing difference,LOW,Compare the AR posting date with the bank settlement date and confirm whether the timing difference is expected.,"The transaction exists once in both sources and the amount, currency, and customer information agree, but the transaction dates do not meet the configured reconciliation tolerance.",HIGH
1928985478,1,1,TRUE,FALSE,TRUE,TRUE,TRUE,FALSE,FALSE,EXCEPTION,Amount discrepancy,For Investigation,"Possible amount discrepancy due to rounding differences, currency conversion errors, or data entry mistakes",LOW,"Compare the amounts in both sources and check for any rounding differences, currency conversion errors, or data entry mistakes","The transaction exists once in both sources and the customer information agree, but the amounts do not meet the configured reconciliation tolerance.",HIGH,"Possible amount discrepancy due to rounding differences, currency conversion errors, or data entry mistakes",LOW,"Compare the amounts in both sources and check for any rounding differences, currency conversion errors, or data entry mistakes","The transaction exists once in both sources and the customer information agree, but the amounts do not meet the configured reconciliation tolerance.",HIGH
1930391516,1,0,FALSE,,,,,FALSE,FALSE,EXCEPTION,Transaction Present in AR Only,For Investigation,Transaction Present in AR Only,LOW,Verify if the bank has not yet settled the transaction and confirm the reconciliation cutoff dates between AR and the bank.,"The transaction exists in AR but is missing in the bank system, indicating it may not have been processed or settled yet. This could be due to timing differences in posting or settlement schedules.",HIGH,Transaction Present in AR Only,LOW,Verify if the bank has not yet settled the transaction and confirm the reconciliation cutoff dates between AR and the bank.,"The transaction exists in AR but is missing in the bank system, indicating it may not have been processed or settled yet. This could be due to timing differences in posting or settlement schedules.",HIGH
2960567629,1,1,TRUE,TRUE,TRUE,TRUE,FALSE,FALSE,FALSE,EXCEPTION,Date discrepancy,For Investigation,Possible settlement or posting timing difference,LOW,Compare the AR posting date with the bank settlement date and confirm whether the timing difference is expected.,"The transaction exists once in both sources and the amount, currency, and customer information agree, but the transaction dates do not meet the configured reconciliation tolerance.",HIGH,Possible settlement or posting timing difference,LOW,Compare the AR posting date with the bank settlement date and confirm whether the timing difference is expected.,"The transaction exists once in both sources and the amount, currency, and customer information agree, but the transaction dates do not meet the configured reconciliation tolerance.",HIGH
2960552416,1,0,FALSE,,,,,FALSE,FALSE,EXCEPTION,Transaction Present in AR Only,For Investigation,"The transaction exists in the AR system but is missing from the bank records, possibly due to a timing difference in posting or settlement.",LOW,Verify the bank's records for the transaction and confirm if it has been processed or if there is a delay in settlement.,"The transaction is present in the AR system but absent in the bank records, leading to a reconciliation discrepancy. This could indicate a timing difference or an unprocessed transaction in the bank system.",HIGH,"The transaction exists in the AR system but is missing from the bank records, possibly due to a timing difference in posting or settlement.",LOW,Verify the bank's records for the transaction and confirm if it has been processed or if there is a delay in settlement.,"The transaction is present in the AR system but absent in the bank records, leading to a reconciliation discrepancy. This could indicate a timing difference or an unprocessed transaction in the bank system.",HIGH
1930096769,1,1,TRUE,TRUE,TRUE,TRUE,FALSE,FALSE,FALSE,EXCEPTION,Date discrepancy,For Investigation,Possible settlement or posting timing difference,LOW,Compare the AR posting date with the bank settlement date and confirm whether the timing difference is expected.,"The transaction exists once in both sources and the amount, currency, and customer information agree, but the transaction dates do not meet the configured reconciliation tolerance.",HIGH,Possible settlement or posting timing difference,LOW,Compare the AR posting date with the bank settlement date and confirm whether the timing difference is expected.,"The transaction exists once in both sources and the amount, currency, and customer information agree, but the transaction dates do not meet the configured reconciliation tolerance.",HIGH
1930138383,1,1,TRUE,TRUE,TRUE,TRUE,FALSE,FALSE,FALSE,EXCEPTION,Date discrepancy,For Investigation,Settlement or posting timing difference,LOW,Compare the AR posting date with the bank settlement date and confirm whether the timing difference is expected.,"The transaction exists once in both sources and the amount, currency, and customer information agree, but the transaction dates do not meet the configured reconciliation tolerance.",HIGH,Settlement or posting timing difference,LOW,Compare the AR posting date with the bank settlement date and confirm whether the timing difference is expected.,"The transaction exists once in both sources and the amount, currency, and customer information agree, but the transaction dates do not meet the configured reconciliation tolerance.",HIGH
1929174555,1,1,TRUE,TRUE,TRUE,TRUE,FALSE,FALSE,FALSE,EXCEPTION,Date discrepancy,For Investigation,Possible settlement or posting timing difference,LOW,Compare the AR posting date with the bank settlement date and confirm whether the timing difference is expected.,"The transaction exists once in both sources and the amount, currency, and customer information agree, but the transaction dates do not meet the configured reconciliation tolerance.",HIGH,Possible settlement or posting timing difference,LOW,Compare the AR posting date with the bank settlement date and confirm whether the timing difference is expected.,"The transaction exists once in both sources and the amount, currency, and customer information agree, but the transaction dates do not meet the configured reconciliation tolerance.",HIGH
1928700942,1,1,TRUE,TRUE,TRUE,TRUE,FALSE,FALSE,FALSE,EXCEPTION,Date discrepancy,For Investigation,Possible settlement or posting timing difference,LOW,Compare the AR posting date with the bank settlement date and confirm whether the timing difference is expected.,"The transaction exists once in both sources and the amount, currency, and customer information agree, but the transaction dates do not meet the configured reconciliation tolerance.",HIGH,Possible settlement or posting timing difference,LOW,Compare the AR posting date with the bank settlement date and confirm whether the timing difference is expected.,"The transaction exists once in both sources and the amount, currency, and customer information agree, but the transaction dates do not meet the configured reconciliation tolerance.",HIGH
1929802574,1,0,FALSE,,,,,FALSE,FALSE,EXCEPTION,Transaction Present in AR Only,For Investigation,Possible settlement or posting timing difference,LOW,Compare the AR posting date with the bank settlement date and confirm whether the timing difference is expected.,"The transaction exists once in both sources and the amount, currency, and customer information agree, but the transaction dates do not meet the configured reconciliation tolerance.",HIGH,Possible settlement or posting timing difference,LOW,Compare the AR posting date with the bank settlement date and confirm whether the timing difference is expected.,"The transaction exists once in both sources and the amount, currency, and customer information agree, but the transaction dates do not meet the configured reconciliation tolerance.",HIGH
1928793476,1,1,TRUE,TRUE,TRUE,FALSE,FALSE,FALSE,FALSE,EXCEPTION,Customer discrepancy; Date discrepancy,For Investigation,Possible settlement or posting timing difference,LOW,Compare the AR posting date with the bank settlement date and confirm whether the timing difference is expected.,"The transaction exists once in both sources and the amount, currency, and customer information agree, but the transaction dates do not meet the configured reconciliation tolerance.",HIGH,Possible settlement or posting timing difference,LOW,Compare the AR posting date with the bank settlement date and confirm whether the timing difference is expected.,"The transaction exists once in both sources and the amount, currency, and customer information agree, but the transaction dates do not meet the configured reconciliation tolerance.",HIGH
1928959025,1,1,TRUE,FALSE,TRUE,TRUE,FALSE,FALSE,FALSE,EXCEPTION,Amount discrepancy; Date discrepancy,For Investigation,Possible settlement or posting timing difference,LOW,Compare the AR posting date with the bank settlement date and confirm whether the timing difference is expected.,"The transaction exists once in both sources and the amount, currency, and customer information agree, but the transaction dates do not meet the configured reconciliation tolerance.",HIGH,Possible settlement or posting timing difference,LOW,Compare the AR posting date with the bank settlement date and confirm whether the timing difference is expected.,"The transaction exists once in both sources and the amount, currency, and customer information agree, but the transaction dates do not meet the configured reconciliation tolerance.",HIGH
1929455108,1,1,TRUE,TRUE,TRUE,TRUE,FALSE,FALSE,FALSE,EXCEPTION,Date discrepancy,For Investigation,Possible settlement or posting timing difference,LOW,Compare the AR posting date with the bank settlement date and confirm whether the timing difference is expected.,"The transaction exists once in both sources and the amount, currency, and customer information agree, but the transaction dates do not meet the configured reconciliation tolerance.",HIGH,Possible settlement or posting timing difference,LOW,Compare the AR posting date with the bank settlement date and confirm whether the timing difference is expected.,"The transaction exists once in both sources and the amount, currency, and customer information agree, but the transaction dates do not meet the configured reconciliation tolerance.",HIGH
1929099557,1,1,TRUE,TRUE,FALSE,TRUE,TRUE,FALSE,FALSE,EXCEPTION,Currency discrepancy,For Investigation,Currency discrepancy,LOW,Verify the currency codes and exchange rates applied in both the AR record and the bank transaction. Ensure the currency fields match exactly and that any conversion rates are correctly applied.,"The transaction exists in both sources with matching amount, customer information, and other details, but the currency fields do not align. This discrepancy prevents reconciliation despite other data consistency.",HIGH,Currency discrepancy,LOW,Verify the currency codes and exchange rates applied in both the AR record and the bank transaction. Ensure the currency fields match exactly and that any conversion rates are correctly applied.,"The transaction exists in both sources with matching amount, customer information, and other details, but the currency fields do not align. This discrepancy prevents reconciliation despite other data consistency.",HIGH
1928929592,1,1,TRUE,TRUE,TRUE,TRUE,FALSE,FALSE,FALSE,EXCEPTION,Date discrepancy,For Investigation,Possible settlement or posting timing difference,LOW,Compare the AR posting date with the bank settlement date and confirm whether the timing difference is expected.,"The transaction exists once in both sources and the amount, currency, and customer information agree, but the transaction dates do not meet the configured reconciliation tolerance.",HIGH,Possible settlement or posting timing difference,LOW,Compare the AR posting date with the bank settlement date and confirm whether the timing difference is expected.,"The transaction exists once in both sources and the amount, currency, and customer information agree, but the transaction dates do not meet the configured reconciliation tolerance.",HIGH
1929083229,1,1,TRUE,TRUE,TRUE,TRUE,FALSE,FALSE,FALSE,EXCEPTION,Date discrepancy,For Investigation,Settlement or posting timing difference,LOW,Compare the AR posting date with the bank settlement date and confirm whether the timing difference is expected.,"The transaction exists in both sources with matching amount, currency, and customer information, but the dates do not meet the configured reconciliation tolerance.",HIGH,Settlement or posting timing difference,LOW,Compare the AR posting date with the bank settlement date and confirm whether the timing difference is expected.,"The transaction exists in both sources with matching amount, currency, and customer information, but the dates do not meet the configured reconciliation tolerance.",HIGH
1928745000,1,1,TRUE,TRUE,TRUE,TRUE,FALSE,FALSE,FALSE,EXCEPTION,Date discrepancy,For Investigation,Possible settlement or posting timing difference,LOW,Compare the AR posting date with the bank settlement date and confirm whether the timing difference is expected.,"The transaction exists once in both sources and the amount, currency, and customer information agree, but the transaction dates do not meet the configured reconciliation tolerance.",HIGH,Possible settlement or posting timing difference,LOW,Compare the AR posting date with the bank settlement date and confirm whether the timing difference is expected.,"The transaction exists once in both sources and the amount, currency, and customer information agree, but the transaction dates do not meet the configured reconciliation tolerance.",HIGH
1928778447,1,1,TRUE,TRUE,TRUE,TRUE,FALSE,FALSE,FALSE,EXCEPTION,Date discrepancy,For Investigation,Possible settlement or posting timing difference,LOW,Compare the AR posting date with the bank settlement date and confirm whether the timing difference is expected.,"The transaction exists once in both sources and the amount, currency, and customer information agree, but the transaction dates do not meet the configured reconciliation tolerance.",HIGH,Possible settlement or posting timing difference,LOW,Compare the AR posting date with the bank settlement date and confirm whether the timing difference is expected.,"The transaction exists once in both sources and the amount, currency, and customer information agree, but the transaction dates do not meet the configured reconciliation tolerance.",HIGH
1928874123,1,1,TRUE,TRUE,TRUE,TRUE,FALSE,FALSE,FALSE,EXCEPTION,Date discrepancy,For Investigation,Possible settlement or posting timing difference,LOW,Compare the AR posting date with the bank settlement date and confirm whether the timing difference is expected.,"The transaction exists once in both sources and the amount, currency, and customer information agree, but the transaction dates do not meet the configured reconciliation tolerance.",HIGH,Possible settlement or posting timing difference,LOW,Compare the AR posting date with the bank settlement date and confirm whether the timing difference is expected.,"The transaction exists once in both sources and the amount, currency, and customer information agree, but the transaction dates do not meet the configured reconciliation tolerance.",HIGH
1990569700,1,1,TRUE,TRUE,TRUE,TRUE,FALSE,FALSE,FALSE,EXCEPTION,Date discrepancy,For Investigation,Settlement or posting timing difference,LOW,Compare the AR posting date with the bank settlement date and confirm whether the timing difference is expected.,"The transaction exists in both sources with matching amount, currency, and customer information, but the dates do not meet the configured reconciliation tolerance.",HIGH,Settlement or posting timing difference,LOW,Compare the AR posting date with the bank settlement date and confirm whether the timing difference is expected.,"The transaction exists in both sources with matching amount, currency, and customer information, but the dates do not meet the configured reconciliation tolerance.",HIGH
2960597958,1,1,TRUE,TRUE,TRUE,TRUE,FALSE,FALSE,FALSE,EXCEPTION,Date discrepancy,For Investigation,Possible settlement or posting timing difference,LOW,Compare the AR posting date with the bank settlement date and confirm whether the timing difference is expected.,"The transaction exists once in both sources and the amount, currency, and customer information agree, but the transaction dates do not meet the configured reconciliation tolerance.",HIGH,Possible settlement or posting timing difference,LOW,Compare the AR posting date with the bank settlement date and confirm whether the timing difference is expected.,"The transaction exists once in both sources and the amount, currency, and customer information agree, but the transaction dates do not meet the configured reconciliation tolerance.",HIGH
1929982245,1,1,TRUE,TRUE,TRUE,FALSE,TRUE,FALSE,FALSE,EXCEPTION,Customer discrepancy,For Investigation,Customer information mismatch between AR and bank records,LOW,"Verify customer details (e.g., account number, name, billing address) in both AR and bank systems to identify discrepancies","The transaction matches in amount, currency, and dates but fails reconciliation due to conflicting customer information. The discrepancy likely stems from inconsistent customer data entries between systems, preventing proper linkage.",HIGH,Customer information mismatch between AR and bank records,LOW,"Verify customer details (e.g., account number, name, billing address) in both AR and bank systems to identify discrepancies","The transaction matches in amount, currency, and dates but fails reconciliation due to conflicting customer information. The discrepancy likely stems from inconsistent customer data entries between systems, preventing proper linkage.",HIGH
2960538287,2,1,TRUE,,,,,TRUE,FALSE,EXCEPTION,Duplicate AR Entry,For Investigation,Duplicate AR Entry,LOW,Review the AR entries for duplicates and investigate why the same transaction was posted twice.,"The transaction exists in both sources with matching amount, currency, and customer information, but the system detected it as a duplicate AR Entry, indicating the same transaction was recorded twice.",HIGH,Duplicate AR Entry,LOW,Review the AR entries for duplicates and investigate why the same transaction was posted twice.,"The transaction exists in both sources with matching amount, currency, and customer information, but the system detected it as a duplicate AR Entry, indicating the same transaction was recorded twice.",HIGH
2960591920,1,1,TRUE,TRUE,TRUE,TRUE,FALSE,FALSE,FALSE,EXCEPTION,Date discrepancy,For Investigation,Possible settlement or posting timing difference,LOW,Compare the AR posting date with the bank settlement date and confirm whether the timing difference is expected.,"The transaction exists once in both sources and the amount, currency, and customer information agree, but the transaction dates do not meet the configured reconciliation tolerance.",HIGH,Possible settlement or posting timing difference,LOW,Compare the AR posting date with the bank settlement date and confirm whether the timing difference is expected.,"The transaction exists once in both sources and the amount, currency, and customer information agree, but the transaction dates do not meet the configured reconciliation tolerance.",HIGH
1928758088,1,0,FALSE,,,,,FALSE,FALSE,EXCEPTION,Transaction Present in AR Only,For Investigation,The transaction was posted in AR but not yet settled in the bank due to timing differences.,LOW,"Verify if the bank hasn't settled the transaction yet, and check the settlement date against the AR posting date to confirm timing alignment.","The transaction exists in AR but is missing from the bank reconciliation. This indicates the transaction may not have been processed by the bank yet, leading to a timing discrepancy rather than a duplicate or missing-source issue.",HIGH,The transaction was posted in AR but not yet settled in the bank due to timing differences.,LOW,"Verify if the bank hasn't settled the transaction yet, and check the settlement date against the AR posting date to confirm timing alignment.","The transaction exists in AR but is missing from the bank reconciliation. This indicates the transaction may not have been processed by the bank yet, leading to a timing discrepancy rather than a duplicate or missing-source issue.",HIGH
1930191508,1,1,TRUE,TRUE,TRUE,FALSE,TRUE,FALSE,FALSE,EXCEPTION,Customer discrepancy,For Investigation,Customer identifier mismatch or data mapping error,LOW,"Verify customer details in both AR and bank records to ensure alignment of customer identifiers, names, and account numbers.","The transaction exists in both sources with matching amount, currency, and customer information, but the customer discrepancy indicates a potential mismatch in customer identifiers or data mapping between systems.",HIGH,Customer identifier mismatch or data mapping error,LOW,"Verify customer details in both AR and bank records to ensure alignment of customer identifiers, names, and account numbers.","The transaction exists in both sources with matching amount, currency, and customer information, but the customer discrepancy indicates a potential mismatch in customer identifiers or data mapping between systems.",HIGH
1929664505,1,1,TRUE,TRUE,FALSE,TRUE,TRUE,FALSE,FALSE,EXCEPTION,Currency discrepancy,For Investigation,Currency discrepancy,LOW,Verify the currency settings in both AR and bank systems and reconcile the transaction using the correct currency configuration.,"The transaction exists in both sources with matching amount, customer information, and other details, but the currency code differs, causing a reconciliation mismatch.",HIGH,Currency discrepancy,LOW,Verify the currency settings in both AR and bank systems and reconcile the transaction using the correct currency configuration.,"The transaction exists in both sources with matching amount, customer information, and other details, but the currency code differs, causing a reconciliation mismatch.",HIGH
1929335993,1,1,TRUE,TRUE,TRUE,TRUE,FALSE,FALSE,FALSE,EXCEPTION,Date discrepancy,For Investigation,Possible settlement or posting timing difference,LOW,Compare the AR posting date with the bank settlement date and confirm whether the timing difference is expected.,"The transaction exists once in both sources and the amount, currency, and customer information agree, but the transaction dates do not meet the configured reconciliation tolerance. This date discrepancy indicates a timing difference between the AR posting and bank settlement dates.",HIGH,Possible settlement or posting timing difference,LOW,Compare the AR posting date with the bank settlement date and confirm whether the timing difference is expected.,"The transaction exists once in both sources and the amount, currency, and customer information agree, but the transaction dates do not meet the configured reconciliation tolerance. This date discrepancy indicates a timing difference between the AR posting and bank settlement dates.",HIGH
1929168360,1,1,TRUE,TRUE,TRUE,TRUE,FALSE,FALSE,FALSE,EXCEPTION,Date discrepancy,For Investigation,Possible settlement or posting timing difference,LOW,Compare the AR posting date with the bank settlement date and confirm whether the timing difference is expected.,"The transaction dates do not meet the configured reconciliation tolerance, resulting in a date discrepancy despite matching amounts, currency, and customer information.",HIGH,Possible settlement or posting timing difference,LOW,Compare the AR posting date with the bank settlement date and confirm whether the timing difference is expected.,"The transaction dates do not meet the configured reconciliation tolerance, resulting in a date discrepancy despite matching amounts, currency, and customer information.",HIGH
1929714983,1,1,TRUE,TRUE,TRUE,FALSE,TRUE,FALSE,FALSE,EXCEPTION,Customer discrepancy,For Investigation,Customer information mismatch between AR and bank records,LOW,Verify customer details in both AR and bank records to identify discrepancies.,"The transaction exists in both sources with matching amount, currency, and dates, but customer information does not align, leading to the customer discrepancy exception.",HIGH,Customer information mismatch between AR and bank records,LOW,Verify customer details in both AR and bank records to identify discrepancies.,"The transaction exists in both sources with matching amount, currency, and dates, but customer information does not align, leading to the customer discrepancy exception.",HIGH
2960606177,1,1,TRUE,TRUE,TRUE,TRUE,FALSE,FALSE,FALSE,EXCEPTION,Date discrepancy,For Investigation,Possible settlement or posting timing difference,LOW,Compare the AR posting date with the bank settlement date and confirm whether the timing difference is expected.,"The transaction exists once in both sources and the amount, currency, and customer information agree, but the transaction dates do not meet the configured reconciliation tolerance.",HIGH,Possible settlement or posting timing difference,LOW,Compare the AR posting date with the bank settlement date and confirm whether the timing difference is expected.,"The transaction exists once in both sources and the amount, currency, and customer information agree, but the transaction dates do not meet the configured reconciliation tolerance.",HIGH
1930108090,1,1,TRUE,TRUE,TRUE,TRUE,FALSE,FALSE,FALSE,EXCEPTION,Date discrepancy,For Investigation,Possible settlement or posting timing difference,LOW,Compare the AR posting date with the bank settlement date and confirm whether the timing difference is expected.,"The transaction exists once in both sources and the amount, currency, and customer information agree, but the transaction dates do not meet the configured reconciliation tolerance.",HIGH,Possible settlement or posting timing difference,LOW,Compare the AR posting date with the bank settlement date and confirm whether the timing difference is expected.,"The transaction exists once in both sources and the amount, currency, and customer information agree, but the transaction dates do not meet the configured reconciliation tolerance.",HIGH
1929914215,1,1,TRUE,TRUE,TRUE,TRUE,FALSE,FALSE,FALSE,EXCEPTION,Date discrepancy,For Investigation,Possible settlement or posting timing difference,LOW,Compare the AR posting date with the bank settlement date and confirm whether the timing difference is expected.,"The transaction exists once in both sources and the amount, currency, and customer information agree, but the transaction dates do not meet the configured reconciliation tolerance.",HIGH,Possible settlement or posting timing difference,LOW,Compare the AR posting date with the bank settlement date and confirm whether the timing difference is expected.,"The transaction exists once in both sources and the amount, currency, and customer information agree, but the transaction dates do not meet the configured reconciliation tolerance.",HIGH
1929493231,1,1,TRUE,TRUE,TRUE,TRUE,FALSE,FALSE,FALSE,EXCEPTION,Date discrepancy,For Investigation,Possible settlement or posting timing difference,LOW,Compare the AR posting date with the bank settlement date and confirm whether the timing difference is expected.,"The transaction exists once in both sources and the amount, currency, and customer information agree, but the transaction dates do not meet the configured reconciliation tolerance.",HIGH,Possible settlement or posting timing difference,LOW,Compare the AR posting date with the bank settlement date and confirm whether the timing difference is expected.,"The transaction exists once in both sources and the amount, currency, and customer information agree, but the transaction dates do not meet the configured reconciliation tolerance.",HIGH
2960529618,1,1,TRUE,TRUE,TRUE,TRUE,FALSE,FALSE,FALSE,EXCEPTION,Date discrepancy,For Investigation,Possible settlement or posting timing difference,LOW,Compare the AR posting date with the bank settlement date and confirm whether the timing difference is expected.,"The transaction exists once in both sources and the amount, currency, and customer information agree, but the transaction dates do not meet the configured reconciliation tolerance.",HIGH,Possible settlement or posting timing difference,LOW,Compare the AR posting date with the bank settlement date and confirm whether the timing difference is expected.,"The transaction exists once in both sources and the amount, currency, and customer information agree, but the transaction dates do not meet the configured reconciliation tolerance.",HIGH
1928653006,1,1,TRUE,TRUE,TRUE,FALSE,TRUE,FALSE,FALSE,EXCEPTION,Customer discrepancy,For Investigation,Customer discrepancy,LOW,Verify customer information in both sources to identify and resolve the discrepancy.,"The transaction exists in both sources with matching amount, currency, and date, but the customer information does not align, leading to the exception. This could indicate a mismatch in customer details such as name, ID, or account information between the AR and bank records.",HIGH,Customer discrepancy,LOW,Verify customer information in both sources to identify and resolve the discrepancy.,"The transaction exists in both sources with matching amount, currency, and date, but the customer information does not align, leading to the exception. This could indicate a mismatch in customer details such as name, ID, or account information between the AR and bank records.",HIGH
1930559362,1,1,TRUE,TRUE,TRUE,TRUE,FALSE,FALSE,FALSE,EXCEPTION,Date discrepancy,For Investigation,Possible settlement or posting timing difference,LOW,Compare the AR posting date with the bank settlement date and confirm whether the timing difference is expected.,"The transaction exists once in both sources and the amount, currency, and customer information agree, but the transaction dates do not meet the configured reconciliation tolerance.",HIGH,Possible settlement or posting timing difference,LOW,Compare the AR posting date with the bank settlement date and confirm whether the timing difference is expected.,"The transaction exists once in both sources and the amount, currency, and customer information agree, but the transaction dates do not meet the configured reconciliation tolerance.",HIGH
1930009404,1,1,TRUE,TRUE,TRUE,TRUE,FALSE,FALSE,FALSE,EXCEPTION,Date discrepancy,For Investigation,Possible settlement or posting timing difference,LOW,Compare the AR posting date with the bank settlement date and confirm whether the timing difference is expected.,"The transaction exists once in both sources and the amount, currency, and customer information agree, but the transaction dates do not meet the configured reconciliation tolerance.",HIGH,Possible settlement or posting timing difference,LOW,Compare the AR posting date with the bank settlement date and confirm whether the timing difference is expected.,"The transaction exists once in both sources and the amount, currency, and customer information agree, but the transaction dates do not meet the configured reconciliation tolerance.",HIGH
1929491851,1,1,TRUE,TRUE,TRUE,TRUE,FALSE,FALSE,FALSE,EXCEPTION,Date discrepancy,For Investigation,Settlement or posting timing difference,LOW,Compare the AR posting date with the bank settlement date and confirm whether the timing difference is expected.,"The transaction exists once in both sources and the amount, currency, and customer information agree, but the transaction dates do not meet the configured reconciliation tolerance.",HIGH,Settlement or posting timing difference,LOW,Compare the AR posting date with the bank settlement date and confirm whether the timing difference is expected.,"The transaction exists once in both sources and the amount, currency, and customer information agree, but the transaction dates do not meet the configured reconciliation tolerance.",HIGH
2960555327,1,0,FALSE,,,,,FALSE,FALSE,EXCEPTION,Transaction Present in AR Only,For Investigation,Settlement or posting timing difference,LOW,Compare the AR posting date with the bank settlement date and confirm whether the timing difference is expected.,"The transaction exists once in both sources and the amount, currency, and customer information agree, but the transaction dates do not meet the configured reconciliation tolerance.",HIGH,Settlement or posting timing difference,LOW,Compare the AR posting date with the bank settlement date and confirm whether the timing difference is expected.,"The transaction exists once in both sources and the amount, currency, and customer information agree, but the transaction dates do not meet the configured reconciliation tolerance.",HIGH
1930017097,1,1,TRUE,TRUE,TRUE,TRUE,FALSE,FALSE,FALSE,EXCEPTION,Date discrepancy,For Investigation,Possible settlement or posting timing difference,LOW,Compare the AR posting date with the bank settlement date and confirm whether the timing difference is expected.,"The transaction dates do not meet the configured reconciliation tolerance, indicating a potential timing difference between the AR posting and bank settlement dates.",HIGH,Possible settlement or posting timing difference,LOW,Compare the AR posting date with the bank settlement date and confirm whether the timing difference is expected.,"The transaction dates do not meet the configured reconciliation tolerance, indicating a potential timing difference between the AR posting and bank settlement dates.",HIGH
1929231843,1,1,TRUE,TRUE,TRUE,FALSE,FALSE,FALSE,FALSE,EXCEPTION,Customer discrepancy; Date discrepancy,For Investigation,Possible settlement or posting timing difference,LOW,Compare the AR posting date with the bank settlement date and confirm whether the timing difference is expected.,"The transaction exists once in both sources and the amount, currency, and customer information agree, but the transaction dates do not meet the configured reconciliation tolerance.",HIGH,Possible settlement or posting timing difference,LOW,Compare the AR posting date with the bank settlement date and confirm whether the timing difference is expected.,"The transaction exists once in both sources and the amount, currency, and customer information agree, but the transaction dates do not meet the configured reconciliation tolerance.",HIGH
2960566852,1,1,TRUE,FALSE,TRUE,TRUE,FALSE,FALSE,FALSE,EXCEPTION,Amount discrepancy; Date discrepancy,For Investigation,Possible settlement or posting timing difference,LOW,Compare the AR posting date with the bank settlement date and confirm whether the timing difference is expected.,"The transaction exists once in both sources and the amount, currency, and customer information agree, but the transaction dates do not meet the configured reconciliation tolerance.",HIGH,Possible settlement or posting timing difference,LOW,Compare the AR posting date with the bank settlement date and confirm whether the timing difference is expected.,"The transaction exists once in both sources and the amount, currency, and customer information agree, but the transaction dates do not meet the configured reconciliation tolerance.",HIGH
1929451962,2,1,TRUE,,,,,TRUE,FALSE,EXCEPTION,Duplicate AR Entry,For Investigation,Duplicate AR Entry,LOW,Review the AR entries for duplicates and reconcile the duplicate transaction by either removing the redundant entry or adjusting the posting date to match the bank settlement date.,"The transaction exists in both sources with matching amount, currency, and customer information, but the duplicate AR entry caused a discrepancy in the reconciliation process. The system detected two identical entries, leading to the exception.",HIGH,Duplicate AR Entry,LOW,Review the AR entries for duplicates and reconcile the duplicate transaction by either removing the redundant entry or adjusting the posting date to match the bank settlement date.,"The transaction exists in both sources with matching amount, currency, and customer information, but the duplicate AR entry caused a discrepancy in the reconciliation process. The system detected two identical entries, leading to the exception.",HIGH
1929372581,1,1,TRUE,TRUE,TRUE,FALSE,TRUE,FALSE,FALSE,EXCEPTION,Customer discrepancy,For Investigation,Customer data mismatch in source systems,LOW,"Verify customer information (name, ID, account details) in both AR system and bank records to identify discrepancies in customer data fields.","The transaction exists once in both sources with matching amount, currency, and date fields, but the customer information does not align, leading to a customer discrepancy. This suggests inconsistent customer data entries between systems.",HIGH,Customer data mismatch in source systems,LOW,"Verify customer information (name, ID, account details) in both AR system and bank records to identify discrepancies in customer data fields.","The transaction exists once in both sources with matching amount, currency, and date fields, but the customer information does not align, leading to a customer discrepancy. This suggests inconsistent customer data entries between systems.",HIGH
2960556777,1,1,TRUE,TRUE,TRUE,TRUE,FALSE,FALSE,FALSE,EXCEPTION,Date discrepancy,For Investigation,Possible settlement or posting timing difference,LOW,Compare the AR posting date with the bank settlement date and confirm whether the timing difference is expected.,"The transaction exists once in both sources and the amount, currency, and customer information agree, but the transaction dates do not meet the configured reconciliation tolerance.",HIGH,Possible settlement or posting timing difference,LOW,Compare the AR posting date with the bank settlement date and confirm whether the timing difference is expected.,"The transaction exists once in both sources and the amount, currency, and customer information agree, but the transaction dates do not meet the configured reconciliation tolerance.",HIGH
1930193656,1,0,FALSE,,,,,FALSE,FALSE,EXCEPTION,Transaction Present in AR Only,For Investigation,"The transaction was posted in the AR system but not yet settled in the bank account, leading to a timing difference in reconciliation.",LOW,Verify the AR posting date against the bank's settlement date and check if the timing difference is due to delayed settlement or posting.,"The transaction exists in the AR system but is missing from the bank reconciliation, indicating a possible delay in bank settlement or AR posting timing. The dates may not align within the configured tolerance, but the transaction is present in AR.",HIGH,"The transaction was posted in the AR system but not yet settled in the bank account, leading to a timing difference in reconciliation.",LOW,Verify the AR posting date against the bank's settlement date and check if the timing difference is due to delayed settlement or posting.,"The transaction exists in the AR system but is missing from the bank reconciliation, indicating a possible delay in bank settlement or AR posting timing. The dates may not align within the configured tolerance, but the transaction is present in AR.",HIGH
1929814610,1,1,TRUE,TRUE,TRUE,TRUE,FALSE,FALSE,FALSE,EXCEPTION,Date discrepancy,For Investigation,Possible settlement or posting timing difference,LOW,Compare the AR posting date with the bank settlement date and confirm whether the timing difference is expected.,"The transaction exists once in both sources and the amount, currency, and customer information agree, but the transaction dates do not meet the configured reconciliation tolerance.",HIGH,Possible settlement or posting timing difference,LOW,Compare the AR posting date with the bank settlement date and confirm whether the timing difference is expected.,"The transaction exists once in both sources and the amount, currency, and customer information agree, but the transaction dates do not meet the configured reconciliation tolerance.",HIGH
1930072020,1,1,TRUE,TRUE,FALSE,TRUE,TRUE,FALSE,FALSE,EXCEPTION,Currency discrepancy,For Investigation,Currency conversion discrepancy or mismatched currency codes between sources,LOW,"Verify currency codes in both AR records and bank statements, check if currency conversion rates were applied correctly, and confirm multi-currency transaction handling rules.","The transaction exists in both sources with matching amount, customer information, and currency fields, but the currency codes (e.g., USD vs. EUR) do not align, preventing reconciliation.",HIGH,Currency conversion discrepancy or mismatched currency codes between sources,LOW,"Verify currency codes in both AR records and bank statements, check if currency conversion rates were applied correctly, and confirm multi-currency transaction handling rules.","The transaction exists in both sources with matching amount, customer information, and currency fields, but the currency codes (e.g., USD vs. EUR) do not align, preventing reconciliation.",HIGH
1929880958,1,1,TRUE,TRUE,TRUE,TRUE,FALSE,FALSE,FALSE,EXCEPTION,Date discrepancy,For Investigation,Possible settlement or posting timing difference,LOW,Compare the AR posting date with the bank settlement date and confirm whether the timing difference is expected.,"The transaction exists once in both sources and the amount, currency, and customer information agree, but the transaction dates do not meet the configured reconciliation tolerance. This date discrepancy suggests a timing difference between the AR posting and bank settlement dates.",HIGH,Possible settlement or posting timing difference,LOW,Compare the AR posting date with the bank settlement date and confirm whether the timing difference is expected.,"The transaction exists once in both sources and the amount, currency, and customer information agree, but the transaction dates do not meet the configured reconciliation tolerance. This date discrepancy suggests a timing difference between the AR posting and bank settlement dates.",HIGH
1930139023,2,1,TRUE,,,,,TRUE,FALSE,EXCEPTION,Duplicate AR Entry,For Investigation,Duplicate AR Entry,LOW," Investigate the source system to identify why the duplicate AR entry was created. Check for duplicate invoice postings, system errors, or manual entry mistakes. Remove or reconcile the duplicate entry once the root cause is identified.","The transaction exists in both sources with matching amount, currency, and customer details, but the duplicate AR entry caused a reconciliation discrepancy. The dates are not the issue here, as the problem stems from the duplicate rather than a timing difference.",HIGH,Duplicate AR Entry,LOW," Investigate the source system to identify why the duplicate AR entry was created. Check for duplicate invoice postings, system errors, or manual entry mistakes. Remove or reconcile the duplicate entry once the root cause is identified.","The transaction exists in both sources with matching amount, currency, and customer details, but the duplicate AR entry caused a reconciliation discrepancy. The dates are not the issue here, as the problem stems from the duplicate rather than a timing difference.",HIGH
1928646352,1,1,TRUE,TRUE,TRUE,TRUE,FALSE,FALSE,FALSE,EXCEPTION,Date discrepancy,For Investigation,Possible settlement or posting timing difference,LOW,Compare the AR posting date with the bank settlement date and confirm whether the timing difference is expected.,"The transaction exists once in both sources and the amount, currency, and customer information agree, but the transaction dates do not meet the configured reconciliation tolerance.",HIGH,Possible settlement or posting timing difference,LOW,Compare the AR posting date with the bank settlement date and confirm whether the timing difference is expected.,"The transaction exists once in both sources and the amount, currency, and customer information agree, but the transaction dates do not meet the configured reconciliation tolerance.",HIGH
1930561372,1,1,TRUE,TRUE,TRUE,TRUE,FALSE,FALSE,FALSE,EXCEPTION,Date discrepancy,For Investigation,Settlement or posting timing difference,LOW,Compare the AR posting date with the bank settlement date and confirm whether the timing difference is expected.,"The transaction exists in both sources with matching amount, currency, and customer information, but the dates do not meet the configured reconciliation tolerance, indicating a date discrepancy.",HIGH,Settlement or posting timing difference,LOW,Compare the AR posting date with the bank settlement date and confirm whether the timing difference is expected.,"The transaction exists in both sources with matching amount, currency, and customer information, but the dates do not meet the configured reconciliation tolerance, indicating a date discrepancy.",HIGH
2960556282,1,1,TRUE,TRUE,TRUE,TRUE,FALSE,FALSE,FALSE,EXCEPTION,Date discrepancy,For Investigation,Possible settlement or posting timing difference,LOW,Compare the AR posting date with the bank settlement date and confirm whether the timing difference is expected.,"The transaction dates do not meet the configured reconciliation tolerance, indicating a potential date discrepancy between the AR posting and bank settlement dates.",HIGH,Possible settlement or posting timing difference,LOW,Compare the AR posting date with the bank settlement date and confirm whether the timing difference is expected.,"The transaction dates do not meet the configured reconciliation tolerance, indicating a potential date discrepancy between the AR posting and bank settlement dates.",HIGH
1930476498,1,1,TRUE,TRUE,TRUE,FALSE,TRUE,FALSE,FALSE,EXCEPTION,Customer discrepancy,For Investigation,Customer information mismatch between AR and bank records,LOW,"Verify customer details in both AR and bank systems to identify discrepancies in name, ID, or account information.","The transaction exists in both sources with matching amount, currency, and dates, but customer information differs, causing the discrepancy.",HIGH,Customer information mismatch between AR and bank records,LOW,"Verify customer details in both AR and bank systems to identify discrepancies in name, ID, or account information.","The transaction exists in both sources with matching amount, currency, and dates, but customer information differs, causing the discrepancy.",HIGH
1929915776,1,2,TRUE,,,,,FALSE,TRUE,EXCEPTION,Duplicate Bank Entry,For Investigation,Duplicate Bank Entry,LOW,Review the bank entries for duplicates and reconcile the duplicate transaction with the AR system to determine which entry should be retained or corrected.,"The exception arises due to a duplicate bank entry, where the same transaction exists in both the bank and AR systems. The reconciliation failure is caused by the duplicate rather than a date discrepancy, as the transaction details (amount, currency, customer) match but the system detected an inconsistency due to the duplicate entry.",HIGH,Duplicate Bank Entry,LOW,Review the bank entries for duplicates and reconcile the duplicate transaction with the AR system to determine which entry should be retained or corrected.,"The exception arises due to a duplicate bank entry, where the same transaction exists in both the bank and AR systems. The reconciliation failure is caused by the duplicate rather than a date discrepancy, as the transaction details (amount, currency, customer) match but the system detected an inconsistency due to the duplicate entry.",HIGH
1929623536,1,1,TRUE,TRUE,TRUE,TRUE,FALSE,FALSE,FALSE,EXCEPTION,Date discrepancy,For Investigation,Possible settlement or posting timing difference,LOW,Compare the AR posting date with the bank settlement date and confirm whether the timing difference is expected.,"The transaction exists once in both sources and the amount, currency, and customer information agree, but the transaction dates do not meet the configured reconciliation tolerance. This date discrepancy suggests a potential timing difference between the AR posting and bank settlement dates.",HIGH,Possible settlement or posting timing difference,LOW,Compare the AR posting date with the bank settlement date and confirm whether the timing difference is expected.,"The transaction exists once in both sources and the amount, currency, and customer information agree, but the transaction dates do not meet the configured reconciliation tolerance. This date discrepancy suggests a potential timing difference between the AR posting and bank settlement dates.",HIGH
1929151742,1,1,TRUE,FALSE,TRUE,TRUE,FALSE,FALSE,FALSE,EXCEPTION,Amount discrepancy; Date discrepancy,For Investigation,Possible settlement or posting timing difference,LOW,Compare the AR posting date with the bank settlement date and confirm whether the timing difference is expected.,"The transaction exists once in both sources and the amount, currency, and customer information agree, but the transaction dates do not meet the configured reconciliation tolerance.",HIGH,Possible settlement or posting timing difference,LOW,Compare the AR posting date with the bank settlement date and confirm whether the timing difference is expected.,"The transaction exists once in both sources and the amount, currency, and customer information agree, but the transaction dates do not meet the configured reconciliation tolerance.",HIGH
1929908598,2,1,TRUE,,,,,TRUE,FALSE,EXCEPTION,Duplicate AR Entry,For Investigation,Duplicate AR Entry,LOW,Review the AR entries for duplicates and reconcile the duplicate entry with the source system to determine if it was intentionally posted twice or if it's a system error.,"The transaction exists in both sources with matching amount, currency, and customer information, but the duplicate entry caused the reconciliation discrepancy. The duplicate entry likely resulted from a system error, manual input mistake, or duplicate posting.",HIGH,Duplicate AR Entry,LOW,Review the AR entries for duplicates and reconcile the duplicate entry with the source system to determine if it was intentionally posted twice or if it's a system error.,"The transaction exists in both sources with matching amount, currency, and customer information, but the duplicate entry caused the reconciliation discrepancy. The duplicate entry likely resulted from a system error, manual input mistake, or duplicate posting.",HIGH
1929848484,1,1,TRUE,TRUE,TRUE,TRUE,FALSE,FALSE,FALSE,EXCEPTION,Date discrepancy,For Investigation,Possible settlement or posting timing difference,LOW,Compare the AR posting date with the bank settlement date and confirm whether the timing difference is expected.,"The transaction exists once in both sources and the amount, currency, and customer information agree, but the transaction dates do not meet the configured reconciliation tolerance.",HIGH,Possible settlement or posting timing difference,LOW,Compare the AR posting date with the bank settlement date and confirm whether the timing difference is expected.,"The transaction exists once in both sources and the amount, currency, and customer information agree, but the transaction dates do not meet the configured reconciliation tolerance.",HIGH
2960574525,1,1,TRUE,TRUE,TRUE,TRUE,FALSE,FALSE,FALSE,EXCEPTION,Date discrepancy,For Investigation,Possible settlement or posting timing difference,LOW,Compare the AR posting date with the bank settlement date and confirm whether the timing difference is expected.,"The transaction exists once in both sources and the amount, currency, and customer information agree, but the transaction dates do not meet the configured reconciliation tolerance.",HIGH,Possible settlement or posting timing difference,LOW,Compare the AR posting date with the bank settlement date and confirm whether the timing difference is expected.,"The transaction exists once in both sources and the amount, currency, and customer information agree, but the transaction dates do not meet the configured reconciliation tolerance.",HIGH
1929910758,1,1,TRUE,TRUE,FALSE,TRUE,FALSE,FALSE,FALSE,EXCEPTION,Currency discrepancy; Date discrepancy,For Investigation,Possible currency conversion timing difference or settlement timing difference,LOW,Verify the currency conversion dates and compare the AR posting date with the bank settlement date to assess if the discrepancies are due to timing differences or data entry errors.,"The transaction exists once in both sources, but the currency and dates do not meet the configured reconciliation tolerance. The currency discrepancy may indicate a conversion error or mismatch, while the date discrepancy could stem from settlement/posting timing differences.",HIGH,Possible currency conversion timing difference or settlement timing difference,LOW,Verify the currency conversion dates and compare the AR posting date with the bank settlement date to assess if the discrepancies are due to timing differences or data entry errors.,"The transaction exists once in both sources, but the currency and dates do not meet the configured reconciliation tolerance. The currency discrepancy may indicate a conversion error or mismatch, while the date discrepancy could stem from settlement/posting timing differences.",HIGH
1929844920,1,1,TRUE,FALSE,TRUE,TRUE,TRUE,FALSE,FALSE,EXCEPTION,Amount discrepancy,For Investigation,Possible amount discrepancy due to data entry error or rounding difference,LOW,"Compare the amounts in both sources and verify for any data entry errors, rounding differences, or currency conversion issues","The transaction exists once in both sources and the currency, customer information, and dates agree, but the amounts differ, indicating a potential data entry error or rounding difference",HIGH,Possible amount discrepancy due to data entry error or rounding difference,LOW,"Compare the amounts in both sources and verify for any data entry errors, rounding differences, or currency conversion issues","The transaction exists once in both sources and the currency, customer information, and dates agree, but the amounts differ, indicating a potential data entry error or rounding difference",HIGH
1930240359,1,1,TRUE,TRUE,TRUE,TRUE,FALSE,FALSE,FALSE,EXCEPTION,Date discrepancy,For Investigation,Possible settlement or posting timing difference,LOW,Compare the AR posting date with the bank settlement date and confirm whether the timing difference is expected.,"The transaction exists once in both sources and the amount, currency, and customer information agree, but the transaction dates do not meet the configured reconciliation tolerance.",HIGH,Possible settlement or posting timing difference,LOW,Compare the AR posting date with the bank settlement date and confirm whether the timing difference is expected.,"The transaction exists once in both sources and the amount, currency, and customer information agree, but the transaction dates do not meet the configured reconciliation tolerance.",HIGH
1930186175,1,1,TRUE,TRUE,TRUE,TRUE,FALSE,FALSE,FALSE,EXCEPTION,Date discrepancy,For Investigation,Possible settlement or posting timing difference,LOW,Compare the AR posting date with the bank settlement date and confirm whether the timing difference is expected.,"The transaction exists once in both sources and the amount, currency, and customer information agree, but the transaction dates do not meet the configured reconciliation tolerance.",HIGH,Possible settlement or posting timing difference,LOW,Compare the AR posting date with the bank settlement date and confirm whether the timing difference is expected.,"The transaction exists once in both sources and the amount, currency, and customer information agree, but the transaction dates do not meet the configured reconciliation tolerance.",HIGH
1929823883,1,1,TRUE,TRUE,TRUE,TRUE,FALSE,FALSE,FALSE,EXCEPTION,Date discrepancy,For Investigation,Possible settlement or posting timing difference,LOW,Compare the AR posting date with the bank settlement date and confirm whether the timing difference is expected.,"The transaction exists once in both sources and the amount, currency, and customer information agree, but the transaction dates do not meet the configured reconciliation tolerance.",HIGH,Possible settlement or posting timing difference,LOW,Compare the AR posting date with the bank settlement date and confirm whether the timing difference is expected.,"The transaction exists once in both sources and the amount, currency, and customer information agree, but the transaction dates do not meet the configured reconciliation tolerance.",HIGH
1991838882,1,1,TRUE,TRUE,TRUE,TRUE,FALSE,FALSE,FALSE,EXCEPTION,Date discrepancy,For Investigation,Possible settlement or posting timing difference,LOW,Compare the AR posting date with the bank settlement date and confirm whether the timing difference is expected.,"The transaction exists once in both sources and the amount, currency, and customer information agree, but the transaction dates do not meet the configured reconciliation tolerance.",HIGH,Possible settlement or posting timing difference,LOW,Compare the AR posting date with the bank settlement date and confirm whether the timing difference is expected.,"The transaction exists once in both sources and the amount, currency, and customer information agree, but the transaction dates do not meet the configured reconciliation tolerance.",HIGH
1929907825,1,1,TRUE,TRUE,TRUE,TRUE,FALSE,FALSE,FALSE,EXCEPTION,Date discrepancy,For Investigation,Possible settlement or posting timing difference,LOW,Compare the AR posting date with the bank settlement date and confirm whether the timing difference is expected.,"The transaction exists once in both sources and the amount, currency, and customer information agree, but the transaction dates do not meet the configured reconciliation tolerance.",HIGH,Possible settlement or posting timing difference,LOW,Compare the AR posting date with the bank settlement date and confirm whether the timing difference is expected.,"The transaction exists once in both sources and the amount, currency, and customer information agree, but the transaction dates do not meet the configured reconciliation tolerance.",HIGH
1928543308,1,1,TRUE,TRUE,FALSE,TRUE,FALSE,FALSE,FALSE,EXCEPTION,Currency discrepancy; Date discrepancy,For Investigation,Possible currency conversion discrepancy and settlement or posting timing difference,LOW,Check the currency conversion rates and compare the AR posting date with the bank settlement date to confirm timing differences,"The transaction exists once in both sources, but there is a currency discrepancy and a date discrepancy, with the dates not meeting the configured reconciliation tolerance.",HIGH,Possible currency conversion discrepancy and settlement or posting timing difference,LOW,Check the currency conversion rates and compare the AR posting date with the bank settlement date to confirm timing differences,"The transaction exists once in both sources, but there is a currency discrepancy and a date discrepancy, with the dates not meeting the configured reconciliation tolerance.",HIGH
1930200152,2,1,TRUE,,,,,TRUE,FALSE,EXCEPTION,Duplicate AR Entry,For Investigation,Duplicate AR Entry,LOW,"Investigate the source systems to identify and resolve the duplicate AR entry, ensuring only one entry is processed for reconciliation.","The transaction exists in both sources with matching amounts, currency, and customer information, but the duplicate entry caused the reconciliation exception. The duplicate entry likely originated from a duplicate posting or data ingestion error.",HIGH,Duplicate AR Entry,LOW,"Investigate the source systems to identify and resolve the duplicate AR entry, ensuring only one entry is processed for reconciliation.","The transaction exists in both sources with matching amounts, currency, and customer information, but the duplicate entry caused the reconciliation exception. The duplicate entry likely originated from a duplicate posting or data ingestion error.",HIGH
1928563956,1,1,TRUE,TRUE,TRUE,FALSE,TRUE,FALSE,FALSE,EXCEPTION,Customer discrepancy,For Investigation,Customer information mismatch between sources,LOW,"Verify customer details (e.g., name, account number) in both AR and bank records to resolve discrepancy","The transaction exists once in both sources with matching amount, currency, and dates, but customer information does not align, leading to a customer discrepancy. Confirm if the customer details are correctly recorded in both systems.",HIGH,Customer information mismatch between sources,LOW,"Verify customer details (e.g., name, account number) in both AR and bank records to resolve discrepancy","The transaction exists once in both sources with matching amount, currency, and dates, but customer information does not align, leading to a customer discrepancy. Confirm if the customer details are correctly recorded in both systems.",HIGH
1930510198,1,0,FALSE,,,,,FALSE,FALSE,EXCEPTION,Transaction Present in AR Only,For Investigation,Possible settlement or posting timing difference,LOW,Compare the AR posting date with the bank settlement date and confirm whether the timing difference is expected.,"The transaction exists once in both sources and the amount, currency, and customer information agree, but the transaction dates do not meet the configured reconciliation tolerance.",HIGH,Possible settlement or posting timing difference,LOW,Compare the AR posting date with the bank settlement date and confirm whether the timing difference is expected.,"The transaction exists once in both sources and the amount, currency, and customer information agree, but the transaction dates do not meet the configured reconciliation tolerance.",HIGH
1928833207,1,1,TRUE,TRUE,TRUE,TRUE,FALSE,FALSE,FALSE,EXCEPTION,Date discrepancy,For Investigation,Settlement or posting timing difference,LOW,Compare the AR posting date with the bank settlement date and confirm whether the timing difference is expected.,"The transaction exists once in both sources and the amount, currency, and customer information agree, but the transaction dates do not meet the configured reconciliation tolerance.",HIGH,Settlement or posting timing difference,LOW,Compare the AR posting date with the bank settlement date and confirm whether the timing difference is expected.,"The transaction exists once in both sources and the amount, currency, and customer information agree, but the transaction dates do not meet the configured reconciliation tolerance.",HIGH
1929250183,1,1,TRUE,TRUE,FALSE,TRUE,TRUE,FALSE,FALSE,EXCEPTION,Currency discrepancy,For Investigation,Currency mismatch between AR posting and bank settlement,LOW,Verify the currency codes in both the AR posting and bank settlement records and ensure they align with the configured currency settings.,"The transaction exists once in both sources and the amount, currency, and customer information agree, but the currency discrepancy prevents reconciliation despite matching other details.",HIGH,Currency mismatch between AR posting and bank settlement,LOW,Verify the currency codes in both the AR posting and bank settlement records and ensure they align with the configured currency settings.,"The transaction exists once in both sources and the amount, currency, and customer information agree, but the currency discrepancy prevents reconciliation despite matching other details.",HIGH
1929383019,1,1,TRUE,TRUE,FALSE,TRUE,TRUE,FALSE,FALSE,EXCEPTION,Currency discrepancy,For Investigation,Currency code mismatch between AR and bank records,LOW,Verify the currency codes in both the AR and bank records to ensure they match and investigate any exchange rate differences,"The transaction exists once in both sources and the amount, currency, and customer information agree, but there is a currency discrepancy between the records",HIGH,Currency code mismatch between AR and bank records,LOW,Verify the currency codes in both the AR and bank records to ensure they match and investigate any exchange rate differences,"The transaction exists once in both sources and the amount, currency, and customer information agree, but there is a currency discrepancy between the records",HIGH
1928933553,1,1,TRUE,TRUE,TRUE,TRUE,FALSE,FALSE,FALSE,EXCEPTION,Date discrepancy,For Investigation,Possible settlement or posting timing difference,LOW,Compare the AR posting date with the bank settlement date and confirm whether the timing difference is expected.,"The transaction exists once in both sources and the amount, currency, and customer information agree, but the transaction dates do not meet the configured reconciliation tolerance.",HIGH,Possible settlement or posting timing difference,LOW,Compare the AR posting date with the bank settlement date and confirm whether the timing difference is expected.,"The transaction exists once in both sources and the amount, currency, and customer information agree, but the transaction dates do not meet the configured reconciliation tolerance.",HIGH
1991831901,1,1,TRUE,FALSE,TRUE,TRUE,FALSE,FALSE,FALSE,EXCEPTION,Amount discrepancy; Date discrepancy,For Investigation,Possible settlement or posting timing difference,LOW,Compare the AR posting date with the bank settlement date and confirm whether the timing difference is expected.,"The transaction exists once in both sources with matching amount, currency, and customer information, but the transaction dates do not meet the configured reconciliation tolerance. This suggests a potential timing difference between AR posting and bank settlement dates.",HIGH,Possible settlement or posting timing difference,LOW,Compare the AR posting date with the bank settlement date and confirm whether the timing difference is expected.,"The transaction exists once in both sources with matching amount, currency, and customer information, but the transaction dates do not meet the configured reconciliation tolerance. This suggests a potential timing difference between AR posting and bank settlement dates.",HIGH
1929365571,1,1,TRUE,FALSE,TRUE,TRUE,FALSE,FALSE,FALSE,EXCEPTION,Amount discrepancy; Date discrepancy,For Investigation,Possible settlement or posting timing difference,LOW,Compare the AR posting date with the bank settlement date and confirm whether the timing difference is expected.,"The transaction exists once in both sources and the amount, currency, and customer information agree, but the transaction dates do not meet the configured reconciliation tolerance.",HIGH,Possible settlement or posting timing difference,LOW,Compare the AR posting date with the bank settlement date and confirm whether the timing difference is expected.,"The transaction exists once in both sources and the amount, currency, and customer information agree, but the transaction dates do not meet the configured reconciliation tolerance.",HIGH
2960520385,1,1,TRUE,FALSE,TRUE,TRUE,FALSE,FALSE,FALSE,EXCEPTION,Amount discrepancy; Date discrepancy,For Investigation,Possible settlement or posting timing difference,LOW,Compare the AR posting date with the bank settlement date and confirm whether the timing difference is expected. Investigate the amount discrepancy to verify data accuracy.,"The transaction exists once in both sources and the amount, currency, and customer information agree, but the transaction dates do not meet the configured reconciliation tolerance. Additionally, an amount discrepancy exists, requiring verification of data entry or system synchronization.",HIGH,Possible settlement or posting timing difference,LOW,Compare the AR posting date with the bank settlement date and confirm whether the timing difference is expected. Investigate the amount discrepancy to verify data accuracy.,"The transaction exists once in both sources and the amount, currency, and customer information agree, but the transaction dates do not meet the configured reconciliation tolerance. Additionally, an amount discrepancy exists, requiring verification of data entry or system synchronization.",HIGH
1929800858,1,1,TRUE,TRUE,FALSE,TRUE,FALSE,FALSE,FALSE,EXCEPTION,Currency discrepancy; Date discrepancy,For Investigation,Possible currency conversion error and settlement timing difference,LOW,Verify the currency codes in both sources and compare the AR posting date with the bank settlement date to confirm if the timing difference is expected. Check for currency conversion rates applied during reconciliation.,"The transaction exists once in both sources, with matching amount, customer information, and currency codes. However, the date discrepancy exceeds the configured tolerance, and the currency discrepancy suggests potential conversion errors or mismatched currency codes between systems.",HIGH,Possible currency conversion error and settlement timing difference,LOW,Verify the currency codes in both sources and compare the AR posting date with the bank settlement date to confirm if the timing difference is expected. Check for currency conversion rates applied during reconciliation.,"The transaction exists once in both sources, with matching amount, customer information, and currency codes. However, the date discrepancy exceeds the configured tolerance, and the currency discrepancy suggests potential conversion errors or mismatched currency codes between systems.",HIGH
1929872741,1,1,TRUE,TRUE,FALSE,TRUE,TRUE,FALSE,FALSE,EXCEPTION,Currency discrepancy,For Investigation,Currency code mismatch between AR and bank records,LOW,Verify currency codes in both AR and bank records and reconcile discrepancies,"The transaction exists in both sources with matching amount, customer information, and currency codes, but the currency discrepancy prevents reconciliation.",HIGH,Currency code mismatch between AR and bank records,LOW,Verify currency codes in both AR and bank records and reconcile discrepancies,"The transaction exists in both sources with matching amount, customer information, and currency codes, but the currency discrepancy prevents reconciliation.",HIGH
1990568549,1,2,TRUE,,,,,FALSE,TRUE,EXCEPTION,Duplicate Bank Entry,For Investigation,Duplicate Bank Entry,LOW,"Review the bank entries to identify and resolve the duplicate transaction, ensuring only one instance is retained in the reconciliation process.","The transaction appears twice in the bank records but only once in the source system, leading to a duplicate entry. This duplication causes the reconciliation system to flag the entry as an exception, even though the single instance matches all other details.",HIGH,Duplicate Bank Entry,LOW,"Review the bank entries to identify and resolve the duplicate transaction, ensuring only one instance is retained in the reconciliation process.","The transaction appears twice in the bank records but only once in the source system, leading to a duplicate entry. This duplication causes the reconciliation system to flag the entry as an exception, even though the single instance matches all other details.",HIGH
1930010191,1,1,TRUE,TRUE,TRUE,TRUE,FALSE,FALSE,FALSE,EXCEPTION,Date discrepancy,For Investigation,Possible settlement or posting timing difference,LOW,Compare the AR posting date with the bank settlement date and confirm whether the timing difference is expected.,"The transaction exists once in both sources and the amount, currency, and customer information agree, but the transaction dates do not meet the configured reconciliation tolerance.",HIGH,Possible settlement or posting timing difference,LOW,Compare the AR posting date with the bank settlement date and confirm whether the timing difference is expected.,"The transaction exists once in both sources and the amount, currency, and customer information agree, but the transaction dates do not meet the configured reconciliation tolerance.",HIGH
1928749886,1,1,TRUE,TRUE,TRUE,FALSE,FALSE,FALSE,FALSE,EXCEPTION,Customer discrepancy; Date discrepancy,For Investigation,Possible settlement or posting timing difference,LOW,Compare the AR posting date with the bank settlement date and confirm whether the timing difference is expected.,"The transaction exists once in both sources and the amount, currency, and customer information agree, but the transaction dates do not meet the configured reconciliation tolerance.",HIGH,Possible settlement or posting timing difference,LOW,Compare the AR posting date with the bank settlement date and confirm whether the timing difference is expected.,"The transaction exists once in both sources and the amount, currency, and customer information agree, but the transaction dates do not meet the configured reconciliation tolerance.",HIGH
1929716316,1,0,FALSE,,,,,FALSE,FALSE,EXCEPTION,Transaction Present in AR Only,For Investigation,Possible settlement or posting timing difference where the bank has not yet settled the transaction.,LOW,Verify if the bank has not yet settled the transaction and check the AR posting date against the expected bank settlement date.,"The transaction exists in AR but is missing in the bank system, indicating a potential timing difference in settlement or posting processes.",HIGH,Possible settlement or posting timing difference where the bank has not yet settled the transaction.,LOW,Verify if the bank has not yet settled the transaction and check the AR posting date against the expected bank settlement date.,"The transaction exists in AR but is missing in the bank system, indicating a potential timing difference in settlement or posting processes.",HIGH
1929486974,1,1,TRUE,TRUE,TRUE,TRUE,FALSE,FALSE,FALSE,EXCEPTION,Date discrepancy,For Investigation,Possible settlement or posting timing difference,LOW,Compare the AR posting date with the bank settlement date and confirm whether the timing difference is expected.,"The transaction exists once in both sources and the amount, currency, and customer information agree, but the transaction dates do not meet the configured reconciliation tolerance.",HIGH,Possible settlement or posting timing difference,LOW,Compare the AR posting date with the bank settlement date and confirm whether the timing difference is expected.,"The transaction exists once in both sources and the amount, currency, and customer information agree, but the transaction dates do not meet the configured reconciliation tolerance.",HIGH
2960554983,1,1,TRUE,FALSE,TRUE,TRUE,TRUE,FALSE,FALSE,EXCEPTION,Amount discrepancy,For Investigation,Data entry error or currency conversion discrepancy,LOW,Verify the amounts in both sources for data entry errors or currency conversion mismatches. Check exchange rates if the transaction involves multiple currencies.,The transaction exists in both sources with matching customer information but differs in amount. The discrepancy likely stems from an error in entering the amount or a mismatch in currency conversion rates between systems.,HIGH,Data entry error or currency conversion discrepancy,LOW,Verify the amounts in both sources for data entry errors or currency conversion mismatches. Check exchange rates if the transaction involves multiple currencies.,The transaction exists in both sources with matching customer information but differs in amount. The discrepancy likely stems from an error in entering the amount or a mismatch in currency conversion rates between systems.,HIGH
1929225706,1,1,TRUE,TRUE,TRUE,TRUE,FALSE,FALSE,FALSE,EXCEPTION,Date discrepancy,For Investigation,Possible settlement or posting timing difference,LOW,Compare the AR posting date with the bank settlement date and confirm whether the timing difference is expected.,"The transaction exists once in both sources and the amount, currency, and customer information agree, but the transaction dates do not meet the configured reconciliation tolerance.",HIGH,Possible settlement or posting timing difference,LOW,Compare the AR posting date with the bank settlement date and confirm whether the timing difference is expected.,"The transaction exists once in both sources and the amount, currency, and customer information agree, but the transaction dates do not meet the configured reconciliation tolerance.",HIGH
1929938615,2,1,TRUE,,,,,TRUE,FALSE,EXCEPTION,Duplicate AR Entry,For Investigation,Duplicate AR Entry,LOW,Verify the AR system for duplicate entries and investigate why the same transaction was posted twice. Ensure reconciliation rules account for duplicate entries.,"The transaction exists in both sources with matching amount, currency, and customer details, but the duplicate AR entry causes a reconciliation conflict. The system detected two identical entries for the same transaction.",HIGH,Duplicate AR Entry,LOW,Verify the AR system for duplicate entries and investigate why the same transaction was posted twice. Ensure reconciliation rules account for duplicate entries.,"The transaction exists in both sources with matching amount, currency, and customer details, but the duplicate AR entry causes a reconciliation conflict. The system detected two identical entries for the same transaction.",HIGH
1929059553,1,2,TRUE,,,,,FALSE,TRUE,EXCEPTION,Duplicate Bank Entry,For Investigation,Duplicate Bank Entry,LOW,"Review the bank statement and source system for duplicate entries, and reconcile by removing or adjusting the duplicate transaction. Implement checks to prevent future duplicates.","The transaction appears twice in the bank system but only once in the source system, causing a duplicate entry mismatch. The duplicate entry in the bank system is the root cause, despite matching amounts, currency, and customer details.",HIGH,Duplicate Bank Entry,LOW,"Review the bank statement and source system for duplicate entries, and reconcile by removing or adjusting the duplicate transaction. Implement checks to prevent future duplicates.","The transaction appears twice in the bank system but only once in the source system, causing a duplicate entry mismatch. The duplicate entry in the bank system is the root cause, despite matching amounts, currency, and customer details.",HIGH
1928902032,1,1,TRUE,TRUE,TRUE,TRUE,FALSE,FALSE,FALSE,EXCEPTION,Date discrepancy,For Investigation,Possible settlement or posting timing difference,LOW,Compare the AR posting date with the bank settlement date and confirm whether the timing difference is expected.,"The transaction exists once in both sources and the amount, currency, and customer information agree, but the transaction dates do not meet the configured reconciliation tolerance.",HIGH,Possible settlement or posting timing difference,LOW,Compare the AR posting date with the bank settlement date and confirm whether the timing difference is expected.,"The transaction exists once in both sources and the amount, currency, and customer information agree, but the transaction dates do not meet the configured reconciliation tolerance.",HIGH
1930028092,1,1,TRUE,TRUE,TRUE,TRUE,FALSE,FALSE,FALSE,EXCEPTION,Date discrepancy,For Investigation,Possible settlement or posting timing difference,LOW,Compare the AR posting date with the bank settlement date and confirm whether the timing difference is expected.,"The transaction exists once in both sources and the amount, currency, and customer information agree, but the transaction dates do not meet the configured reconciliation tolerance.",HIGH,Possible settlement or posting timing difference,LOW,Compare the AR posting date with the bank settlement date and confirm whether the timing difference is expected.,"The transaction exists once in both sources and the amount, currency, and customer information agree, but the transaction dates do not meet the configured reconciliation tolerance.",HIGH
1930475204,1,2,TRUE,,,,,FALSE,TRUE,EXCEPTION,Duplicate Bank Entry,For Investigation,Duplicate Bank Entry,LOW,Verify the bank reconciliation file for duplicate entries and remove the redundant transaction from the bank statement or AR system.,"The transaction appears twice in the bank reconciliation file but only once in the AR system, indicating a duplicate bank entry that caused the mismatch. The duplicate entry in the bank system is likely the source of the discrepancy.",HIGH,Duplicate Bank Entry,LOW,Verify the bank reconciliation file for duplicate entries and remove the redundant transaction from the bank statement or AR system.,"The transaction appears twice in the bank reconciliation file but only once in the AR system, indicating a duplicate bank entry that caused the mismatch. The duplicate entry in the bank system is likely the source of the discrepancy.",HIGH
1930013113,1,1,TRUE,TRUE,TRUE,TRUE,FALSE,FALSE,FALSE,EXCEPTION,Date discrepancy,For Investigation,Possible settlement or posting timing difference,LOW,Compare the AR posting date with the bank settlement date and confirm whether the timing difference is expected.,"The transaction exists once in both sources and the amount, currency, and customer information agree, but the transaction dates do not meet the configured reconciliation tolerance.",HIGH,Possible settlement or posting timing difference,LOW,Compare the AR posting date with the bank settlement date and confirm whether the timing difference is expected.,"The transaction exists once in both sources and the amount, currency, and customer information agree, but the transaction dates do not meet the configured reconciliation tolerance.",HIGH
1930311125,1,1,TRUE,FALSE,TRUE,TRUE,FALSE,FALSE,FALSE,EXCEPTION,Amount discrepancy; Date discrepancy,For Investigation,Possible settlement or posting timing difference,LOW,Compare the AR posting date with the bank settlement date and confirm whether the timing difference is expected.,"The transaction exists once in both sources and the amount, currency, and customer information agree, but the transaction dates do not meet the configured reconciliation tolerance.",HIGH,Possible settlement or posting timing difference,LOW,Compare the AR posting date with the bank settlement date and confirm whether the timing difference is expected.,"The transaction exists once in both sources and the amount, currency, and customer information agree, but the transaction dates do not meet the configured reconciliation tolerance.",HIGH
1929408263,1,1,TRUE,TRUE,TRUE,FALSE,FALSE,FALSE,FALSE,EXCEPTION,Customer discrepancy; Date discrepancy,For Investigation,Possible settlement or posting timing difference,LOW,Compare the AR posting date with the bank settlement date and confirm whether the timing difference is expected.,"The transaction exists once in both sources and the amount, currency, and customer information agree, but the transaction dates do not meet the configured reconciliation tolerance.",HIGH,Possible settlement or posting timing difference,LOW,Compare the AR posting date with the bank settlement date and confirm whether the timing difference is expected.,"The transaction exists once in both sources and the amount, currency, and customer information agree, but the transaction dates do not meet the configured reconciliation tolerance.",HIGH
1929644508,1,0,FALSE,,,,,FALSE,FALSE,EXCEPTION,Transaction Present in AR Only,For Investigation,Settlement or posting timing difference,LOW,Compare the AR posting date with the bank settlement date and confirm whether the timing difference is expected.,"The transaction exists in AR but is missing in the bank, indicating a possible timing difference between AR posting and bank settlement. The dates do not meet the configured reconciliation tolerance, but the transaction details (amount, currency, customer) match.",HIGH,Settlement or posting timing difference,LOW,Compare the AR posting date with the bank settlement date and confirm whether the timing difference is expected.,"The transaction exists in AR but is missing in the bank, indicating a possible timing difference between AR posting and bank settlement. The dates do not meet the configured reconciliation tolerance, but the transaction details (amount, currency, customer) match.",HIGH
1928638856,1,0,FALSE,,,,,FALSE,FALSE,EXCEPTION,Transaction Present in AR Only,For Investigation,Settlement or posting timing difference,LOW,Compare the AR posting date with the bank settlement date and confirm whether the timing difference is expected.,"The transaction exists in AR but is missing from the bank reconciliation, indicating a potential timing difference between posting and settlement dates.",HIGH,Settlement or posting timing difference,LOW,Compare the AR posting date with the bank settlement date and confirm whether the timing difference is expected.,"The transaction exists in AR but is missing from the bank reconciliation, indicating a potential timing difference between posting and settlement dates.",HIGH
1929018449,1,1,TRUE,TRUE,TRUE,TRUE,FALSE,FALSE,FALSE,EXCEPTION,Date discrepancy,For Investigation,Settlement date vs. AR posting date timing difference,LOW,Compare the AR posting date with the bank settlement date and confirm whether the timing difference is expected.,"The transaction exists once in both sources and the amount, currency, and customer information agree, but the transaction dates do not meet the configured reconciliation tolerance.",HIGH,Settlement date vs. AR posting date timing difference,LOW,Compare the AR posting date with the bank settlement date and confirm whether the timing difference is expected.,"The transaction exists once in both sources and the amount, currency, and customer information agree, but the transaction dates do not meet the configured reconciliation tolerance.",HIGH
1930453919,1,1,TRUE,TRUE,TRUE,FALSE,TRUE,FALSE,FALSE,EXCEPTION,Customer discrepancy,For Investigation,Customer information mismatch between AR and bank records,LOW,"Verify customer details (e.g., name, ID, address) in both AR and bank records to identify discrepancies.","The transaction exists once in both sources with matching amount, currency, and customer information, but customer details do not align, causing the discrepancy.",HIGH,Customer information mismatch between AR and bank records,LOW,"Verify customer details (e.g., name, ID, address) in both AR and bank records to identify discrepancies.","The transaction exists once in both sources with matching amount, currency, and customer information, but customer details do not align, causing the discrepancy.",HIGH
1928942623,1,1,TRUE,TRUE,FALSE,TRUE,TRUE,FALSE,FALSE,EXCEPTION,Currency discrepancy,For Investigation,Currency code mismatch or conversion rate discrepancy,LOW,Verify the currency codes in both sources and check for any conversion rate discrepancies between the systems.,"The transaction exists in both sources with matching amount, customer information, and other details, but the currency fields may contain conflicting codes (e.g., USD vs. EUR) or inconsistent conversion rates, leading to the currency discrepancy exception.",HIGH,Currency code mismatch or conversion rate discrepancy,LOW,Verify the currency codes in both sources and check for any conversion rate discrepancies between the systems.,"The transaction exists in both sources with matching amount, customer information, and other details, but the currency fields may contain conflicting codes (e.g., USD vs. EUR) or inconsistent conversion rates, leading to the currency discrepancy exception.",HIGH
1930070962,1,1,TRUE,TRUE,TRUE,TRUE,FALSE,FALSE,FALSE,EXCEPTION,Date discrepancy,For Investigation,Possible settlement or posting timing difference,LOW,Compare the AR posting date with the bank settlement date and confirm whether the timing difference is expected.,"The transaction exists once in both sources and the amount, currency, and customer information agree, but the transaction dates do not meet the configured reconciliation tolerance.",HIGH,Possible settlement or posting timing difference,LOW,Compare the AR posting date with the bank settlement date and confirm whether the timing difference is expected.,"The transaction exists once in both sources and the amount, currency, and customer information agree, but the transaction dates do not meet the configured reconciliation tolerance.",HIGH
1930542513,1,1,TRUE,TRUE,TRUE,TRUE,FALSE,FALSE,FALSE,EXCEPTION,Date discrepancy,For Investigation,Possible settlement or posting timing difference,LOW,Compare the AR posting date with the bank settlement date and confirm whether the timing difference is expected.,"The transaction exists once in both sources and the amount, currency, and customer information agree, but the transaction dates do not meet the configured reconciliation tolerance.",HIGH,Possible settlement or posting timing difference,LOW,Compare the AR posting date with the bank settlement date and confirm whether the timing difference is expected.,"The transaction exists once in both sources and the amount, currency, and customer information agree, but the transaction dates do not meet the configured reconciliation tolerance.",HIGH
1929265465,1,1,TRUE,TRUE,TRUE,TRUE,FALSE,FALSE,FALSE,EXCEPTION,Date discrepancy,For Investigation,Possible settlement or posting timing difference,LOW,Compare the AR posting date with the bank settlement date and confirm whether the timing difference is expected.,"The transaction exists once in both sources and the amount, currency, and customer information agree, but the transaction dates do not meet the configured reconciliation tolerance.",HIGH,Possible settlement or posting timing difference,LOW,Compare the AR posting date with the bank settlement date and confirm whether the timing difference is expected.,"The transaction exists once in both sources and the amount, currency, and customer information agree, but the transaction dates do not meet the configured reconciliation tolerance.",HIGH
1929655524,1,0,FALSE,,,,,FALSE,FALSE,EXCEPTION,Transaction Present in AR Only,For Investigation,Settlement or posting timing difference,LOW,Compare the AR posting date with the bank settlement date and confirm whether the timing difference is expected.,"The transaction is present in AR but missing in the bank, indicating a potential timing difference between AR posting and bank settlement. While amount, currency, and customer details align, the absence of the transaction in the bank system suggests asynchronous processing or delayed settlement.",HIGH,Settlement or posting timing difference,LOW,Compare the AR posting date with the bank settlement date and confirm whether the timing difference is expected.,"The transaction is present in AR but missing in the bank, indicating a potential timing difference between AR posting and bank settlement. While amount, currency, and customer details align, the absence of the transaction in the bank system suggests asynchronous processing or delayed settlement.",HIGH
1928879113,1,1,TRUE,TRUE,TRUE,TRUE,FALSE,FALSE,FALSE,EXCEPTION,Date discrepancy,For Investigation,Possible settlement or posting timing difference,LOW,Compare the AR posting date with the bank settlement date and confirm whether the timing difference is expected.,"The transaction exists once in both sources and the amount, currency, and customer information agree, but the transaction dates do not meet the configured reconciliation tolerance.",HIGH,Possible settlement or posting timing difference,LOW,Compare the AR posting date with the bank settlement date and confirm whether the timing difference is expected.,"The transaction exists once in both sources and the amount, currency, and customer information agree, but the transaction dates do not meet the configured reconciliation tolerance.",HIGH
1929608922,1,0,FALSE,,,,,FALSE,FALSE,EXCEPTION,Transaction Present in AR Only,For Investigation,Transaction Present in AR Only,LOW,Verify if the transaction was posted in AR before the corresponding bank settlement date and confirm if the timing difference is expected due to asynchronous posting/settlement processes.,"The transaction exists in AR but is missing in the bank reconciliation source. This indicates the transaction may have been posted to AR prior to the bank settlement date, leading to a timing difference where the transaction has not yet cleared the bank account.",HIGH,Transaction Present in AR Only,LOW,Verify if the transaction was posted in AR before the corresponding bank settlement date and confirm if the timing difference is expected due to asynchronous posting/settlement processes.,"The transaction exists in AR but is missing in the bank reconciliation source. This indicates the transaction may have been posted to AR prior to the bank settlement date, leading to a timing difference where the transaction has not yet cleared the bank account.",HIGH
1929284376,1,1,TRUE,TRUE,TRUE,TRUE,FALSE,FALSE,FALSE,EXCEPTION,Date discrepancy,For Investigation,Possible settlement or posting timing difference,LOW,Compare the AR posting date with the bank settlement date and confirm whether the timing difference is expected.,"The transaction exists once in both sources and the amount, currency, and customer information agree, but the transaction dates do not meet the configured reconciliation tolerance.",HIGH,Possible settlement or posting timing difference,LOW,Compare the AR posting date with the bank settlement date and confirm whether the timing difference is expected.,"The transaction exists once in both sources and the amount, currency, and customer information agree, but the transaction dates do not meet the configured reconciliation tolerance.",HIGH
1930530123,1,1,TRUE,TRUE,TRUE,TRUE,FALSE,FALSE,FALSE,EXCEPTION,Date discrepancy,For Investigation,Possible settlement or posting timing difference,LOW,Compare the AR posting date with the bank settlement date and confirm whether the timing difference is expected.,"The transaction exists once in both sources and the amount, currency, and customer information agree, but the transaction dates do not meet the configured reconciliation tolerance.",HIGH,Possible settlement or posting timing difference,LOW,Compare the AR posting date with the bank settlement date and confirm whether the timing difference is expected.,"The transaction exists once in both sources and the amount, currency, and customer information agree, but the transaction dates do not meet the configured reconciliation tolerance.",HIGH
1929059764,1,2,TRUE,,,,,FALSE,TRUE,EXCEPTION,Duplicate Bank Entry,For Investigation,Duplicate Bank Entry,LOW,Review the bank entries to identify and remove the duplicate transaction. Verify which entry is the correct one and update the reconciliation accordingly.,"The transaction exists once in both sources and matches in amount, currency, and customer information. However, the duplicate bank entry caused the system to register two instances, leading to the exception despite the data agreement.",HIGH,Duplicate Bank Entry,LOW,Review the bank entries to identify and remove the duplicate transaction. Verify which entry is the correct one and update the reconciliation accordingly.,"The transaction exists once in both sources and matches in amount, currency, and customer information. However, the duplicate bank entry caused the system to register two instances, leading to the exception despite the data agreement.",HIGH
1991830429,1,1,TRUE,TRUE,TRUE,TRUE,FALSE,FALSE,FALSE,EXCEPTION,Date discrepancy,For Investigation,Possible settlement or posting timing difference,LOW,Compare the AR posting date with the bank settlement date and confirm whether the timing difference is expected.,"The transaction exists once in both sources and the amount, currency, and customer information agree, but the transaction dates do not meet the configured reconciliation tolerance.",HIGH,Possible settlement or posting timing difference,LOW,Compare the AR posting date with the bank settlement date and confirm whether the timing difference is expected.,"The transaction exists once in both sources and the amount, currency, and customer information agree, but the transaction dates do not meet the configured reconciliation tolerance.",HIGH
1930276804,1,0,FALSE,,,,,FALSE,FALSE,EXCEPTION,Transaction Present in AR Only,For Investigation,Settlement or posting timing difference,LOW,Compare the AR posting date with the bank settlement date and confirm whether the timing difference is expected.,"The transaction exists in AR but is missing in the bank records, indicating a potential timing difference where the bank has not yet settled the transaction. The AR system may have posted the transaction earlier than the bank's settlement date.",HIGH,Settlement or posting timing difference,LOW,Compare the AR posting date with the bank settlement date and confirm whether the timing difference is expected.,"The transaction exists in AR but is missing in the bank records, indicating a potential timing difference where the bank has not yet settled the transaction. The AR system may have posted the transaction earlier than the bank's settlement date.",HIGH
1929818217,1,0,FALSE,,,,,FALSE,FALSE,EXCEPTION,Transaction Present in AR Only,For Investigation,Possible settlement timing difference,LOW,Verify if the transaction has settled in the bank account and check the reconciliation cutoff dates.,"The transaction exists in the AR system but is missing from the bank statement, indicating a possible settlement timing difference where the transaction has not yet cleared the bank.",HIGH,Possible settlement timing difference,LOW,Verify if the transaction has settled in the bank account and check the reconciliation cutoff dates.,"The transaction exists in the AR system but is missing from the bank statement, indicating a possible settlement timing difference where the transaction has not yet cleared the bank.",HIGH
2960550580,1,0,FALSE,,,,,FALSE,FALSE,EXCEPTION,Transaction Present in AR Only,For Investigation,Possible settlement or posting timing difference,LOW,Check if the transaction is pending in the bank or if there's a delay in settlement,"The transaction exists in AR but is missing in the bank, indicating a possible delay in settlement or posting timing.",HIGH,Possible settlement or posting timing difference,LOW,Check if the transaction is pending in the bank or if there's a delay in settlement,"The transaction exists in AR but is missing in the bank, indicating a possible delay in settlement or posting timing.",HIGH
1929528777,1,1,TRUE,TRUE,TRUE,FALSE,FALSE,FALSE,FALSE,EXCEPTION,Customer discrepancy; Date discrepancy,For Investigation,Possible settlement or posting timing difference,LOW,Compare the AR posting date with the bank settlement date and confirm whether the timing difference is expected.,"The transaction exists once in both sources and the amount, currency, and customer information agree, but the transaction dates do not meet the configured reconciliation tolerance.",HIGH,Possible settlement or posting timing difference,LOW,Compare the AR posting date with the bank settlement date and confirm whether the timing difference is expected.,"The transaction exists once in both sources and the amount, currency, and customer information agree, but the transaction dates do not meet the configured reconciliation tolerance.",HIGH
2960595644,1,2,TRUE,,,,,FALSE,TRUE,EXCEPTION,Duplicate Bank Entry,For Investigation,Duplicate Bank Entry,LOW,Investigate the duplicate entry in the bank system and resolve it by removing or correcting the duplicate record.,"The transaction exists in both sources with matching amount, currency, and customer information, but the duplicate bank entry caused the reconciliation discrepancy.",HIGH,Duplicate Bank Entry,LOW,Investigate the duplicate entry in the bank system and resolve it by removing or correcting the duplicate record.,"The transaction exists in both sources with matching amount, currency, and customer information, but the duplicate bank entry caused the reconciliation discrepancy.",HIGH
2960561771,1,1,TRUE,TRUE,TRUE,TRUE,FALSE,FALSE,FALSE,EXCEPTION,Date discrepancy,For Investigation,Possible settlement or posting timing difference,LOW,Compare the AR posting date with the bank settlement date and confirm whether the timing difference is expected.,"The transaction exists once in both sources and the amount, currency, and customer information agree, but the transaction dates do not meet the configured reconciliation tolerance.",HIGH,Possible settlement or posting timing difference,LOW,Compare the AR posting date with the bank settlement date and confirm whether the timing difference is expected.,"The transaction exists once in both sources and the amount, currency, and customer information agree, but the transaction dates do not meet the configured reconciliation tolerance.",HIGH
1928702289,1,1,TRUE,TRUE,TRUE,TRUE,FALSE,FALSE,FALSE,EXCEPTION,Date discrepancy,For Investigation,Possible settlement or posting timing difference,LOW,Compare the AR posting date with the bank settlement date and confirm whether the timing difference is expected.,"The transaction exists once in both sources and the amount, currency, and customer information agree, but the transaction dates do not meet the configured reconciliation tolerance.",HIGH,Possible settlement or posting timing difference,LOW,Compare the AR posting date with the bank settlement date and confirm whether the timing difference is expected.,"The transaction exists once in both sources and the amount, currency, and customer information agree, but the transaction dates do not meet the configured reconciliation tolerance.",HIGH
1930474736,1,1,TRUE,TRUE,TRUE,TRUE,FALSE,FALSE,FALSE,EXCEPTION,Date discrepancy,For Investigation,Settlement or posting timing difference,LOW,Compare the AR posting date with the bank settlement date and confirm whether the timing difference is expected.,"The transaction exists in both sources with matching amount, currency, and customer information, but the dates do not meet the configured reconciliation tolerance due to a date discrepancy.",HIGH,Settlement or posting timing difference,LOW,Compare the AR posting date with the bank settlement date and confirm whether the timing difference is expected.,"The transaction exists in both sources with matching amount, currency, and customer information, but the dates do not meet the configured reconciliation tolerance due to a date discrepancy.",HIGH
1928836162,1,1,TRUE,TRUE,TRUE,TRUE,FALSE,FALSE,FALSE,EXCEPTION,Date discrepancy,For Investigation,Possible settlement or posting timing difference,LOW,Compare the AR posting date with the bank settlement date and confirm whether the timing difference is expected.,"The transaction exists once in both sources and the amount, currency, and customer information agree, but the transaction dates do not meet the configured reconciliation tolerance.",HIGH,Possible settlement or posting timing difference,LOW,Compare the AR posting date with the bank settlement date and confirm whether the timing difference is expected.,"The transaction exists once in both sources and the amount, currency, and customer information agree, but the transaction dates do not meet the configured reconciliation tolerance.",HIGH
1930071164,2,1,TRUE,,,,,TRUE,FALSE,EXCEPTION,Duplicate AR Entry,For Investigation,Duplicate AR Entry created in the source system,LOW,Review AR entries for duplicate postings and reconcile the duplicate entry with the bank transaction,"The duplicate AR entry was created in the source system, resulting in identical transaction details (amount, currency, customer) but conflicting dates. The reconciliation failed because the system detected a duplicate rather than a date discrepancy.",HIGH,Duplicate AR Entry created in the source system,LOW,Review AR entries for duplicate postings and reconcile the duplicate entry with the bank transaction,"The duplicate AR entry was created in the source system, resulting in identical transaction details (amount, currency, customer) but conflicting dates. The reconciliation failed because the system detected a duplicate rather than a date discrepancy.",HIGH
1930014096,1,1,TRUE,TRUE,TRUE,TRUE,FALSE,FALSE,FALSE,EXCEPTION,Date discrepancy,For Investigation,Possible settlement or posting timing difference,LOW,Compare the AR posting date with the bank settlement date and confirm whether the timing difference is expected.,"The transaction exists once in both sources and the amount, currency, and customer information agree, but the transaction dates do not meet the configured reconciliation tolerance.",HIGH,Possible settlement or posting timing difference,LOW,Compare the AR posting date with the bank settlement date and confirm whether the timing difference is expected.,"The transaction exists once in both sources and the amount, currency, and customer information agree, but the transaction dates do not meet the configured reconciliation tolerance.",HIGH
1929739739,1,1,TRUE,TRUE,TRUE,FALSE,FALSE,FALSE,FALSE,EXCEPTION,Customer discrepancy; Date discrepancy,For Investigation,Possible settlement or posting timing difference,LOW,Compare the AR posting date with the bank settlement date and confirm whether the timing difference is expected.,"The transaction exists once in both sources and the amount, currency, and customer information agree, but the transaction dates do not meet the configured reconciliation tolerance.",HIGH,Possible settlement or posting timing difference,LOW,Compare the AR posting date with the bank settlement date and confirm whether the timing difference is expected.,"The transaction exists once in both sources and the amount, currency, and customer information agree, but the transaction dates do not meet the configured reconciliation tolerance.",HIGH
2960539430,1,1,TRUE,TRUE,TRUE,TRUE,FALSE,FALSE,FALSE,EXCEPTION,Date discrepancy,For Investigation,Possible settlement or posting timing difference,LOW,Compare the AR posting date with the bank settlement date and confirm whether the timing difference is expected.,"The transaction dates do not meet the configured reconciliation tolerance, indicating a date discrepancy between the AR posting and bank settlement dates.",HIGH,Possible settlement or posting timing difference,LOW,Compare the AR posting date with the bank settlement date and confirm whether the timing difference is expected.,"The transaction dates do not meet the configured reconciliation tolerance, indicating a date discrepancy between the AR posting and bank settlement dates.",HIGH
1929771671,1,1,TRUE,TRUE,TRUE,TRUE,FALSE,FALSE,FALSE,EXCEPTION,Date discrepancy,For Investigation,Possible settlement or posting timing difference,LOW,Compare the AR posting date with the bank settlement date and confirm whether the timing difference is expected.,"The transaction exists once in both sources and the amount, currency, and customer information agree, but the transaction dates do not meet the configured reconciliation tolerance.",HIGH,Possible settlement or posting timing difference,LOW,Compare the AR posting date with the bank settlement date and confirm whether the timing difference is expected.,"The transaction exists once in both sources and the amount, currency, and customer information agree, but the transaction dates do not meet the configured reconciliation tolerance.",HIGH
1930431452,1,1,TRUE,TRUE,TRUE,TRUE,FALSE,FALSE,FALSE,EXCEPTION,Date discrepancy,For Investigation,Possible settlement or posting timing difference,LOW,Compare the AR posting date with the bank settlement date and confirm whether the timing difference is expected.,"The transaction exists once in both sources and the amount, currency, and customer information agree, but the transaction dates do not meet the configured reconciliation tolerance.",HIGH,Possible settlement or posting timing difference,LOW,Compare the AR posting date with the bank settlement date and confirm whether the timing difference is expected.,"The transaction exists once in both sources and the amount, currency, and customer information agree, but the transaction dates do not meet the configured reconciliation tolerance.",HIGH
1928575878,1,1,TRUE,TRUE,FALSE,TRUE,FALSE,FALSE,FALSE,EXCEPTION,Currency discrepancy; Date discrepancy,For Investigation,Currency mismatch and settlement timing difference,LOW,Verify the currency codes in both sources and compare the AR posting date with the bank settlement date to assess timing differences.,"The transaction exists in both sources with matching amount, currency, and customer information, but discrepancies in currency codes and transaction dates exceed the configured reconciliation tolerance.",HIGH,Currency mismatch and settlement timing difference,LOW,Verify the currency codes in both sources and compare the AR posting date with the bank settlement date to assess timing differences.,"The transaction exists in both sources with matching amount, currency, and customer information, but discrepancies in currency codes and transaction dates exceed the configured reconciliation tolerance.",HIGH
1930332665,1,1,TRUE,FALSE,TRUE,TRUE,TRUE,FALSE,FALSE,EXCEPTION,Amount discrepancy,For Investigation,Possible data entry error or rounding difference in amount,LOW,Verify the amounts in both sources for entry errors or rounding differences and reconcile accordingly,"The transaction exists once in both sources and the currency, customer information, and other details agree, but the amounts do not match, indicating a potential data entry or rounding discrepancy.",HIGH,Possible data entry error or rounding difference in amount,LOW,Verify the amounts in both sources for entry errors or rounding differences and reconcile accordingly,"The transaction exists once in both sources and the currency, customer information, and other details agree, but the amounts do not match, indicating a potential data entry or rounding discrepancy.",HIGH
1929291478,1,1,TRUE,TRUE,TRUE,TRUE,FALSE,FALSE,FALSE,EXCEPTION,Date discrepancy,For Investigation,Settlement or posting timing difference,LOW,Compare the AR posting date with the bank settlement date and confirm whether the timing difference is expected.,"The transaction exists once in both sources and the amount, currency, and customer information agree, but the transaction dates do not meet the configured reconciliation tolerance.",HIGH,Settlement or posting timing difference,LOW,Compare the AR posting date with the bank settlement date and confirm whether the timing difference is expected.,"The transaction exists once in both sources and the amount, currency, and customer information agree, but the transaction dates do not meet the configured reconciliation tolerance.",HIGH
1930430276,2,1,TRUE,,,,,TRUE,FALSE,EXCEPTION,Duplicate AR Entry,For Investigation,Duplicate AR Entry Detected,LOW,Review the AR entries for duplicates and remove or reconcile the redundant record.,"The transaction appears twice in both sources but matches in amount, currency, and customer details. The duplicate entry is causing the reconciliation exception, not a date discrepancy.",HIGH,Duplicate AR Entry Detected,LOW,Review the AR entries for duplicates and remove or reconcile the redundant record.,"The transaction appears twice in both sources but matches in amount, currency, and customer details. The duplicate entry is causing the reconciliation exception, not a date discrepancy.",HIGH
1991829436,1,1,TRUE,TRUE,TRUE,TRUE,FALSE,FALSE,FALSE,EXCEPTION,Date discrepancy,For Investigation,Possible settlement or posting timing difference,LOW,Compare the AR posting date with the bank settlement date and confirm whether the timing difference is expected.,"The transaction exists once in both sources and the amount, currency, and customer information agree, but the transaction dates do not meet the configured reconciliation tolerance.",HIGH,Possible settlement or posting timing difference,LOW,Compare the AR posting date with the bank settlement date and confirm whether the timing difference is expected.,"The transaction exists once in both sources and the amount, currency, and customer information agree, but the transaction dates do not meet the configured reconciliation tolerance.",HIGH
1928947574,1,1,TRUE,TRUE,TRUE,TRUE,FALSE,FALSE,FALSE,EXCEPTION,Date discrepancy,For Investigation,Settlement or posting timing difference,LOW,Compare the AR posting date with the bank settlement date and confirm whether the timing difference is expected.,"The transaction exists once in both sources and the amount, currency, and customer information agree, but the transaction dates do not meet the configured reconciliation tolerance.",HIGH,Settlement or posting timing difference,LOW,Compare the AR posting date with the bank settlement date and confirm whether the timing difference is expected.,"The transaction exists once in both sources and the amount, currency, and customer information agree, but the transaction dates do not meet the configured reconciliation tolerance.",HIGH
1991829507,1,1,TRUE,TRUE,TRUE,FALSE,FALSE,FALSE,FALSE,EXCEPTION,Customer discrepancy; Date discrepancy,For Investigation,Possible settlement or posting timing difference,LOW,Compare the AR posting date with the bank settlement date and confirm whether the timing difference is expected.,"The transaction exists once in both sources and the amount, currency, and customer information agree, but the transaction dates do not meet the configured reconciliation tolerance. The date discrepancy suggests a potential timing difference between AR posting and bank settlement.",HIGH,Possible settlement or posting timing difference,LOW,Compare the AR posting date with the bank settlement date and confirm whether the timing difference is expected.,"The transaction exists once in both sources and the amount, currency, and customer information agree, but the transaction dates do not meet the configured reconciliation tolerance. The date discrepancy suggests a potential timing difference between AR posting and bank settlement.",HIGH
1929882427,1,1,TRUE,TRUE,TRUE,TRUE,FALSE,FALSE,FALSE,EXCEPTION,Date discrepancy,For Investigation,Possible settlement or posting timing difference,LOW,Compare the AR posting date with the bank settlement date and confirm whether the timing difference is expected.,"The transaction exists once in both sources and the amount, currency, and customer information agree, but the transaction dates do not meet the configured reconciliation tolerance.",HIGH,Possible settlement or posting timing difference,LOW,Compare the AR posting date with the bank settlement date and confirm whether the timing difference is expected.,"The transaction exists once in both sources and the amount, currency, and customer information agree, but the transaction dates do not meet the configured reconciliation tolerance.",HIGH
1929896560,1,1,TRUE,TRUE,TRUE,TRUE,FALSE,FALSE,FALSE,EXCEPTION,Date discrepancy,For Investigation,Possible settlement or posting timing difference,LOW,Compare the AR posting date with the bank settlement date and confirm whether the timing difference is expected.,"The transaction exists once in both sources and the amount, currency, and customer information agree, but the transaction dates do not meet the configured reconciliation tolerance.",HIGH,Possible settlement or posting timing difference,LOW,Compare the AR posting date with the bank settlement date and confirm whether the timing difference is expected.,"The transaction exists once in both sources and the amount, currency, and customer information agree, but the transaction dates do not meet the configured reconciliation tolerance.",HIGH
1930450588,1,1,TRUE,TRUE,TRUE,TRUE,FALSE,FALSE,FALSE,EXCEPTION,Date discrepancy,For Investigation,Possible settlement or posting timing difference,LOW,Compare the AR posting date with the bank settlement date and confirm whether the timing difference is expected.,"The transaction exists in both sources with matching amount, currency, and customer information, but the dates differ beyond the configured reconciliation tolerance.",HIGH,Possible settlement or posting timing difference,LOW,Compare the AR posting date with the bank settlement date and confirm whether the timing difference is expected.,"The transaction exists in both sources with matching amount, currency, and customer information, but the dates differ beyond the configured reconciliation tolerance.",HIGH
1929850037,1,0,FALSE,,,,,FALSE,FALSE,EXCEPTION,Transaction Present in AR Only,For Investigation,Possible settlement or posting timing difference,LOW,Compare the AR posting date with the bank settlement date and confirm whether the timing difference is expected.,"The transaction exists in AR but is missing in the bank reconciliation, indicating a possible timing difference in settlement or posting.",HIGH,Possible settlement or posting timing difference,LOW,Compare the AR posting date with the bank settlement date and confirm whether the timing difference is expected.,"The transaction exists in AR but is missing in the bank reconciliation, indicating a possible timing difference in settlement or posting.",HIGH
1930262974,1,1,TRUE,TRUE,TRUE,FALSE,FALSE,FALSE,FALSE,EXCEPTION,Customer discrepancy; Date discrepancy,For Investigation,Possible settlement or posting timing difference,LOW,Compare the AR posting date with the bank settlement date and confirm whether the timing difference is expected.,"The transaction exists once in both sources and the amount, currency, and customer information agree, but the transaction dates do not meet the configured reconciliation tolerance.",HIGH,Possible settlement or posting timing difference,LOW,Compare the AR posting date with the bank settlement date and confirm whether the timing difference is expected.,"The transaction exists once in both sources and the amount, currency, and customer information agree, but the transaction dates do not meet the configured reconciliation tolerance.",HIGH
1928779791,1,1,TRUE,FALSE,TRUE,TRUE,TRUE,FALSE,FALSE,EXCEPTION,Amount discrepancy,For Investigation,Possible data entry error or rounding difference,LOW,Verify the amount recorded in both sources and check for data entry errors or rounding differences.,"The transaction exists in both sources with matching currency, customer information, and dates, but the amounts differ beyond the configured reconciliation tolerance.",HIGH,Possible data entry error or rounding difference,LOW,Verify the amount recorded in both sources and check for data entry errors or rounding differences.,"The transaction exists in both sources with matching currency, customer information, and dates, but the amounts differ beyond the configured reconciliation tolerance.",HIGH
1930009697,1,1,TRUE,TRUE,TRUE,TRUE,FALSE,FALSE,FALSE,EXCEPTION,Date discrepancy,For Investigation,Possible settlement or posting timing difference,LOW,Compare the AR posting date with the bank settlement date and confirm whether the timing difference is expected.,"The transaction exists once in both sources and the amount, currency, and customer information agree, but the transaction dates do not meet the configured reconciliation tolerance.",HIGH,Possible settlement or posting timing difference,LOW,Compare the AR posting date with the bank settlement date and confirm whether the timing difference is expected.,"The transaction exists once in both sources and the amount, currency, and customer information agree, but the transaction dates do not meet the configured reconciliation tolerance.",HIGH
1929497300,1,1,TRUE,FALSE,TRUE,TRUE,FALSE,FALSE,FALSE,EXCEPTION,Amount discrepancy; Date discrepancy,For Investigation,Possible settlement or posting timing difference,LOW,Compare the AR posting date with the bank settlement date and confirm whether the timing difference is expected.,"The transaction exists once in both sources and the amount, currency, and customer information agree, but the transaction dates do not meet the configured reconciliation tolerance. The Exception Reason indicates both amount and date discrepancies, though the problem description states the amount, currency, and customer information agree. This suggests a possible inconsistency in the Exception Reason, but the date discrepancy is addressed as the primary issue.",HIGH,Possible settlement or posting timing difference,LOW,Compare the AR posting date with the bank settlement date and confirm whether the timing difference is expected.,"The transaction exists once in both sources and the amount, currency, and customer information agree, but the transaction dates do not meet the configured reconciliation tolerance. The Exception Reason indicates both amount and date discrepancies, though the problem description states the amount, currency, and customer information agree. This suggests a possible inconsistency in the Exception Reason, but the date discrepancy is addressed as the primary issue.",HIGH
1929944956,1,1,TRUE,TRUE,TRUE,FALSE,FALSE,FALSE,FALSE,EXCEPTION,Customer discrepancy; Date discrepancy,For Investigation,Possible settlement or posting timing difference,LOW,Compare the AR posting date with the bank settlement date and confirm whether the timing difference is expected.,"The transaction exists once in both sources and the amount, currency, and customer information agree, but the transaction dates do not meet the configured reconciliation tolerance.",HIGH,Possible settlement or posting timing difference,LOW,Compare the AR posting date with the bank settlement date and confirm whether the timing difference is expected.,"The transaction exists once in both sources and the amount, currency, and customer information agree, but the transaction dates do not meet the configured reconciliation tolerance.",HIGH
1930452002,1,2,TRUE,,,,,FALSE,TRUE,EXCEPTION,Duplicate Bank Entry,For Investigation,Duplicate Bank Entry,LOW,Review the bank statements and AR records to identify and resolve the duplicate entry. Verify if the duplicate transaction was processed intentionally or due to a system error.,"The transaction appears twice in the bank system but only once in the AR records, indicating a duplicate bank entry. The dates may differ because the duplicate entry was processed on a different date than the original, but the core issue is the redundant recording of the same transaction.",HIGH,Duplicate Bank Entry,LOW,Review the bank statements and AR records to identify and resolve the duplicate entry. Verify if the duplicate transaction was processed intentionally or due to a system error.,"The transaction appears twice in the bank system but only once in the AR records, indicating a duplicate bank entry. The dates may differ because the duplicate entry was processed on a different date than the original, but the core issue is the redundant recording of the same transaction.",HIGH
1928782127,1,0,FALSE,,,,,FALSE,FALSE,EXCEPTION,Transaction Present in AR Only,For Investigation,"The transaction was posted in AR before the corresponding bank settlement occurred, resulting in a timing difference where the bank hasn't yet recorded it.",LOW,Verify the AR posting date and confirm whether the bank settlement is delayed or if the transaction was posted prematurely.,"The transaction exists in AR but is missing from the bank statement, indicating a potential timing mismatch between AR posting and bank settlement. The dates do not align within the configured tolerance, but the root cause is the absence of the transaction in the bank records.",HIGH,"The transaction was posted in AR before the corresponding bank settlement occurred, resulting in a timing difference where the bank hasn't yet recorded it.",LOW,Verify the AR posting date and confirm whether the bank settlement is delayed or if the transaction was posted prematurely.,"The transaction exists in AR but is missing from the bank statement, indicating a potential timing mismatch between AR posting and bank settlement. The dates do not align within the configured tolerance, but the root cause is the absence of the transaction in the bank records.",HIGH
2960597718,1,1,TRUE,TRUE,TRUE,TRUE,FALSE,FALSE,FALSE,EXCEPTION,Date discrepancy,For Investigation,Possible settlement or posting timing difference,LOW,Compare the AR posting date with the bank settlement date and confirm whether the timing difference is expected.,"The transaction exists once in both sources and the amount, currency, and customer information agree, but the transaction dates do not meet the configured reconciliation tolerance.",HIGH,Possible settlement or posting timing difference,LOW,Compare the AR posting date with the bank settlement date and confirm whether the timing difference is expected.,"The transaction exists once in both sources and the amount, currency, and customer information agree, but the transaction dates do not meet the configured reconciliation tolerance.",HIGH
1929626640,1,1,TRUE,TRUE,TRUE,TRUE,FALSE,FALSE,FALSE,EXCEPTION,Date discrepancy,For Investigation,Settlement or posting timing difference,LOW,Compare the AR posting date with the bank settlement date and confirm whether the timing difference is expected.,"The transaction exists once in both sources and the amount, currency, and customer information agree, but the transaction dates do not meet the configured reconciliation tolerance.",HIGH,Settlement or posting timing difference,LOW,Compare the AR posting date with the bank settlement date and confirm whether the timing difference is expected.,"The transaction exists once in both sources and the amount, currency, and customer information agree, but the transaction dates do not meet the configured reconciliation tolerance.",HIGH
1930517637,1,1,TRUE,FALSE,TRUE,TRUE,TRUE,FALSE,FALSE,EXCEPTION,Amount discrepancy,For Investigation,Data entry error or currency conversion discrepancy,LOW,"Verify the amounts in both sources for data entry errors, currency conversion differences, or rounding discrepancies. Recheck calculations and source documents.","The transaction exists in both sources with matching customer information but differs in amount. The discrepancy likely stems from a data entry error, currency conversion mismatch, or rounding difference during reconciliation.",HIGH,Data entry error or currency conversion discrepancy,LOW,"Verify the amounts in both sources for data entry errors, currency conversion differences, or rounding discrepancies. Recheck calculations and source documents.","The transaction exists in both sources with matching customer information but differs in amount. The discrepancy likely stems from a data entry error, currency conversion mismatch, or rounding difference during reconciliation.",HIGH
1928798696,1,1,TRUE,FALSE,TRUE,TRUE,FALSE,FALSE,FALSE,EXCEPTION,Amount discrepancy; Date discrepancy,For Investigation,Possible settlement or posting timing difference,LOW,Compare the AR posting date with the bank settlement date and confirm whether the timing difference is expected.,"The transaction exists once in both sources and the amount, currency, and customer information agree, but the transaction dates do not meet the configured reconciliation tolerance.",HIGH,Possible settlement or posting timing difference,LOW,Compare the AR posting date with the bank settlement date and confirm whether the timing difference is expected.,"The transaction exists once in both sources and the amount, currency, and customer information agree, but the transaction dates do not meet the configured reconciliation tolerance.",HIGH
1929471291,1,1,TRUE,TRUE,TRUE,TRUE,FALSE,FALSE,FALSE,EXCEPTION,Date discrepancy,For Investigation,Possible settlement or posting timing difference,LOW,Compare the AR posting date with the bank settlement date and confirm whether the timing difference is expected.,"The transaction exists once in both sources and the amount, currency, and customer information agree, but the transaction dates do not meet the configured reconciliation tolerance.",HIGH,Possible settlement or posting timing difference,LOW,Compare the AR posting date with the bank settlement date and confirm whether the timing difference is expected.,"The transaction exists once in both sources and the amount, currency, and customer information agree, but the transaction dates do not meet the configured reconciliation tolerance.",HIGH
1929559339,1,0,FALSE,,,,,FALSE,FALSE,EXCEPTION,Transaction Present in AR Only,For Investigation,Transaction Present in AR Only,LOW,Verify if the bank has not yet settled the transaction and check reconciliation timelines between AR posting and bank processing.,"The transaction exists in AR but is missing from the bank records, indicating the transaction may not have been processed or settled by the bank yet, leading to a mismatch in records.",HIGH,Transaction Present in AR Only,LOW,Verify if the bank has not yet settled the transaction and check reconciliation timelines between AR posting and bank processing.,"The transaction exists in AR but is missing from the bank records, indicating the transaction may not have been processed or settled by the bank yet, leading to a mismatch in records.",HIGH
1929512480,1,1,TRUE,FALSE,TRUE,TRUE,TRUE,FALSE,FALSE,EXCEPTION,Amount discrepancy,For Investigation,"Amount discrepancy due to rounding differences, currency conversion errors, or data entry inconsistencies",LOW,"Verify the amounts in both sources, checking for rounding differences, currency conversion factors, or potential data entry errors. Reconcile using the exact amounts and adjust for any known conversion rates.","The transaction exists in both sources with matching customer information, but the amounts differ. This discrepancy could stem from rounding differences, currency conversion mismatches, or errors in data entry during posting.",HIGH,"Amount discrepancy due to rounding differences, currency conversion errors, or data entry inconsistencies",LOW,"Verify the amounts in both sources, checking for rounding differences, currency conversion factors, or potential data entry errors. Reconcile using the exact amounts and adjust for any known conversion rates.","The transaction exists in both sources with matching customer information, but the amounts differ. This discrepancy could stem from rounding differences, currency conversion mismatches, or errors in data entry during posting.",HIGH
1928610845,1,2,TRUE,,,,,FALSE,TRUE,EXCEPTION,Duplicate Bank Entry,For Investigation,Duplicate Bank Entry,LOW,Check for duplicate entries in the bank reconciliation and remove or reconcile the duplicate transaction.,"The transaction exists twice in the bank records, leading to a duplicate entry exception. The duplicate entry is causing the reconciliation discrepancy.",HIGH,Duplicate Bank Entry,LOW,Check for duplicate entries in the bank reconciliation and remove or reconcile the duplicate transaction.,"The transaction exists twice in the bank records, leading to a duplicate entry exception. The duplicate entry is causing the reconciliation discrepancy.",HIGH
1929351494,1,1,TRUE,TRUE,TRUE,FALSE,TRUE,FALSE,FALSE,EXCEPTION,Customer discrepancy,For Investigation,Customer information mismatch,LOW,"Verify customer details (e.g., name, ID, address) in both AR and bank records to identify discrepancies in customer information.","The transaction exists in both sources with matching amounts, currency, and dates, but the customer information does not align, leading to a customer discrepancy. This may stem from data entry errors, duplicate customer entries, or inconsistent customer identifiers across systems.",HIGH,Customer information mismatch,LOW,"Verify customer details (e.g., name, ID, address) in both AR and bank records to identify discrepancies in customer information.","The transaction exists in both sources with matching amounts, currency, and dates, but the customer information does not align, leading to a customer discrepancy. This may stem from data entry errors, duplicate customer entries, or inconsistent customer identifiers across systems.",HIGH
1930129853,2,1,TRUE,,,,,TRUE,FALSE,EXCEPTION,Duplicate AR Entry,For Investigation,Duplicate AR Entry,LOW,Investigate the duplicate AR entry in the AR system and reconcile it with the corresponding bank record to determine if it's a redundant posting or a synchronization error.,"The transaction exists in both sources but is duplicated in the AR system, leading to an exception. The duplicate entry likely originated from a redundant posting or a synchronization error between the AR system and the bank.",HIGH,Duplicate AR Entry,LOW,Investigate the duplicate AR entry in the AR system and reconcile it with the corresponding bank record to determine if it's a redundant posting or a synchronization error.,"The transaction exists in both sources but is duplicated in the AR system, leading to an exception. The duplicate entry likely originated from a redundant posting or a synchronization error between the AR system and the bank.",HIGH
1929479079,1,1,TRUE,TRUE,TRUE,TRUE,FALSE,FALSE,FALSE,EXCEPTION,Date discrepancy,For Investigation,Possible settlement or posting timing difference,LOW,Compare the AR posting date with the bank settlement date and confirm whether the timing difference is expected.,"The transaction exists in both sources with matching amount, currency, and customer information, but the dates do not meet the configured reconciliation tolerance.",HIGH,Possible settlement or posting timing difference,LOW,Compare the AR posting date with the bank settlement date and confirm whether the timing difference is expected.,"The transaction exists in both sources with matching amount, currency, and customer information, but the dates do not meet the configured reconciliation tolerance.",HIGH
1929617316,1,1,TRUE,TRUE,TRUE,TRUE,FALSE,FALSE,FALSE,EXCEPTION,Date discrepancy,For Investigation,Possible settlement or posting timing difference,LOW,Compare the AR posting date with the bank settlement date and confirm whether the timing difference is expected.,"The transaction exists once in both sources and the amount, currency, and customer information agree, but the transaction dates do not meet the configured reconciliation tolerance.",HIGH,Possible settlement or posting timing difference,LOW,Compare the AR posting date with the bank settlement date and confirm whether the timing difference is expected.,"The transaction exists once in both sources and the amount, currency, and customer information agree, but the transaction dates do not meet the configured reconciliation tolerance.",HIGH
2960539482,1,1,TRUE,TRUE,TRUE,TRUE,FALSE,FALSE,FALSE,EXCEPTION,Date discrepancy,For Investigation,Possible settlement or posting timing difference,LOW,Compare the AR posting date with the bank settlement date and confirm whether the timing difference is expected.,"The transaction exists once in both sources and the amount, currency, and customer information agree, but the transaction dates do not meet the configured reconciliation tolerance.",HIGH,Possible settlement or posting timing difference,LOW,Compare the AR posting date with the bank settlement date and confirm whether the timing difference is expected.,"The transaction exists once in both sources and the amount, currency, and customer information agree, but the transaction dates do not meet the configured reconciliation tolerance.",HIGH
1930056858,1,1,TRUE,TRUE,TRUE,FALSE,FALSE,FALSE,FALSE,EXCEPTION,Customer discrepancy; Date discrepancy,For Investigation,Possible settlement or posting timing difference,LOW,Compare the AR posting date with the bank settlement date and confirm whether the timing difference is expected.,"The transaction exists once in both sources and the amount, currency, and customer information agree, but the transaction dates do not meet the configured reconciliation tolerance. The date discrepancy is likely due to differing settlement or posting timing between systems.",HIGH,Possible settlement or posting timing difference,LOW,Compare the AR posting date with the bank settlement date and confirm whether the timing difference is expected.,"The transaction exists once in both sources and the amount, currency, and customer information agree, but the transaction dates do not meet the configured reconciliation tolerance. The date discrepancy is likely due to differing settlement or posting timing between systems.",HIGH
1929879351,1,1,TRUE,TRUE,TRUE,FALSE,TRUE,FALSE,FALSE,EXCEPTION,Customer discrepancy,For Investigation,Customer information mismatch between sources,LOW,"Verify customer details (e.g., account numbers, names, IDs) in both AR and bank records to identify discrepancies","The transaction exists in both sources with matching amounts, currency, and customer information, but customer data inconsistencies prevent reconciliation.",HIGH,Customer information mismatch between sources,LOW,"Verify customer details (e.g., account numbers, names, IDs) in both AR and bank records to identify discrepancies","The transaction exists in both sources with matching amounts, currency, and customer information, but customer data inconsistencies prevent reconciliation.",HIGH
1930550814,1,1,TRUE,TRUE,TRUE,TRUE,FALSE,FALSE,FALSE,EXCEPTION,Date discrepancy,For Investigation,Possible settlement or posting timing difference,LOW,Compare the AR posting date with the bank settlement date and confirm whether the timing difference is expected.,"The transaction exists once in both sources and the amount, currency, and customer information agree, but the transaction dates do not meet the configured reconciliation tolerance.",HIGH,Possible settlement or posting timing difference,LOW,Compare the AR posting date with the bank settlement date and confirm whether the timing difference is expected.,"The transaction exists once in both sources and the amount, currency, and customer information agree, but the transaction dates do not meet the configured reconciliation tolerance.",HIGH
1929645837,1,1,TRUE,TRUE,TRUE,TRUE,FALSE,FALSE,FALSE,EXCEPTION,Date discrepancy,For Investigation,Possible settlement or posting timing difference,LOW,Compare the AR posting date with the bank settlement date and confirm whether the timing difference is expected.,"The transaction exists once in both sources and the amount, currency, and customer information agree, but the transaction dates do not meet the configured reconciliation tolerance. This date discrepancy suggests a timing difference between AR posting and bank settlement processes.",HIGH,Possible settlement or posting timing difference,LOW,Compare the AR posting date with the bank settlement date and confirm whether the timing difference is expected.,"The transaction exists once in both sources and the amount, currency, and customer information agree, but the transaction dates do not meet the configured reconciliation tolerance. This date discrepancy suggests a timing difference between AR posting and bank settlement processes.",HIGH
1930525995,2,1,TRUE,,,,,TRUE,FALSE,EXCEPTION,Duplicate AR Entry,For Investigation,Duplicate AR Entry Created Due to System Error or Manual Input Mistake,LOW,Investigate the source of the duplicate AR entry and remove the duplicate record.,"The transaction exists twice in both sources but matches in amount, currency, and customer information. The duplication likely stems from a system error, manual entry mistake, or conflicting posting processes.",HIGH,Duplicate AR Entry Created Due to System Error or Manual Input Mistake,LOW,Investigate the source of the duplicate AR entry and remove the duplicate record.,"The transaction exists twice in both sources but matches in amount, currency, and customer information. The duplication likely stems from a system error, manual entry mistake, or conflicting posting processes.",HIGH
1991818182,1,1,TRUE,TRUE,FALSE,TRUE,FALSE,FALSE,FALSE,EXCEPTION,Currency discrepancy; Date discrepancy,For Investigation,Currency discrepancy; Settlement or posting timing difference,LOW,Verify the currency codes in both sources for consistency and compare the AR posting date with the bank settlement date to assess timing differences.,"The transaction exists once in both sources, with matching amount, currency, and customer information. However, the dates do not meet the configured reconciliation tolerance, and there is a currency discrepancy noted in the exception. This could indicate either a timing difference between postings or an actual currency mismatch requiring further investigation.",HIGH,Currency discrepancy; Settlement or posting timing difference,LOW,Verify the currency codes in both sources for consistency and compare the AR posting date with the bank settlement date to assess timing differences.,"The transaction exists once in both sources, with matching amount, currency, and customer information. However, the dates do not meet the configured reconciliation tolerance, and there is a currency discrepancy noted in the exception. This could indicate either a timing difference between postings or an actual currency mismatch requiring further investigation.",HIGH
2960580155,1,1,TRUE,TRUE,TRUE,TRUE,FALSE,FALSE,FALSE,EXCEPTION,Date discrepancy,For Investigation,Possible settlement or posting timing difference,LOW,Compare the AR posting date with the bank settlement date and confirm whether the timing difference is expected.,"The transaction exists once in both sources and the amount, currency, and customer information agree, but the transaction dates do not meet the configured reconciliation tolerance.",HIGH,Possible settlement or posting timing difference,LOW,Compare the AR posting date with the bank settlement date and confirm whether the timing difference is expected.,"The transaction exists once in both sources and the amount, currency, and customer information agree, but the transaction dates do not meet the configured reconciliation tolerance.",HIGH
1930173653,1,2,TRUE,,,,,FALSE,TRUE,EXCEPTION,Duplicate Bank Entry,For Investigation,Duplicate Bank Entry,LOW,Review the bank and AR records to identify and resolve the duplicate entry. Remove or correct the duplicate transaction in the source system with the higher priority or accuracy.,"The transaction exists in both systems but is classified as a duplicate bank entry. This indicates the same transaction was recorded twice in the bank system, leading to a mismatch during reconciliation.",HIGH,Duplicate Bank Entry,LOW,Review the bank and AR records to identify and resolve the duplicate entry. Remove or correct the duplicate transaction in the source system with the higher priority or accuracy.,"The transaction exists in both systems but is classified as a duplicate bank entry. This indicates the same transaction was recorded twice in the bank system, leading to a mismatch during reconciliation.",HIGH
1930409456,1,1,TRUE,TRUE,TRUE,TRUE,FALSE,FALSE,FALSE,EXCEPTION,Date discrepancy,For Investigation,Possible settlement or posting timing difference,LOW,Compare the AR posting date with the bank settlement date and confirm whether the timing difference is expected.,"The transaction exists once in both sources and the amount, currency, and customer information agree, but the transaction dates do not meet the configured reconciliation tolerance.",HIGH,Possible settlement or posting timing difference,LOW,Compare the AR posting date with the bank settlement date and confirm whether the timing difference is expected.,"The transaction exists once in both sources and the amount, currency, and customer information agree, but the transaction dates do not meet the configured reconciliation tolerance.",HIGH
2960521802,1,1,TRUE,TRUE,TRUE,TRUE,FALSE,FALSE,FALSE,EXCEPTION,Date discrepancy,For Investigation,Possible settlement or posting timing difference,LOW,Compare the AR posting date with the bank settlement date and confirm whether the timing difference is expected.,"The transaction exists once in both sources and the amount, currency, and customer information agree, but the transaction dates do not meet the configured reconciliation tolerance.",HIGH,Possible settlement or posting timing difference,LOW,Compare the AR posting date with the bank settlement date and confirm whether the timing difference is expected.,"The transaction exists once in both sources and the amount, currency, and customer information agree, but the transaction dates do not meet the configured reconciliation tolerance.",HIGH
1929343384,1,1,TRUE,TRUE,TRUE,TRUE,FALSE,FALSE,FALSE,EXCEPTION,Date discrepancy,For Investigation,Possible settlement or posting timing difference,LOW,Compare the AR posting date with the bank settlement date and confirm whether the timing difference is expected.,"The transaction exists once in both sources and the amount, currency, and customer information agree, but the transaction dates do not meet the configured reconciliation tolerance.",HIGH,Possible settlement or posting timing difference,LOW,Compare the AR posting date with the bank settlement date and confirm whether the timing difference is expected.,"The transaction exists once in both sources and the amount, currency, and customer information agree, but the transaction dates do not meet the configured reconciliation tolerance.",HIGH
2960534798,2,1,TRUE,,,,,TRUE,FALSE,EXCEPTION,Duplicate AR Entry,For Investigation,Duplicate AR Entry Posted to Both Sources,LOW,Review AR and bank records to identify and remove duplicate entries,"The transaction exists once in both sources with matching amount, currency, and customer details, but the system detects it as a duplicate AR entry, likely due to unintentional duplication during posting processes.",HIGH,Duplicate AR Entry Posted to Both Sources,LOW,Review AR and bank records to identify and remove duplicate entries,"The transaction exists once in both sources with matching amount, currency, and customer details, but the system detects it as a duplicate AR entry, likely due to unintentional duplication during posting processes.",HIGH
1930378548,1,1,TRUE,TRUE,TRUE,FALSE,FALSE,FALSE,FALSE,EXCEPTION,Customer discrepancy; Date discrepancy,For Investigation,Possible settlement or posting timing difference,LOW,Compare the AR posting date with the bank settlement date and confirm whether the timing difference is expected.,"The transaction exists once in both sources and the amount, currency, and customer information agree, but the transaction dates do not meet the configured reconciliation tolerance.",HIGH,Possible settlement or posting timing difference,LOW,Compare the AR posting date with the bank settlement date and confirm whether the timing difference is expected.,"The transaction exists once in both sources and the amount, currency, and customer information agree, but the transaction dates do not meet the configured reconciliation tolerance.",HIGH
1928779889,1,1,TRUE,TRUE,TRUE,TRUE,FALSE,FALSE,FALSE,EXCEPTION,Date discrepancy,For Investigation,Possible settlement or posting timing difference,LOW,Compare the AR posting date with the bank settlement date and confirm whether the timing difference is expected.,"The transaction exists once in both sources and the amount, currency, and customer information agree, but the transaction dates do not meet the configured reconciliation tolerance.",HIGH,Possible settlement or posting timing difference,LOW,Compare the AR posting date with the bank settlement date and confirm whether the timing difference is expected.,"The transaction exists once in both sources and the amount, currency, and customer information agree, but the transaction dates do not meet the configured reconciliation tolerance.",HIGH
1929367457,1,1,TRUE,TRUE,FALSE,TRUE,TRUE,FALSE,FALSE,EXCEPTION,Currency discrepancy,For Investigation,Currency mismatch between AR and bank records,LOW,Verify the currency codes in both AR and bank transaction records and ensure they align with the configured currency settings.,"The transaction exists once in both sources with matching amount, customer information, and currency, but the currency codes may differ or conflict with the system's configured currency settings, leading to the discrepancy.",HIGH,Currency mismatch between AR and bank records,LOW,Verify the currency codes in both AR and bank transaction records and ensure they align with the configured currency settings.,"The transaction exists once in both sources with matching amount, customer information, and currency, but the currency codes may differ or conflict with the system's configured currency settings, leading to the discrepancy.",HIGH
1929722896,1,1,TRUE,FALSE,TRUE,TRUE,TRUE,FALSE,FALSE,EXCEPTION,Amount discrepancy,For Investigation,Possible data entry error or rounding difference in amount recording,LOW,"Verify the amount values in both AR and bank records for data entry accuracy, rounding rules, or currency conversion discrepancies","The transaction exists in both sources with matching customer info and currency, but the amount discrepancy exceeds the configured reconciliation tolerance. This suggests an error in amount recording or calculation during posting.",HIGH,Possible data entry error or rounding difference in amount recording,LOW,"Verify the amount values in both AR and bank records for data entry accuracy, rounding rules, or currency conversion discrepancies","The transaction exists in both sources with matching customer info and currency, but the amount discrepancy exceeds the configured reconciliation tolerance. This suggests an error in amount recording or calculation during posting.",HIGH
1930482132,1,1,TRUE,TRUE,TRUE,FALSE,FALSE,FALSE,FALSE,EXCEPTION,Customer discrepancy; Date discrepancy,For Investigation,Possible settlement or posting timing difference,LOW,Compare the AR posting date with the bank settlement date and confirm whether the timing difference is expected.,"The transaction exists once in both sources and the amount, currency, and customer information agree, but the transaction dates do not meet the configured reconciliation tolerance.",HIGH,Possible settlement or posting timing difference,LOW,Compare the AR posting date with the bank settlement date and confirm whether the timing difference is expected.,"The transaction exists once in both sources and the amount, currency, and customer information agree, but the transaction dates do not meet the configured reconciliation tolerance.",HIGH
1928775992,1,1,TRUE,TRUE,TRUE,FALSE,TRUE,FALSE,FALSE,EXCEPTION,Customer discrepancy,For Investigation,Customer information mismatch,LOW,Verify the customer details in both the AR system and the bank statement to ensure they match.,"The transaction exists in both sources with matching amounts, currency, and dates, but the customer information does not agree, leading to a customer discrepancy.",HIGH,Customer information mismatch,LOW,Verify the customer details in both the AR system and the bank statement to ensure they match.,"The transaction exists in both sources with matching amounts, currency, and dates, but the customer information does not agree, leading to a customer discrepancy.",HIGH
1929776526,1,1,TRUE,TRUE,TRUE,TRUE,FALSE,FALSE,FALSE,EXCEPTION,Date discrepancy,For Investigation,Possible settlement or posting timing difference,LOW,Compare the AR posting date with the bank settlement date and confirm whether the timing difference is expected.,"The transaction exists once in both sources and the amount, currency, and customer information agree, but the transaction dates do not meet the configured reconciliation tolerance.",HIGH,Possible settlement or posting timing difference,LOW,Compare the AR posting date with the bank settlement date and confirm whether the timing difference is expected.,"The transaction exists once in both sources and the amount, currency, and customer information agree, but the transaction dates do not meet the configured reconciliation tolerance.",HIGH
1928742918,1,1,TRUE,TRUE,TRUE,TRUE,FALSE,FALSE,FALSE,EXCEPTION,Date discrepancy,For Investigation,Possible settlement or posting timing difference,LOW,Compare the AR posting date with the bank settlement date and confirm whether the timing difference is expected.,"The transaction exists once in both sources and the amount, currency, and customer information agree, but the transaction dates do not meet the configured reconciliation tolerance.",HIGH,Possible settlement or posting timing difference,LOW,Compare the AR posting date with the bank settlement date and confirm whether the timing difference is expected.,"The transaction exists once in both sources and the amount, currency, and customer information agree, but the transaction dates do not meet the configured reconciliation tolerance.",HIGH
1929728472,1,1,TRUE,TRUE,FALSE,TRUE,TRUE,FALSE,FALSE,EXCEPTION,Currency discrepancy,For Investigation,Currency code mismatch between AR system and bank reconciliation,LOW,Verify currency codes in both systems and check for currency conversion rate discrepancies,"The transaction exists in both sources with matching amount, customer information, and currency fields, but the currency codes (e.g., USD vs. EUR) do not align, causing the reconciliation exception.",HIGH,Currency code mismatch between AR system and bank reconciliation,LOW,Verify currency codes in both systems and check for currency conversion rate discrepancies,"The transaction exists in both sources with matching amount, customer information, and currency fields, but the currency codes (e.g., USD vs. EUR) do not align, causing the reconciliation exception.",HIGH
1930044866,1,1,TRUE,TRUE,TRUE,TRUE,FALSE,FALSE,FALSE,EXCEPTION,Date discrepancy,For Investigation,Possible settlement or posting timing difference,LOW,Compare the AR posting date with the bank settlement date and confirm whether the timing difference is expected.,"The transaction exists once in both sources and the amount, currency, and customer information agree, but the transaction dates do not meet the configured reconciliation tolerance.",HIGH,Possible settlement or posting timing difference,LOW,Compare the AR posting date with the bank settlement date and confirm whether the timing difference is expected.,"The transaction exists once in both sources and the amount, currency, and customer information agree, but the transaction dates do not meet the configured reconciliation tolerance.",HIGH
1929739354,1,1,TRUE,TRUE,TRUE,TRUE,FALSE,FALSE,FALSE,EXCEPTION,Date discrepancy,For Investigation,Settlement or posting timing difference,LOW,Compare the AR posting date with the bank settlement date and confirm whether the timing difference is expected.,"The transaction exists once in both sources and the amount, currency, and customer information agree, but the transaction dates do not meet the configured reconciliation tolerance.",HIGH,Settlement or posting timing difference,LOW,Compare the AR posting date with the bank settlement date and confirm whether the timing difference is expected.,"The transaction exists once in both sources and the amount, currency, and customer information agree, but the transaction dates do not meet the configured reconciliation tolerance.",HIGH
1929353527,1,1,TRUE,TRUE,TRUE,TRUE,FALSE,FALSE,FALSE,EXCEPTION,Date discrepancy,For Investigation,Possible settlement or posting timing difference,LOW,Compare the AR posting date with the bank settlement date and confirm whether the timing difference is expected.,"The transaction exists once in both sources and the amount, currency, and customer information agree, but the transaction dates do not meet the configured reconciliation tolerance.",HIGH,Possible settlement or posting timing difference,LOW,Compare the AR posting date with the bank settlement date and confirm whether the timing difference is expected.,"The transaction exists once in both sources and the amount, currency, and customer information agree, but the transaction dates do not meet the configured reconciliation tolerance.",HIGH
1930440685,1,1,TRUE,TRUE,TRUE,TRUE,FALSE,FALSE,FALSE,EXCEPTION,Date discrepancy,For Investigation,Possible settlement or posting timing difference,LOW,Compare the AR posting date with the bank settlement date and confirm whether the timing difference is expected.,"The transaction exists once in both sources and the amount, currency, and customer information agree, but the transaction dates do not meet the configured reconciliation tolerance.",HIGH,Possible settlement or posting timing difference,LOW,Compare the AR posting date with the bank settlement date and confirm whether the timing difference is expected.,"The transaction exists once in both sources and the amount, currency, and customer information agree, but the transaction dates do not meet the configured reconciliation tolerance.",HIGH
1929441632,1,0,FALSE,,,,,FALSE,FALSE,EXCEPTION,Transaction Present in AR Only,For Investigation,Possible settlement or posting timing difference,LOW,Compare the AR posting date with the bank settlement date and confirm whether the timing difference is expected.,"The transaction exists once in both sources and the amount, currency, and customer information agree, but the transaction dates do not meet the configured reconciliation tolerance.",HIGH,Possible settlement or posting timing difference,LOW,Compare the AR posting date with the bank settlement date and confirm whether the timing difference is expected.,"The transaction exists once in both sources and the amount, currency, and customer information agree, but the transaction dates do not meet the configured reconciliation tolerance.",HIGH
2960585653,1,1,TRUE,TRUE,TRUE,TRUE,FALSE,FALSE,FALSE,EXCEPTION,Date discrepancy,For Investigation,Settlement or posting timing difference,LOW,Compare the AR posting date with the bank settlement date and confirm whether the timing difference is expected.,"The transaction exists once in both sources and the amount, currency, and customer information agree, but the transaction dates do not meet the configured reconciliation tolerance.",HIGH,Settlement or posting timing difference,LOW,Compare the AR posting date with the bank settlement date and confirm whether the timing difference is expected.,"The transaction exists once in both sources and the amount, currency, and customer information agree, but the transaction dates do not meet the configured reconciliation tolerance.",HIGH
1929574076,1,1,TRUE,TRUE,TRUE,TRUE,FALSE,FALSE,FALSE,EXCEPTION,Date discrepancy,For Investigation,Possible settlement or posting timing difference,LOW,Compare the AR posting date with the bank settlement date and confirm whether the timing difference is expected.,"The transaction exists once in both sources and the amount, currency, and customer information agree, but the transaction dates do not meet the configured reconciliation tolerance.",HIGH,Possible settlement or posting timing difference,LOW,Compare the AR posting date with the bank settlement date and confirm whether the timing difference is expected.,"The transaction exists once in both sources and the amount, currency, and customer information agree, but the transaction dates do not meet the configured reconciliation tolerance.",HIGH
1929915248,1,1,TRUE,TRUE,TRUE,TRUE,FALSE,FALSE,FALSE,EXCEPTION,Date discrepancy,For Investigation,Possible settlement or posting timing difference,LOW,Compare the AR posting date with the bank settlement date and confirm whether the timing difference is expected.,"The transaction exists once in both sources and the amount, currency, and customer information agree, but the transaction dates do not meet the configured reconciliation tolerance.",HIGH,Possible settlement or posting timing difference,LOW,Compare the AR posting date with the bank settlement date and confirm whether the timing difference is expected.,"The transaction exists once in both sources and the amount, currency, and customer information agree, but the transaction dates do not meet the configured reconciliation tolerance.",HIGH
1928904094,1,1,TRUE,TRUE,TRUE,FALSE,TRUE,FALSE,FALSE,EXCEPTION,Customer discrepancy,For Investigation,Customer information mismatch between AR and bank records,LOW,"Verify customer details (e.g., name, ID, account number) in both AR and bank systems to identify discrepancies","The transaction exists in both sources with matching amount, currency, and dates, but customer information differs, causing the discrepancy. This may stem from data entry errors, duplicate customer records, or incorrect mapping in reconciliation rules.",HIGH,Customer information mismatch between AR and bank records,LOW,"Verify customer details (e.g., name, ID, account number) in both AR and bank systems to identify discrepancies","The transaction exists in both sources with matching amount, currency, and dates, but customer information differs, causing the discrepancy. This may stem from data entry errors, duplicate customer records, or incorrect mapping in reconciliation rules.",HIGH
1930490909,1,1,TRUE,TRUE,FALSE,TRUE,FALSE,FALSE,FALSE,EXCEPTION,Currency discrepancy; Date discrepancy,For Investigation,Possible settlement or posting timing difference,LOW,Compare the AR posting date with the bank settlement date and confirm whether the timing difference is expected.,"The transaction exists once in both sources and the amount, currency, and customer information agree, but the transaction dates do not meet the configured reconciliation tolerance.",HIGH,Possible settlement or posting timing difference,LOW,Compare the AR posting date with the bank settlement date and confirm whether the timing difference is expected.,"The transaction exists once in both sources and the amount, currency, and customer information agree, but the transaction dates do not meet the configured reconciliation tolerance.",HIGH
1929866081,1,1,TRUE,TRUE,TRUE,TRUE,FALSE,FALSE,FALSE,EXCEPTION,Date discrepancy,For Investigation,Possible settlement or posting timing difference,LOW,Compare the AR posting date with the bank settlement date and confirm whether the timing difference is expected.,"The transaction exists once in both sources and the amount, currency, and customer information agree, but the transaction dates do not meet the configured reconciliation tolerance.",HIGH,Possible settlement or posting timing difference,LOW,Compare the AR posting date with the bank settlement date and confirm whether the timing difference is expected.,"The transaction exists once in both sources and the amount, currency, and customer information agree, but the transaction dates do not meet the configured reconciliation tolerance.",HIGH
1928637600,2,1,TRUE,,,,,TRUE,FALSE,EXCEPTION,Duplicate AR Entry,For Investigation,Duplicate AR Entry Detected,LOW,Verify if the AR entry was posted twice and reconcile duplicates by checking source systems for duplicate creation.,"The transaction exists once in both sources but was duplicated in the AR system, leading to a conflict despite matching amount, currency, and customer details.",HIGH,Duplicate AR Entry Detected,LOW,Verify if the AR entry was posted twice and reconcile duplicates by checking source systems for duplicate creation.,"The transaction exists once in both sources but was duplicated in the AR system, leading to a conflict despite matching amount, currency, and customer details.",HIGH
1929297097,1,1,TRUE,TRUE,TRUE,TRUE,FALSE,FALSE,FALSE,EXCEPTION,Date discrepancy,For Investigation,Possible settlement or posting timing difference,LOW,Compare the AR posting date with the bank settlement date and confirm whether the timing difference is expected.,"The transaction exists once in both sources and the amount, currency, and customer information agree, but the transaction dates do not meet the configured reconciliation tolerance.",HIGH,Possible settlement or posting timing difference,LOW,Compare the AR posting date with the bank settlement date and confirm whether the timing difference is expected.,"The transaction exists once in both sources and the amount, currency, and customer information agree, but the transaction dates do not meet the configured reconciliation tolerance.",HIGH
1929180223,1,1,TRUE,TRUE,TRUE,TRUE,FALSE,FALSE,FALSE,EXCEPTION,Date discrepancy,For Investigation,Possible settlement or posting timing difference,LOW,Compare the AR posting date with the bank settlement date and confirm whether the timing difference is expected.,"The transaction exists once in both sources and the amount, currency, and customer information agree, but the transaction dates do not meet the configured reconciliation tolerance.",HIGH,Possible settlement or posting timing difference,LOW,Compare the AR posting date with the bank settlement date and confirm whether the timing difference is expected.,"The transaction exists once in both sources and the amount, currency, and customer information agree, but the transaction dates do not meet the configured reconciliation tolerance.",HIGH
1929519327,1,1,TRUE,TRUE,TRUE,TRUE,FALSE,FALSE,FALSE,EXCEPTION,Date discrepancy,For Investigation,Possible settlement or posting timing difference,LOW,Compare the AR posting date with the bank settlement date and confirm whether the timing difference is expected.,"The transaction exists once in both sources and the amount, currency, and customer information agree, but the transaction dates do not meet the configured reconciliation tolerance.",HIGH,Possible settlement or posting timing difference,LOW,Compare the AR posting date with the bank settlement date and confirm whether the timing difference is expected.,"The transaction exists once in both sources and the amount, currency, and customer information agree, but the transaction dates do not meet the configured reconciliation tolerance.",HIGH
1929513526,1,2,TRUE,,,,,FALSE,TRUE,EXCEPTION,Duplicate Bank Entry,For Investigation,Duplicate Bank Entry,LOW,Review the bank entries and AR records to identify and remove the duplicate transaction in one of the systems. Ensure unique transaction identifiers are used to prevent future duplicates.,"The transaction appears twice in the bank system but only once in the AR system, causing a duplicate entry. The reconciliation failure is due to the same transaction being recorded twice in the bank feed, leading to a mismatch despite matching amounts and customer details.",HIGH,Duplicate Bank Entry,LOW,Review the bank entries and AR records to identify and remove the duplicate transaction in one of the systems. Ensure unique transaction identifiers are used to prevent future duplicates.,"The transaction appears twice in the bank system but only once in the AR system, causing a duplicate entry. The reconciliation failure is due to the same transaction being recorded twice in the bank feed, leading to a mismatch despite matching amounts and customer details.",HIGH
1930086819,1,1,TRUE,FALSE,TRUE,TRUE,TRUE,FALSE,FALSE,EXCEPTION,Amount discrepancy,For Investigation,"Amount discrepancy due to data entry error, currency conversion mismatch, or rounding difference",LOW,"Verify the amounts in both sources, check for currency conversion rates discrepancies, and investigate potential data entry errors","The transaction exists once in both sources and the transaction dates agree, but the amounts differ, indicating a possible error in one of the source systems",HIGH,"Amount discrepancy due to data entry error, currency conversion mismatch, or rounding difference",LOW,"Verify the amounts in both sources, check for currency conversion rates discrepancies, and investigate potential data entry errors","The transaction exists once in both sources and the transaction dates agree, but the amounts differ, indicating a possible error in one of the source systems",HIGH
1929937891,2,1,TRUE,,,,,TRUE,FALSE,EXCEPTION,Duplicate AR Entry,For Investigation,Duplicate AR Entry,LOW,Investigate the source system for duplicate AR entries and remove or reconcile the duplicate record.,"The transaction appears twice in both sources but matches in amount, currency, and customer details. The duplication likely stems from a duplicate AR entry being posted in the source system, which caused the reconciliation discrepancy.",HIGH,Duplicate AR Entry,LOW,Investigate the source system for duplicate AR entries and remove or reconcile the duplicate record.,"The transaction appears twice in both sources but matches in amount, currency, and customer details. The duplication likely stems from a duplicate AR entry being posted in the source system, which caused the reconciliation discrepancy.",HIGH
1991819494,1,2,TRUE,,,,,FALSE,TRUE,EXCEPTION,Duplicate Bank Entry,For Investigation,Duplicate Bank Entry,LOW,Review the bank statement for duplicate entries and reconcile the duplicate transaction by either removing the duplicate record or adjusting the AR posting to match the single bank entry.,"The transaction appears once in both sources but is flagged as a duplicate due to the bank system processing the same entry twice. This results in a mismatch during reconciliation despite agreement in amount, currency, and customer details.",HIGH,Duplicate Bank Entry,LOW,Review the bank statement for duplicate entries and reconcile the duplicate transaction by either removing the duplicate record or adjusting the AR posting to match the single bank entry.,"The transaction appears once in both sources but is flagged as a duplicate due to the bank system processing the same entry twice. This results in a mismatch during reconciliation despite agreement in amount, currency, and customer details.",HIGH
1929338360,1,0,FALSE,,,,,FALSE,FALSE,EXCEPTION,Transaction Present in AR Only,For Investigation,Possible settlement or posting timing difference,LOW,Compare the AR posting date with the bank settlement date and confirm whether the timing difference is expected.,"The transaction exists once in both sources and the amount, currency, and customer information agree, but the transaction dates do not meet the configured reconciliation tolerance. The exception indicates the transaction is present in AR only, suggesting a timing mismatch between AR posting and bank settlement.",HIGH,Possible settlement or posting timing difference,LOW,Compare the AR posting date with the bank settlement date and confirm whether the timing difference is expected.,"The transaction exists once in both sources and the amount, currency, and customer information agree, but the transaction dates do not meet the configured reconciliation tolerance. The exception indicates the transaction is present in AR only, suggesting a timing mismatch between AR posting and bank settlement.",HIGH
1991826314,1,2,TRUE,,,,,FALSE,TRUE,EXCEPTION,Duplicate Bank Entry,For Investigation,Duplicate Bank Entry,LOW,Review the bank entries to identify and remove the duplicate transaction. Verify if the duplicate entry was caused by a manual input error or system duplication.,"The transaction exists once in both sources and matches in amount, currency, and customer information, but the duplicate bank entry caused the reconciliation discrepancy. The duplicate entry likely resulted in an extra record with the same details, leading to a mismatch during reconciliation.",HIGH,Duplicate Bank Entry,LOW,Review the bank entries to identify and remove the duplicate transaction. Verify if the duplicate entry was caused by a manual input error or system duplication.,"The transaction exists once in both sources and matches in amount, currency, and customer information, but the duplicate bank entry caused the reconciliation discrepancy. The duplicate entry likely resulted in an extra record with the same details, leading to a mismatch during reconciliation.",HIGH
1929011626,1,1,TRUE,TRUE,TRUE,TRUE,FALSE,FALSE,FALSE,EXCEPTION,Date discrepancy,For Investigation,Possible settlement or posting timing difference,LOW,Compare the AR posting date with the bank settlement date and confirm whether the timing difference is expected.,"The transaction exists once in both sources and the amount, currency, and customer information agree, but the transaction dates do not meet the configured reconciliation tolerance.",HIGH,Possible settlement or posting timing difference,LOW,Compare the AR posting date with the bank settlement date and confirm whether the timing difference is expected.,"The transaction exists once in both sources and the amount, currency, and customer information agree, but the transaction dates do not meet the configured reconciliation tolerance.",HIGH
1929177554,1,1,TRUE,TRUE,TRUE,TRUE,FALSE,FALSE,FALSE,EXCEPTION,Date discrepancy,For Investigation,Possible settlement or posting timing difference,LOW,Compare the AR posting date with the bank settlement date and confirm whether the timing difference is expected.,"The transaction exists in both sources with matching amount, currency, and customer information, but the dates do not meet the configured reconciliation tolerance.",HIGH,Possible settlement or posting timing difference,LOW,Compare the AR posting date with the bank settlement date and confirm whether the timing difference is expected.,"The transaction exists in both sources with matching amount, currency, and customer information, but the dates do not meet the configured reconciliation tolerance.",HIGH
1928853080,1,1,TRUE,TRUE,TRUE,TRUE,FALSE,FALSE,FALSE,EXCEPTION,Date discrepancy,For Investigation,Possible settlement or posting timing difference,LOW,Compare the AR posting date with the bank settlement date and confirm whether the timing difference is expected.,"The transaction exists once in both sources and the amount, currency, and customer information agree, but the transaction dates do not meet the configured reconciliation tolerance.",HIGH,Possible settlement or posting timing difference,LOW,Compare the AR posting date with the bank settlement date and confirm whether the timing difference is expected.,"The transaction exists once in both sources and the amount, currency, and customer information agree, but the transaction dates do not meet the configured reconciliation tolerance.",HIGH
1930384687,2,1,TRUE,,,,,TRUE,FALSE,EXCEPTION,Duplicate AR Entry,For Investigation,Duplicate AR Entry,LOW, Investigate the AR system for duplicate entries and reconcile with the single bank settlement record.,"The duplicate AR entry was posted twice in the AR system but only settled once in the bank, causing a mismatch in the reconciliation process.",HIGH,Duplicate AR Entry,LOW, Investigate the AR system for duplicate entries and reconcile with the single bank settlement record.,"The duplicate AR entry was posted twice in the AR system but only settled once in the bank, causing a mismatch in the reconciliation process.",HIGH
1929660413,1,1,TRUE,TRUE,TRUE,TRUE,FALSE,FALSE,FALSE,EXCEPTION,Date discrepancy,For Investigation,Possible settlement or posting timing difference,LOW,Compare the AR posting date with the bank settlement date and confirm whether the timing difference is expected.,"The transaction exists once in both sources and the amount, currency, and customer information agree, but the transaction dates do not meet the configured reconciliation tolerance.",HIGH,Possible settlement or posting timing difference,LOW,Compare the AR posting date with the bank settlement date and confirm whether the timing difference is expected.,"The transaction exists once in both sources and the amount, currency, and customer information agree, but the transaction dates do not meet the configured reconciliation tolerance.",HIGH
1929101968,1,0,FALSE,,,,,FALSE,FALSE,EXCEPTION,Transaction Present in AR Only,For Investigation,Possible settlement or posting timing difference,LOW,Compare the AR posting date with the bank settlement date and confirm whether the timing difference is expected.,"The transaction exists once in both sources and the amount, currency, and customer information agree, but the transaction dates do not meet the configured reconciliation tolerance.",HIGH,Possible settlement or posting timing difference,LOW,Compare the AR posting date with the bank settlement date and confirm whether the timing difference is expected.,"The transaction exists once in both sources and the amount, currency, and customer information agree, but the transaction dates do not meet the configured reconciliation tolerance.",HIGH
1929909438,1,1,TRUE,TRUE,TRUE,TRUE,FALSE,FALSE,FALSE,EXCEPTION,Date discrepancy,For Investigation,Possible settlement or posting timing difference,LOW,Compare the AR posting date with the bank settlement date and confirm whether the timing difference is expected.,"The transaction exists once in both sources and the amount, currency, and customer information agree, but the transaction dates do not meet the configured reconciliation tolerance.",HIGH,Possible settlement or posting timing difference,LOW,Compare the AR posting date with the bank settlement date and confirm whether the timing difference is expected.,"The transaction exists once in both sources and the amount, currency, and customer information agree, but the transaction dates do not meet the configured reconciliation tolerance.",HIGH
1928901686,2,1,TRUE,,,,,TRUE,FALSE,EXCEPTION,Duplicate AR Entry,For Investigation,Duplicate AR Entry,LOW,Identify and remove the duplicate AR entry in the source system. Verify which entry should be retained and reconcile the remaining transaction.,"The transaction appears twice in both sources with identical amounts, currency, and customer details, but the duplicate entry in the AR system causes the reconciliation discrepancy. The duplicate entry is likely the result of a data import error or duplicate posting.",HIGH,Duplicate AR Entry,LOW,Identify and remove the duplicate AR entry in the source system. Verify which entry should be retained and reconcile the remaining transaction.,"The transaction appears twice in both sources with identical amounts, currency, and customer details, but the duplicate entry in the AR system causes the reconciliation discrepancy. The duplicate entry is likely the result of a data import error or duplicate posting.",HIGH
1930371160,1,1,TRUE,TRUE,TRUE,TRUE,FALSE,FALSE,FALSE,EXCEPTION,Date discrepancy,For Investigation,Possible settlement or posting timing difference,LOW,Compare the AR posting date with the bank settlement date and confirm whether the timing difference is expected.,"The transaction exists once in both sources and the amount, currency, and customer information agree, but the transaction dates do not meet the configured reconciliation tolerance.",HIGH,Possible settlement or posting timing difference,LOW,Compare the AR posting date with the bank settlement date and confirm whether the timing difference is expected.,"The transaction exists once in both sources and the amount, currency, and customer information agree, but the transaction dates do not meet the configured reconciliation tolerance.",HIGH
1929371691,1,1,TRUE,FALSE,TRUE,TRUE,FALSE,FALSE,FALSE,EXCEPTION,Amount discrepancy; Date discrepancy,For Investigation,Possible settlement or posting timing difference,LOW,Compare the AR posting date with the bank settlement date and confirm whether the timing difference is expected.,"The transaction exists once in both sources and the amount, currency, and customer information agree, but the transaction dates do not meet the configured reconciliation tolerance.",HIGH,Possible settlement or posting timing difference,LOW,Compare the AR posting date with the bank settlement date and confirm whether the timing difference is expected.,"The transaction exists once in both sources and the amount, currency, and customer information agree, but the transaction dates do not meet the configured reconciliation tolerance.",HIGH
1930547650,1,1,TRUE,TRUE,TRUE,TRUE,FALSE,FALSE,FALSE,EXCEPTION,Date discrepancy,For Investigation,Possible settlement or posting timing difference,LOW,Compare the AR posting date with the bank settlement date and confirm whether the timing difference is expected.,"The transaction exists once in both sources and the amount, currency, and customer information agree, but the transaction dates do not meet the configured reconciliation tolerance.",HIGH,Possible settlement or posting timing difference,LOW,Compare the AR posting date with the bank settlement date and confirm whether the timing difference is expected.,"The transaction exists once in both sources and the amount, currency, and customer information agree, but the transaction dates do not meet the configured reconciliation tolerance.",HIGH
1929290522,1,1,TRUE,TRUE,TRUE,TRUE,FALSE,FALSE,FALSE,EXCEPTION,Date discrepancy,For Investigation,Possible settlement or posting timing difference,LOW,Compare the AR posting date with the bank settlement date and confirm whether the timing difference is expected.,"The transaction exists once in both sources and the amount, currency, and customer information agree, but the transaction dates do not meet the configured reconciliation tolerance.",HIGH,Possible settlement or posting timing difference,LOW,Compare the AR posting date with the bank settlement date and confirm whether the timing difference is expected.,"The transaction exists once in both sources and the amount, currency, and customer information agree, but the transaction dates do not meet the configured reconciliation tolerance.",HIGH
1929660764,2,1,TRUE,,,,,TRUE,FALSE,EXCEPTION,Duplicate AR Entry,For Investigation,Duplicate AR Entry,LOW,Review the AR entries for duplicates and reconcile the duplicate entry by either removing the duplicate or adjusting the posting date to match the source system.,"The transaction exists in both sources with matching amounts, currency, and customer details, but the system detected a duplicate AR entry, leading to a conflict during reconciliation.",HIGH,Duplicate AR Entry,LOW,Review the AR entries for duplicates and reconcile the duplicate entry by either removing the duplicate or adjusting the posting date to match the source system.,"The transaction exists in both sources with matching amounts, currency, and customer details, but the system detected a duplicate AR entry, leading to a conflict during reconciliation.",HIGH
1929464057,1,1,TRUE,TRUE,TRUE,FALSE,TRUE,FALSE,FALSE,EXCEPTION,Customer discrepancy,For Investigation,Customer information mismatch between sources,LOW,"Verify customer details (e.g., account numbers, names, IDs) in both AR and bank records to identify discrepancies in data entry or mapping.","The transaction exists in both sources with matching amounts and currency, but customer information differs, leading to a reconciliation conflict under the 'Customer discrepancy' exception.",HIGH,Customer information mismatch between sources,LOW,"Verify customer details (e.g., account numbers, names, IDs) in both AR and bank records to identify discrepancies in data entry or mapping.","The transaction exists in both sources with matching amounts and currency, but customer information differs, leading to a reconciliation conflict under the 'Customer discrepancy' exception.",HIGH
2960566569,1,1,TRUE,TRUE,TRUE,TRUE,FALSE,FALSE,FALSE,EXCEPTION,Date discrepancy,For Investigation,Possible settlement or posting timing difference,LOW,Compare the AR posting date with the bank settlement date and confirm whether the timing difference is expected.,"The transaction exists once in both sources and the amount, currency, and customer information agree, but the transaction dates do not meet the configured reconciliation tolerance.",HIGH,Possible settlement or posting timing difference,LOW,Compare the AR posting date with the bank settlement date and confirm whether the timing difference is expected.,"The transaction exists once in both sources and the amount, currency, and customer information agree, but the transaction dates do not meet the configured reconciliation tolerance.",HIGH
2960566356,1,1,TRUE,FALSE,TRUE,TRUE,TRUE,FALSE,FALSE,EXCEPTION,Amount discrepancy,For Investigation,"Amount discrepancy due to data entry error, rounding difference, or mismatched currency conversion.",LOW,"Verify the AR posting amount against the bank transaction amount, checking for data entry errors, rounding settings, or currency conversion discrepancies.","The transaction exists in both sources with matching customer information and currency, but the amounts differ, indicating a possible error in entry, rounding configuration, or currency conversion settings.",HIGH,"Amount discrepancy due to data entry error, rounding difference, or mismatched currency conversion.",LOW,"Verify the AR posting amount against the bank transaction amount, checking for data entry errors, rounding settings, or currency conversion discrepancies.","The transaction exists in both sources with matching customer information and currency, but the amounts differ, indicating a possible error in entry, rounding configuration, or currency conversion settings.",HIGH
1930096381,1,1,TRUE,FALSE,TRUE,TRUE,FALSE,FALSE,FALSE,EXCEPTION,Amount discrepancy; Date discrepancy,For Investigation,Possible settlement or posting timing difference,LOW,Compare the AR posting date with the bank settlement date and confirm whether the timing difference is expected.,"The transaction exists once in both sources and the amount, currency, and customer information agree, but the transaction dates do not meet the configured reconciliation tolerance.",HIGH,Possible settlement or posting timing difference,LOW,Compare the AR posting date with the bank settlement date and confirm whether the timing difference is expected.,"The transaction exists once in both sources and the amount, currency, and customer information agree, but the transaction dates do not meet the configured reconciliation tolerance.",HIGH
1929652227,1,0,FALSE,,,,,FALSE,FALSE,EXCEPTION,Transaction Present in AR Only,For Investigation,Settlement or posting timing difference,LOW,Compare the AR posting date with the bank settlement date and confirm whether the timing difference is expected.,"The transaction is present in AR but missing in the bank records, indicating a possible timing difference between the AR posting and bank settlement dates.",HIGH,Settlement or posting timing difference,LOW,Compare the AR posting date with the bank settlement date and confirm whether the timing difference is expected.,"The transaction is present in AR but missing in the bank records, indicating a possible timing difference between the AR posting and bank settlement dates.",HIGH
1930389448,1,2,TRUE,,,,,FALSE,TRUE,EXCEPTION,Duplicate Bank Entry,For Investigation,Duplicate Bank Entry,LOW,Review the bank entries for duplicate transactions and reconcile the duplicate entry with the corresponding AR posting. Remove or correct the duplicate record in the bank system.,"The transaction exists once in both sources and matches in amount, currency, and customer information, but the system detected a duplicate entry in the bank. This likely occurs when the same transaction was processed twice in the bank system, leading to a mismatch during reconciliation.",HIGH,Duplicate Bank Entry,LOW,Review the bank entries for duplicate transactions and reconcile the duplicate entry with the corresponding AR posting. Remove or correct the duplicate record in the bank system.,"The transaction exists once in both sources and matches in amount, currency, and customer information, but the system detected a duplicate entry in the bank. This likely occurs when the same transaction was processed twice in the bank system, leading to a mismatch during reconciliation.",HIGH
1930426555,1,2,TRUE,,,,,FALSE,TRUE,EXCEPTION,Duplicate Bank Entry,For Investigation,Duplicate Bank Entry,LOW,Review the bank statement and AR records to identify and remove the duplicate entry in the bank system. Ensure reconciliation processes flag duplicates during matching.,"The transaction exists once in both sources with matching amount, currency, and customer details, but the duplicate bank entry caused a mismatch in the reconciliation process. The duplicate entry likely resulted from a double posting or manual entry error in the bank system.",HIGH,Duplicate Bank Entry,LOW,Review the bank statement and AR records to identify and remove the duplicate entry in the bank system. Ensure reconciliation processes flag duplicates during matching.,"The transaction exists once in both sources with matching amount, currency, and customer details, but the duplicate bank entry caused a mismatch in the reconciliation process. The duplicate entry likely resulted from a double posting or manual entry error in the bank system.",HIGH
2960578668,1,1,TRUE,TRUE,TRUE,FALSE,TRUE,FALSE,FALSE,EXCEPTION,Customer discrepancy,For Investigation,Incorrect customer information in one of the reconciling sources,LOW,"Verify customer details (e.g., name, ID, address) in both the AR system and the bank records to identify mismatches.","The transaction exists in both sources with matching amounts, currency, and other details, but customer information does not align, causing the discrepancy.",HIGH,Incorrect customer information in one of the reconciling sources,LOW,"Verify customer details (e.g., name, ID, address) in both the AR system and the bank records to identify mismatches.","The transaction exists in both sources with matching amounts, currency, and other details, but customer information does not align, causing the discrepancy.",HIGH
1928654101,1,1,TRUE,TRUE,TRUE,TRUE,FALSE,FALSE,FALSE,EXCEPTION,Date discrepancy,For Investigation,Possible settlement or posting timing difference,LOW,Compare the AR posting date with the bank settlement date and confirm whether the timing difference is expected.,"The transaction exists once in both sources and the amount, currency, and customer information agree, but the transaction dates do not meet the configured reconciliation tolerance.",HIGH,Possible settlement or posting timing difference,LOW,Compare the AR posting date with the bank settlement date and confirm whether the timing difference is expected.,"The transaction exists once in both sources and the amount, currency, and customer information agree, but the transaction dates do not meet the configured reconciliation tolerance.",HIGH
1929681828,1,0,FALSE,,,,,FALSE,FALSE,EXCEPTION,Transaction Present in AR Only,For Investigation,Transaction Present in AR Only,LOW,Compare the AR posting date with the bank settlement date and confirm whether the timing difference is expected.,"The transaction exists in AR but is missing from the bank reconciliation. This indicates the transaction may have been posted to AR before the corresponding bank settlement occurred, leading to a timing mismatch.",HIGH,Transaction Present in AR Only,LOW,Compare the AR posting date with the bank settlement date and confirm whether the timing difference is expected.,"The transaction exists in AR but is missing from the bank reconciliation. This indicates the transaction may have been posted to AR before the corresponding bank settlement occurred, leading to a timing mismatch.",HIGH
1930254743,1,1,TRUE,TRUE,TRUE,TRUE,FALSE,FALSE,FALSE,EXCEPTION,Date discrepancy,For Investigation,Possible settlement or posting timing difference,LOW,Compare the AR posting date with the bank settlement date and confirm whether the timing difference is expected.,"The transaction exists once in both sources and the amount, currency, and customer information agree, but the transaction dates do not meet the configured reconciliation tolerance.",HIGH,Possible settlement or posting timing difference,LOW,Compare the AR posting date with the bank settlement date and confirm whether the timing difference is expected.,"The transaction exists once in both sources and the amount, currency, and customer information agree, but the transaction dates do not meet the configured reconciliation tolerance.",HIGH
1929379100,1,1,TRUE,TRUE,TRUE,TRUE,FALSE,FALSE,FALSE,EXCEPTION,Date discrepancy,For Investigation,Possible settlement or posting timing difference,LOW,Compare the AR posting date with the bank settlement date and confirm whether the timing difference is expected.,"The transaction exists once in both sources and the amount, currency, and customer information agree, but the transaction dates do not meet the configured reconciliation tolerance.",HIGH,Possible settlement or posting timing difference,LOW,Compare the AR posting date with the bank settlement date and confirm whether the timing difference is expected.,"The transaction exists once in both sources and the amount, currency, and customer information agree, but the transaction dates do not meet the configured reconciliation tolerance.",HIGH
1928994964,1,1,TRUE,TRUE,TRUE,TRUE,FALSE,FALSE,FALSE,EXCEPTION,Date discrepancy,For Investigation,Possible settlement or posting timing difference,LOW,Compare the AR posting date with the bank settlement date and confirm whether the timing difference is expected.,"The transaction exists once in both sources and the amount, currency, and customer information agree, but the transaction dates do not meet the configured reconciliation tolerance.",HIGH,Possible settlement or posting timing difference,LOW,Compare the AR posting date with the bank settlement date and confirm whether the timing difference is expected.,"The transaction exists once in both sources and the amount, currency, and customer information agree, but the transaction dates do not meet the configured reconciliation tolerance.",HIGH
1930477796,1,1,TRUE,TRUE,FALSE,TRUE,TRUE,FALSE,FALSE,EXCEPTION,Currency discrepancy,For Investigation,Currency code mismatch between AR and bank records,LOW,Verify the currency codes in both AR and bank records to ensure they match and align with the configured reconciliation settings.,"The transaction exists in both sources with matching amount, customer information, and currency fields, but the currency codes (e.g., USD vs. EUR) differ, causing the discrepancy. Confirm the correct currency code was used in both systems.",HIGH,Currency code mismatch between AR and bank records,LOW,Verify the currency codes in both AR and bank records to ensure they match and align with the configured reconciliation settings.,"The transaction exists in both sources with matching amount, customer information, and currency fields, but the currency codes (e.g., USD vs. EUR) differ, causing the discrepancy. Confirm the correct currency code was used in both systems.",HIGH
1928999264,1,1,TRUE,TRUE,FALSE,TRUE,TRUE,FALSE,FALSE,EXCEPTION,Currency discrepancy,For Investigation,Currency configuration mismatch between AR system and bank,LOW,Verify currency settings in both AR system and bank reconciliation configuration,"The transaction exists in both sources with matching amount, customer information, and currency codes, but the currency discrepancy indicates a configuration mismatch between the AR system and bank reconciliation settings.",HIGH,Currency configuration mismatch between AR system and bank,LOW,Verify currency settings in both AR system and bank reconciliation configuration,"The transaction exists in both sources with matching amount, customer information, and currency codes, but the currency discrepancy indicates a configuration mismatch between the AR system and bank reconciliation settings.",HIGH
1929986960,1,1,TRUE,TRUE,TRUE,TRUE,FALSE,FALSE,FALSE,EXCEPTION,Date discrepancy,For Investigation,Possible settlement or posting timing difference,LOW,Compare the AR posting date with the bank settlement date and confirm whether the timing difference is expected.,"The transaction exists once in both sources and the amount, currency, and customer information agree, but the transaction dates do not meet the configured reconciliation tolerance.",HIGH,Possible settlement or posting timing difference,LOW,Compare the AR posting date with the bank settlement date and confirm whether the timing difference is expected.,"The transaction exists once in both sources and the amount, currency, and customer information agree, but the transaction dates do not meet the configured reconciliation tolerance.",HIGH
1929192305,1,2,TRUE,,,,,FALSE,TRUE,EXCEPTION,Duplicate Bank Entry,For Investigation,Duplicate Bank Entry,LOW,Verify if the transaction was manually entered twice in the bank system and remove the duplicate entry.,"The transaction exists in both sources with matching amount, currency, and customer information, but the system detected a duplicate entry in the bank records, leading to the exception.",HIGH,Duplicate Bank Entry,LOW,Verify if the transaction was manually entered twice in the bank system and remove the duplicate entry.,"The transaction exists in both sources with matching amount, currency, and customer information, but the system detected a duplicate entry in the bank records, leading to the exception.",HIGH
1929628166,1,1,TRUE,TRUE,TRUE,FALSE,FALSE,FALSE,FALSE,EXCEPTION,Customer discrepancy; Date discrepancy,For Investigation,Possible settlement or posting timing difference,LOW,Compare the AR posting date with the bank settlement date and confirm whether the timing difference is expected.,"The transaction exists once in both sources and the amount, currency, and customer information agree, but the transaction dates do not meet the configured reconciliation tolerance.",HIGH,Possible settlement or posting timing difference,LOW,Compare the AR posting date with the bank settlement date and confirm whether the timing difference is expected.,"The transaction exists once in both sources and the amount, currency, and customer information agree, but the transaction dates do not meet the configured reconciliation tolerance.",HIGH
1929403029,1,1,TRUE,FALSE,TRUE,TRUE,FALSE,FALSE,FALSE,EXCEPTION,Amount discrepancy; Date discrepancy,For Investigation,Possible settlement or posting timing difference,LOW,Compare the AR posting date with the bank settlement date and confirm whether the timing difference is expected.,"The transaction exists once in both sources and the amount, currency, and customer information agree, but the transaction dates do not meet the configured reconciliation tolerance.",HIGH,Possible settlement or posting timing difference,LOW,Compare the AR posting date with the bank settlement date and confirm whether the timing difference is expected.,"The transaction exists once in both sources and the amount, currency, and customer information agree, but the transaction dates do not meet the configured reconciliation tolerance.",HIGH
1929415413,1,0,FALSE,,,,,FALSE,FALSE,EXCEPTION,Transaction Present in AR Only,For Investigation,"The transaction was posted in AR but not yet settled in the bank, indicating a timing difference between AR posting and bank settlement.",LOW,Verify if the bank has not yet settled the transaction and confirm the expected timing of settlement.,"The transaction exists in AR but is missing from the bank records, suggesting it has not yet been processed or settled by the bank, leading to the 'Transaction Present in AR Only' exception.",HIGH,"The transaction was posted in AR but not yet settled in the bank, indicating a timing difference between AR posting and bank settlement.",LOW,Verify if the bank has not yet settled the transaction and confirm the expected timing of settlement.,"The transaction exists in AR but is missing from the bank records, suggesting it has not yet been processed or settled by the bank, leading to the 'Transaction Present in AR Only' exception.",HIGH
1929760169,1,1,TRUE,TRUE,TRUE,TRUE,FALSE,FALSE,FALSE,EXCEPTION,Date discrepancy,For Investigation,Possible settlement or posting timing difference,LOW,Compare the AR posting date with the bank settlement date and confirm whether the timing difference is expected.,"The transaction exists in both sources with matching amount, currency, and customer information, but the dates do not meet the configured reconciliation tolerance, leading to the date discrepancy.",HIGH,Possible settlement or posting timing difference,LOW,Compare the AR posting date with the bank settlement date and confirm whether the timing difference is expected.,"The transaction exists in both sources with matching amount, currency, and customer information, but the dates do not meet the configured reconciliation tolerance, leading to the date discrepancy.",HIGH
1929091626,1,1,TRUE,TRUE,TRUE,FALSE,FALSE,FALSE,FALSE,EXCEPTION,Customer discrepancy; Date discrepancy,For Investigation,Possible settlement or posting timing difference,LOW,Compare the AR posting date with the bank settlement date and confirm whether the timing difference is expected.,"The transaction exists once in both sources and the amount, currency, and customer information agree, but the transaction dates do not meet the configured reconciliation tolerance.",HIGH,Possible settlement or posting timing difference,LOW,Compare the AR posting date with the bank settlement date and confirm whether the timing difference is expected.,"The transaction exists once in both sources and the amount, currency, and customer information agree, but the transaction dates do not meet the configured reconciliation tolerance.",HIGH
1930163323,1,1,TRUE,TRUE,TRUE,TRUE,FALSE,FALSE,FALSE,EXCEPTION,Date discrepancy,For Investigation,Possible settlement or posting timing difference,LOW,Compare the AR posting date with the bank settlement date and confirm whether the timing difference is expected.,"The transaction exists once in both sources and the amount, currency, and customer information agree, but the transaction dates do not meet the configured reconciliation tolerance.",HIGH,Possible settlement or posting timing difference,LOW,Compare the AR posting date with the bank settlement date and confirm whether the timing difference is expected.,"The transaction exists once in both sources and the amount, currency, and customer information agree, but the transaction dates do not meet the configured reconciliation tolerance.",HIGH
1929279158,1,1,TRUE,TRUE,TRUE,TRUE,FALSE,FALSE,FALSE,EXCEPTION,Date discrepancy,For Investigation,Possible settlement or posting timing difference,LOW,Compare the AR posting date with the bank settlement date and confirm whether the timing difference is expected.,"The transaction exists once in both sources and the amount, currency, and customer information agree, but the transaction dates do not meet the configured reconciliation tolerance.",HIGH,Possible settlement or posting timing difference,LOW,Compare the AR posting date with the bank settlement date and confirm whether the timing difference is expected.,"The transaction exists once in both sources and the amount, currency, and customer information agree, but the transaction dates do not meet the configured reconciliation tolerance.",HIGH
1930385975,1,1,TRUE,TRUE,TRUE,TRUE,FALSE,FALSE,FALSE,EXCEPTION,Date discrepancy,For Investigation,Possible settlement or posting timing difference,LOW,Compare the AR posting date with the bank settlement date and confirm whether the timing difference is expected.,"The transaction exists once in both sources and the amount, currency, and customer information agree, but the transaction dates do not meet the configured reconciliation tolerance.",HIGH,Possible settlement or posting timing difference,LOW,Compare the AR posting date with the bank settlement date and confirm whether the timing difference is expected.,"The transaction exists once in both sources and the amount, currency, and customer information agree, but the transaction dates do not meet the configured reconciliation tolerance.",HIGH
1928639641,1,1,TRUE,TRUE,TRUE,TRUE,FALSE,FALSE,FALSE,EXCEPTION,Date discrepancy,For Investigation,Possible settlement or posting timing difference,LOW,Compare the AR posting date with the bank settlement date and confirm whether the timing difference is expected.,"The transaction exists once in both sources and the amount, currency, and customer information agree, but the transaction dates do not meet the configured reconciliation tolerance.",HIGH,Possible settlement or posting timing difference,LOW,Compare the AR posting date with the bank settlement date and confirm whether the timing difference is expected.,"The transaction exists once in both sources and the amount, currency, and customer information agree, but the transaction dates do not meet the configured reconciliation tolerance.",HIGH
1930557614,1,1,TRUE,TRUE,TRUE,TRUE,FALSE,FALSE,FALSE,EXCEPTION,Date discrepancy,For Investigation,Possible settlement or posting timing difference,LOW,Compare the AR posting date with the bank settlement date and confirm whether the timing difference is expected.,"The transaction exists in both sources with matching amount, currency, and customer information, but the dates differ beyond the configured reconciliation tolerance.",HIGH,Possible settlement or posting timing difference,LOW,Compare the AR posting date with the bank settlement date and confirm whether the timing difference is expected.,"The transaction exists in both sources with matching amount, currency, and customer information, but the dates differ beyond the configured reconciliation tolerance.",HIGH
1930426229,1,1,TRUE,TRUE,TRUE,TRUE,FALSE,FALSE,FALSE,EXCEPTION,Date discrepancy,For Investigation,Possible settlement or posting timing difference,LOW,Compare the AR posting date with the bank settlement date and confirm whether the timing difference is expected.,"The transaction exists once in both sources and the amount, currency, and customer information agree, but the transaction dates do not meet the configured reconciliation tolerance.",HIGH,Possible settlement or posting timing difference,LOW,Compare the AR posting date with the bank settlement date and confirm whether the timing difference is expected.,"The transaction exists once in both sources and the amount, currency, and customer information agree, but the transaction dates do not meet the configured reconciliation tolerance.",HIGH
1929321061,1,1,TRUE,TRUE,TRUE,FALSE,TRUE,FALSE,FALSE,EXCEPTION,Customer discrepancy,For Investigation,Customer data mismatch between AR system and bank records,LOW,Verify customer information in both AR system and bank records to identify matching criteria differences,"The transaction exists in both sources with matching amount, currency, and transaction details, but customer information differs, causing the reconciliation exception.",HIGH,Customer data mismatch between AR system and bank records,LOW,Verify customer information in both AR system and bank records to identify matching criteria differences,"The transaction exists in both sources with matching amount, currency, and transaction details, but customer information differs, causing the reconciliation exception.",HIGH
1930033213,1,1,TRUE,TRUE,TRUE,TRUE,FALSE,FALSE,FALSE,EXCEPTION,Date discrepancy,For Investigation,Date discrepancy due to settlement or posting timing differences,LOW,Compare the AR posting date with the bank settlement date and confirm whether the timing difference is expected,"The transaction exists once in both sources and the amount, currency, and customer information agree, but the transaction dates do not meet the configured reconciliation tolerance",HIGH,Date discrepancy due to settlement or posting timing differences,LOW,Compare the AR posting date with the bank settlement date and confirm whether the timing difference is expected,"The transaction exists once in both sources and the amount, currency, and customer information agree, but the transaction dates do not meet the configured reconciliation tolerance",HIGH
1930008838,1,1,TRUE,FALSE,TRUE,TRUE,FALSE,FALSE,FALSE,EXCEPTION,Amount discrepancy; Date discrepancy,For Investigation,Possible settlement or posting timing difference,LOW,Compare the AR posting date with the bank settlement date and confirm whether the timing difference is expected.,"The transaction exists once in both sources and the amount, currency, and customer information agree, but the transaction dates do not meet the configured reconciliation tolerance.",HIGH,Possible settlement or posting timing difference,LOW,Compare the AR posting date with the bank settlement date and confirm whether the timing difference is expected.,"The transaction exists once in both sources and the amount, currency, and customer information agree, but the transaction dates do not meet the configured reconciliation tolerance.",HIGH
1929020964,1,1,TRUE,TRUE,TRUE,TRUE,FALSE,FALSE,FALSE,EXCEPTION,Date discrepancy,For Investigation,Possible settlement or posting timing difference,LOW,Compare the AR posting date with the bank settlement date and confirm whether the timing difference is expected.,"The transaction exists once in both sources and the amount, currency, and customer information agree, but the transaction dates do not meet the configured reconciliation tolerance.",HIGH,Possible settlement or posting timing difference,LOW,Compare the AR posting date with the bank settlement date and confirm whether the timing difference is expected.,"The transaction exists once in both sources and the amount, currency, and customer information agree, but the transaction dates do not meet the configured reconciliation tolerance.",HIGH
1930346915,1,1,TRUE,TRUE,TRUE,TRUE,FALSE,FALSE,FALSE,EXCEPTION,Date discrepancy,For Investigation,Possible settlement or posting timing difference,LOW,Compare the AR posting date with the bank settlement date and confirm whether the timing difference is expected.,"The transaction exists once in both sources and the amount, currency, and customer information agree, but the transaction dates do not meet the configured reconciliation tolerance.",HIGH,Possible settlement or posting timing difference,LOW,Compare the AR posting date with the bank settlement date and confirm whether the timing difference is expected.,"The transaction exists once in both sources and the amount, currency, and customer information agree, but the transaction dates do not meet the configured reconciliation tolerance.",HIGH
1929555112,1,1,TRUE,TRUE,TRUE,TRUE,FALSE,FALSE,FALSE,EXCEPTION,Date discrepancy,For Investigation,Settlement or posting timing difference,LOW,Compare the AR posting date with the bank settlement date and confirm whether the timing difference is expected.,"The transaction exists once in both sources and the amount, currency, and customer information agree, but the transaction dates do not meet the configured reconciliation tolerance.",HIGH,Settlement or posting timing difference,LOW,Compare the AR posting date with the bank settlement date and confirm whether the timing difference is expected.,"The transaction exists once in both sources and the amount, currency, and customer information agree, but the transaction dates do not meet the configured reconciliation tolerance.",HIGH
1928661331,1,1,TRUE,TRUE,TRUE,TRUE,FALSE,FALSE,FALSE,EXCEPTION,Date discrepancy,For Investigation,Possible settlement or posting timing difference,LOW,Compare the AR posting date with the bank settlement date and confirm whether the timing difference is expected.,"The transaction exists once in both sources and the amount, currency, and customer information agree, but the transaction dates do not meet the configured reconciliation tolerance.",HIGH,Possible settlement or posting timing difference,LOW,Compare the AR posting date with the bank settlement date and confirm whether the timing difference is expected.,"The transaction exists once in both sources and the amount, currency, and customer information agree, but the transaction dates do not meet the configured reconciliation tolerance.",HIGH
1929928015,1,1,TRUE,TRUE,TRUE,TRUE,FALSE,FALSE,FALSE,EXCEPTION,Date discrepancy,For Investigation,Possible settlement or posting timing difference,LOW,Compare the AR posting date with the bank settlement date and confirm whether the timing difference is expected.,"The transaction exists in both sources with matching amount, currency, and customer information, but the dates do not meet the configured reconciliation tolerance, indicating a date discrepancy.",HIGH,Possible settlement or posting timing difference,LOW,Compare the AR posting date with the bank settlement date and confirm whether the timing difference is expected.,"The transaction exists in both sources with matching amount, currency, and customer information, but the dates do not meet the configured reconciliation tolerance, indicating a date discrepancy.",HIGH
1928830684,2,1,TRUE,,,,,TRUE,FALSE,EXCEPTION,Duplicate AR Entry,For Investigation,Duplicate AR Entry,LOW,"Investigate the AR system for duplicate entries with identical customer information and amounts, and remove or reconcile the duplicate record.","The reconciliation issue arises from a duplicate AR entry in the system, where the same transaction was posted twice. While the amount, currency, and customer details match, the duplicate entry causes a mismatch in the reconciliation process despite the dates falling outside the configured tolerance.",HIGH,Duplicate AR Entry,LOW,"Investigate the AR system for duplicate entries with identical customer information and amounts, and remove or reconcile the duplicate record.","The reconciliation issue arises from a duplicate AR entry in the system, where the same transaction was posted twice. While the amount, currency, and customer details match, the duplicate entry causes a mismatch in the reconciliation process despite the dates falling outside the configured tolerance.",HIGH
1929791681,1,2,TRUE,,,,,FALSE,TRUE,EXCEPTION,Duplicate Bank Entry,For Investigation,Duplicate Bank Entry,LOW,Review the bank statement and reconcile duplicate entries by removing the duplicate transaction from the bank system or adjusting the reconciliation rules to account for it.,"The exception arises due to a duplicate bank entry, where the same transaction appears twice in the bank records but only once in the source system, causing a reconciliation conflict.",HIGH,Duplicate Bank Entry,LOW,Review the bank statement and reconcile duplicate entries by removing the duplicate transaction from the bank system or adjusting the reconciliation rules to account for it.,"The exception arises due to a duplicate bank entry, where the same transaction appears twice in the bank records but only once in the source system, causing a reconciliation conflict.",HIGH
1928797458,1,1,TRUE,TRUE,TRUE,TRUE,FALSE,FALSE,FALSE,EXCEPTION,Date discrepancy,For Investigation,Possible settlement or posting timing difference,LOW,Compare the AR posting date with the bank settlement date and confirm whether the timing difference is expected.,"The transaction exists once in both sources and the amount, currency, and customer information agree, but the transaction dates do not meet the configured reconciliation tolerance.",HIGH,Possible settlement or posting timing difference,LOW,Compare the AR posting date with the bank settlement date and confirm whether the timing difference is expected.,"The transaction exists once in both sources and the amount, currency, and customer information agree, but the transaction dates do not meet the configured reconciliation tolerance.",HIGH
1929691416,1,1,TRUE,TRUE,TRUE,TRUE,FALSE,FALSE,FALSE,EXCEPTION,Date discrepancy,For Investigation,Possible settlement or posting timing difference,LOW,Compare the AR posting date with the bank settlement date and confirm whether the timing difference is expected.,"The transaction exists once in both sources and the amount, currency, and customer information agree, but the transaction dates do not meet the configured reconciliation tolerance.",HIGH,Possible settlement or posting timing difference,LOW,Compare the AR posting date with the bank settlement date and confirm whether the timing difference is expected.,"The transaction exists once in both sources and the amount, currency, and customer information agree, but the transaction dates do not meet the configured reconciliation tolerance.",HIGH
1928980697,1,1,TRUE,TRUE,FALSE,TRUE,FALSE,FALSE,FALSE,EXCEPTION,Currency discrepancy; Date discrepancy,For Investigation,Possible settlement or posting timing difference,LOW,Compare the AR posting date with the bank settlement date and confirm whether the timing difference is expected.,"The transaction exists once in both sources and the amount, currency, and customer information agree, but the transaction dates do not meet the configured reconciliation tolerance.",HIGH,Possible settlement or posting timing difference,LOW,Compare the AR posting date with the bank settlement date and confirm whether the timing difference is expected.,"The transaction exists once in both sources and the amount, currency, and customer information agree, but the transaction dates do not meet the configured reconciliation tolerance.",HIGH
1930470416,1,1,TRUE,TRUE,TRUE,TRUE,FALSE,FALSE,FALSE,EXCEPTION,Date discrepancy,For Investigation,Possible settlement or posting timing difference,LOW,Compare the AR posting date with the bank settlement date and confirm whether the timing difference is expected.,"The transaction exists once in both sources and the amount, currency, and customer information agree, but the transaction dates do not meet the configured reconciliation tolerance.",HIGH,Possible settlement or posting timing difference,LOW,Compare the AR posting date with the bank settlement date and confirm whether the timing difference is expected.,"The transaction exists once in both sources and the amount, currency, and customer information agree, but the transaction dates do not meet the configured reconciliation tolerance.",HIGH
1929905199,1,1,TRUE,TRUE,FALSE,TRUE,TRUE,FALSE,FALSE,EXCEPTION,Currency discrepancy,For Investigation,Currency code mismatch or incorrect currency application in one of the sources,LOW,"Verify the currency codes in both sources (e.g., USD vs. EUR) and ensure exchange rates or conversion rules are applied consistently. Check for data entry errors or formatting differences (e.g., symbol vs. alphanumeric code).","The transaction exists in both sources with matching amount, customer information, and currency fields, but the currency discrepancy suggests a mismatch in code formatting, exchange rate application, or data entry errors. Confirm alignment with configured currency rules.",HIGH,Currency code mismatch or incorrect currency application in one of the sources,LOW,"Verify the currency codes in both sources (e.g., USD vs. EUR) and ensure exchange rates or conversion rules are applied consistently. Check for data entry errors or formatting differences (e.g., symbol vs. alphanumeric code).","The transaction exists in both sources with matching amount, customer information, and currency fields, but the currency discrepancy suggests a mismatch in code formatting, exchange rate application, or data entry errors. Confirm alignment with configured currency rules.",HIGH
1929340507,2,1,TRUE,,,,,TRUE,FALSE,EXCEPTION,Duplicate AR Entry,For Investigation,Duplicate AR Entry,LOW,"Review the AR entries for duplicates, investigate the source system for duplicate postings, and reconcile the entries to determine if they should be merged or corrected.","The transaction exists twice in both sources with identical amounts, currency, and customer information, indicating a duplicate AR entry. The date discrepancy is a secondary effect of the duplication rather than the primary issue.",HIGH,Duplicate AR Entry,LOW,"Review the AR entries for duplicates, investigate the source system for duplicate postings, and reconcile the entries to determine if they should be merged or corrected.","The transaction exists twice in both sources with identical amounts, currency, and customer information, indicating a duplicate AR entry. The date discrepancy is a secondary effect of the duplication rather than the primary issue.",HIGH
2960527206,1,1,TRUE,TRUE,TRUE,TRUE,FALSE,FALSE,FALSE,EXCEPTION,Date discrepancy,For Investigation,Possible settlement or posting timing difference,LOW,Compare the AR posting date with the bank settlement date and confirm whether the timing difference is expected.,"The transaction exists once in both sources and the amount, currency, and customer information agree, but the transaction dates do not meet the configured reconciliation tolerance.",HIGH,Possible settlement or posting timing difference,LOW,Compare the AR posting date with the bank settlement date and confirm whether the timing difference is expected.,"The transaction exists once in both sources and the amount, currency, and customer information agree, but the transaction dates do not meet the configured reconciliation tolerance.",HIGH
1928903636,1,1,TRUE,TRUE,TRUE,TRUE,FALSE,FALSE,FALSE,EXCEPTION,Date discrepancy,For Investigation,Possible settlement or posting timing difference,LOW,Compare the AR posting date with the bank settlement date and confirm whether the timing difference is expected.,"The transaction dates do not meet the configured reconciliation tolerance, indicating a date discrepancy despite matching amount, currency, and customer information.",HIGH,Possible settlement or posting timing difference,LOW,Compare the AR posting date with the bank settlement date and confirm whether the timing difference is expected.,"The transaction dates do not meet the configured reconciliation tolerance, indicating a date discrepancy despite matching amount, currency, and customer information.",HIGH
1929419609,1,1,TRUE,TRUE,TRUE,TRUE,FALSE,FALSE,FALSE,EXCEPTION,Date discrepancy,For Investigation,Possible settlement or posting timing difference,LOW,Compare the AR posting date with the bank settlement date and confirm whether the timing difference is expected.,"The transaction exists once in both sources and the amount, currency, and customer information agree, but the transaction dates do not meet the configured reconciliation tolerance.",HIGH,Possible settlement or posting timing difference,LOW,Compare the AR posting date with the bank settlement date and confirm whether the timing difference is expected.,"The transaction exists once in both sources and the amount, currency, and customer information agree, but the transaction dates do not meet the configured reconciliation tolerance.",HIGH
1928702833,1,1,TRUE,TRUE,TRUE,TRUE,FALSE,FALSE,FALSE,EXCEPTION,Date discrepancy,For Investigation,Possible settlement or posting timing difference,LOW,Compare the AR posting date with the bank settlement date and confirm whether the timing difference is expected.,"The transaction exists once in both sources and the amount, currency, and customer information agree, but the transaction dates do not meet the configured reconciliation tolerance.",HIGH,Possible settlement or posting timing difference,LOW,Compare the AR posting date with the bank settlement date and confirm whether the timing difference is expected.,"The transaction exists once in both sources and the amount, currency, and customer information agree, but the transaction dates do not meet the configured reconciliation tolerance.",HIGH
1928909212,1,1,TRUE,FALSE,TRUE,TRUE,TRUE,FALSE,FALSE,EXCEPTION,Amount discrepancy,For Investigation,Amount rounding or currency conversion difference,LOW,Verify the amounts in both sources and check for rounding rules or currency conversion discrepancies that may explain the difference.,"The transaction exists in both sources with matching customer information and currency, but the amounts do not meet the configured reconciliation tolerance, indicating a potential discrepancy in amount recording or conversion.",HIGH,Amount rounding or currency conversion difference,LOW,Verify the amounts in both sources and check for rounding rules or currency conversion discrepancies that may explain the difference.,"The transaction exists in both sources with matching customer information and currency, but the amounts do not meet the configured reconciliation tolerance, indicating a potential discrepancy in amount recording or conversion.",HIGH
1928901831,1,1,TRUE,TRUE,TRUE,TRUE,FALSE,FALSE,FALSE,EXCEPTION,Date discrepancy,For Investigation,Possible settlement or posting timing difference,LOW,Compare the AR posting date with the bank settlement date and confirm whether the timing difference is expected.,"The transaction exists once in both sources and the amount, currency, and customer information agree, but the transaction dates do not meet the configured reconciliation tolerance.",HIGH,Possible settlement or posting timing difference,LOW,Compare the AR posting date with the bank settlement date and confirm whether the timing difference is expected.,"The transaction exists once in both sources and the amount, currency, and customer information agree, but the transaction dates do not meet the configured reconciliation tolerance.",HIGH
1929225432,1,1,TRUE,TRUE,TRUE,TRUE,FALSE,FALSE,FALSE,EXCEPTION,Date discrepancy,For Investigation,Possible settlement or posting timing difference,LOW,Compare the AR posting date with the bank settlement date and confirm whether the timing difference is expected.,"The transaction exists once in both sources and the amount, currency, and customer information agree, but the transaction dates do not meet the configured reconciliation tolerance.",HIGH,Possible settlement or posting timing difference,LOW,Compare the AR posting date with the bank settlement date and confirm whether the timing difference is expected.,"The transaction exists once in both sources and the amount, currency, and customer information agree, but the transaction dates do not meet the configured reconciliation tolerance.",HIGH
1929660820,2,1,TRUE,,,,,TRUE,FALSE,EXCEPTION,Duplicate AR Entry,For Investigation,Duplicate AR Entry,LOW,Verify the AR system for duplicate entries and reconcile the duplicate transaction with the source system to determine the correct posting status.,"The transaction exists once in both sources with matching amount, currency, and customer information, but the system identifies it as a duplicate AR Entry, indicating a potential duplicate posting or synchronization issue.",HIGH,Duplicate AR Entry,LOW,Verify the AR system for duplicate entries and reconcile the duplicate transaction with the source system to determine the correct posting status.,"The transaction exists once in both sources with matching amount, currency, and customer information, but the system identifies it as a duplicate AR Entry, indicating a potential duplicate posting or synchronization issue.",HIGH
1928853418,1,1,TRUE,TRUE,TRUE,TRUE,FALSE,FALSE,FALSE,EXCEPTION,Date discrepancy,For Investigation,Possible settlement or posting timing difference,LOW,Compare the AR posting date with the bank settlement date and confirm whether the timing difference is expected.,"The transaction exists once in both sources and the amount, currency, and customer information agree, but the transaction dates do not meet the configured reconciliation tolerance.",HIGH,Possible settlement or posting timing difference,LOW,Compare the AR posting date with the bank settlement date and confirm whether the timing difference is expected.,"The transaction exists once in both sources and the amount, currency, and customer information agree, but the transaction dates do not meet the configured reconciliation tolerance.",HIGH
1929333993,1,1,TRUE,TRUE,TRUE,TRUE,FALSE,FALSE,FALSE,EXCEPTION,Date discrepancy,For Investigation,Settlement or posting timing difference,LOW,Compare the AR posting date with the bank settlement date and confirm whether the timing difference is expected.,"The transaction exists once in both sources and the amount, currency, and customer information agree, but the transaction dates do not meet the configured reconciliation tolerance.",HIGH,Settlement or posting timing difference,LOW,Compare the AR posting date with the bank settlement date and confirm whether the timing difference is expected.,"The transaction exists once in both sources and the amount, currency, and customer information agree, but the transaction dates do not meet the configured reconciliation tolerance.",HIGH
1929305956,1,1,TRUE,TRUE,TRUE,TRUE,FALSE,FALSE,FALSE,EXCEPTION,Date discrepancy,For Investigation,Possible settlement or posting timing difference,LOW,Compare the AR posting date with the bank settlement date and confirm whether the timing difference is expected.,"The transaction exists once in both sources and the amount, currency, and customer information agree, but the transaction dates do not meet the configured reconciliation tolerance.",HIGH,Possible settlement or posting timing difference,LOW,Compare the AR posting date with the bank settlement date and confirm whether the timing difference is expected.,"The transaction exists once in both sources and the amount, currency, and customer information agree, but the transaction dates do not meet the configured reconciliation tolerance.",HIGH
1929792799,1,1,TRUE,TRUE,TRUE,TRUE,FALSE,FALSE,FALSE,EXCEPTION,Date discrepancy,For Investigation,Possible settlement or posting timing difference,LOW,Compare the AR posting date with the bank settlement date and confirm whether the timing difference is expected.,"The transaction exists once in both sources and the amount, currency, and customer information agree, but the transaction dates do not meet the configured reconciliation tolerance.",HIGH,Possible settlement or posting timing difference,LOW,Compare the AR posting date with the bank settlement date and confirm whether the timing difference is expected.,"The transaction exists once in both sources and the amount, currency, and customer information agree, but the transaction dates do not meet the configured reconciliation tolerance.",HIGH
1929802511,1,1,TRUE,FALSE,TRUE,TRUE,TRUE,FALSE,FALSE,EXCEPTION,Amount discrepancy,For Investigation,Amount discrepancy due to differing values in AR vs. bank records,LOW,"Verify the exact amount in both AR and bank records, investigate potential data entry errors, rounding differences, or currency conversion issues","The transaction exists in both sources with matching currency, customer info, and other details, but the amounts differ, indicating a discrepancy in the monetary value recorded between systems",HIGH,Amount discrepancy due to differing values in AR vs. bank records,LOW,"Verify the exact amount in both AR and bank records, investigate potential data entry errors, rounding differences, or currency conversion issues","The transaction exists in both sources with matching currency, customer info, and other details, but the amounts differ, indicating a discrepancy in the monetary value recorded between systems",HIGH
1930189421,1,1,TRUE,TRUE,TRUE,FALSE,FALSE,FALSE,FALSE,EXCEPTION,Customer discrepancy; Date discrepancy,For Investigation,Possible settlement or posting timing difference,LOW,Compare the AR posting date with the bank settlement date and confirm whether the timing difference is expected.,"The transaction exists once in both sources and the amount, currency, and customer information agree, but the transaction dates do not meet the configured reconciliation tolerance.",HIGH,Possible settlement or posting timing difference,LOW,Compare the AR posting date with the bank settlement date and confirm whether the timing difference is expected.,"The transaction exists once in both sources and the amount, currency, and customer information agree, but the transaction dates do not meet the configured reconciliation tolerance.",HIGH
1929662450,1,2,TRUE,,,,,FALSE,TRUE,EXCEPTION,Duplicate Bank Entry,For Investigation,Duplicate Bank Entry,LOW,Review the bank entries to identify and remove the duplicate transaction. Verify if the duplicate was caused by a manual entry error or system import issue.,"The transaction appears twice in the bank records but only once in the AR system, indicating a duplicate bank entry. The discrepancy arises because the duplicate entry was processed by the bank but not reflected in the AR system.",HIGH,Duplicate Bank Entry,LOW,Review the bank entries to identify and remove the duplicate transaction. Verify if the duplicate was caused by a manual entry error or system import issue.,"The transaction appears twice in the bank records but only once in the AR system, indicating a duplicate bank entry. The discrepancy arises because the duplicate entry was processed by the bank but not reflected in the AR system.",HIGH
1929612092,1,1,TRUE,TRUE,TRUE,TRUE,FALSE,FALSE,FALSE,EXCEPTION,Date discrepancy,For Investigation,Possible settlement or posting timing difference,LOW,Compare the AR posting date with the bank settlement date and confirm whether the timing difference is expected.,"The transaction exists once in both sources and the amount, currency, and customer information agree, but the transaction dates do not meet the configured reconciliation tolerance.",HIGH,Possible settlement or posting timing difference,LOW,Compare the AR posting date with the bank settlement date and confirm whether the timing difference is expected.,"The transaction exists once in both sources and the amount, currency, and customer information agree, but the transaction dates do not meet the configured reconciliation tolerance.",HIGH
1929516885,1,1,TRUE,TRUE,TRUE,TRUE,FALSE,FALSE,FALSE,EXCEPTION,Date discrepancy,For Investigation,Possible settlement or posting timing difference,LOW,Compare the AR posting date with the bank settlement date and confirm whether the timing difference is expected.,"The transaction exists once in both sources and the amount, currency, and customer information agree, but the transaction dates do not meet the configured reconciliation tolerance.",HIGH,Possible settlement or posting timing difference,LOW,Compare the AR posting date with the bank settlement date and confirm whether the timing difference is expected.,"The transaction exists once in both sources and the amount, currency, and customer information agree, but the transaction dates do not meet the configured reconciliation tolerance.",HIGH
1930049775,1,1,TRUE,TRUE,TRUE,TRUE,FALSE,FALSE,FALSE,EXCEPTION,Date discrepancy,For Investigation,Possible settlement or posting timing difference,LOW,Compare the AR posting date with the bank settlement date and confirm whether the timing difference is expected.,"The transaction exists once in both sources and the amount, currency, and customer information agree, but the transaction dates do not meet the configured reconciliation tolerance.",HIGH,Possible settlement or posting timing difference,LOW,Compare the AR posting date with the bank settlement date and confirm whether the timing difference is expected.,"The transaction exists once in both sources and the amount, currency, and customer information agree, but the transaction dates do not meet the configured reconciliation tolerance.",HIGH
1930400080,1,1,TRUE,TRUE,TRUE,TRUE,FALSE,FALSE,FALSE,EXCEPTION,Date discrepancy,For Investigation,Possible settlement or posting timing difference,LOW,Compare the AR posting date with the bank settlement date and confirm whether the timing difference is expected.,"The transaction exists once in both sources and the amount, currency, and customer information agree, but the transaction dates do not meet the configured reconciliation tolerance.",HIGH,Possible settlement or posting timing difference,LOW,Compare the AR posting date with the bank settlement date and confirm whether the timing difference is expected.,"The transaction exists once in both sources and the amount, currency, and customer information agree, but the transaction dates do not meet the configured reconciliation tolerance.",HIGH
1928589298,1,1,TRUE,TRUE,TRUE,TRUE,FALSE,FALSE,FALSE,EXCEPTION,Date discrepancy,For Investigation,Possible settlement or posting timing difference,LOW,Compare the AR posting date with the bank settlement date and confirm whether the timing difference is expected.,"The transaction exists once in both sources and the amount, currency, and customer information agree, but the transaction dates do not meet the configured reconciliation tolerance.",HIGH,Possible settlement or posting timing difference,LOW,Compare the AR posting date with the bank settlement date and confirm whether the timing difference is expected.,"The transaction exists once in both sources and the amount, currency, and customer information agree, but the transaction dates do not meet the configured reconciliation tolerance.",HIGH
1930189491,1,1,TRUE,TRUE,TRUE,TRUE,FALSE,FALSE,FALSE,EXCEPTION,Date discrepancy,For Investigation,Possible settlement or posting timing difference,LOW,Compare the AR posting date with the bank settlement date and confirm whether the timing difference is expected.,"The transaction exists once in both sources and the amount, currency, and customer information agree, but the transaction dates do not meet the configured reconciliation tolerance.",HIGH,Possible settlement or posting timing difference,LOW,Compare the AR posting date with the bank settlement date and confirm whether the timing difference is expected.,"The transaction exists once in both sources and the amount, currency, and customer information agree, but the transaction dates do not meet the configured reconciliation tolerance.",HIGH
1930065578,1,1,TRUE,TRUE,FALSE,TRUE,TRUE,FALSE,FALSE,EXCEPTION,Currency discrepancy,For Investigation,Currency conversion mismatch or incorrect currency code mapping,LOW,"Verify the currency codes in both AR and bank records, check for applicable currency conversion rates, and confirm if the transaction was processed in a different functional currency.","The transaction exists in both sources with matching amounts, currency, and customer information, but the currency discrepancy indicates a mismatch in the configured reconciliation tolerance or conversion rules.",HIGH,Currency conversion mismatch or incorrect currency code mapping,LOW,"Verify the currency codes in both AR and bank records, check for applicable currency conversion rates, and confirm if the transaction was processed in a different functional currency.","The transaction exists in both sources with matching amounts, currency, and customer information, but the currency discrepancy indicates a mismatch in the configured reconciliation tolerance or conversion rules.",HIGH
1929443875,1,1,TRUE,TRUE,TRUE,TRUE,FALSE,FALSE,FALSE,EXCEPTION,Date discrepancy,For Investigation,Possible settlement or posting timing difference,LOW,Compare the AR posting date with the bank settlement date and confirm whether the timing difference is expected.,"The transaction exists once in both sources and the amount, currency, and customer information agree, but the transaction dates do not meet the configured reconciliation tolerance.",HIGH,Possible settlement or posting timing difference,LOW,Compare the AR posting date with the bank settlement date and confirm whether the timing difference is expected.,"The transaction exists once in both sources and the amount, currency, and customer information agree, but the transaction dates do not meet the configured reconciliation tolerance.",HIGH
1930518799,1,0,FALSE,,,,,FALSE,FALSE,EXCEPTION,Transaction Present in AR Only,For Investigation,Settlement or posting timing difference,LOW,Compare the AR posting date with the bank settlement date and confirm whether the timing difference is expected.,"The transaction exists once in both sources and the amount, currency, and customer information agree, but the transaction dates do not meet the configured reconciliation tolerance.",HIGH,Settlement or posting timing difference,LOW,Compare the AR posting date with the bank settlement date and confirm whether the timing difference is expected.,"The transaction exists once in both sources and the amount, currency, and customer information agree, but the transaction dates do not meet the configured reconciliation tolerance.",HIGH
1930402791,1,1,TRUE,TRUE,FALSE,TRUE,FALSE,FALSE,FALSE,EXCEPTION,Currency discrepancy; Date discrepancy,For Investigation,Possible settlement or posting timing difference,LOW,Compare the AR posting date with the bank settlement date and confirm whether the timing difference is expected. Investigate currency conversion dates if applicable.,"The transaction exists once in both sources and the amount, currency, and customer information agree, but the transaction dates do not meet the configured reconciliation tolerance. The currency discrepancy may indicate a conversion timing issue or mismatch, while the date discrepancy suggests a timing difference between AR posting and bank settlement.",HIGH,Possible settlement or posting timing difference,LOW,Compare the AR posting date with the bank settlement date and confirm whether the timing difference is expected. Investigate currency conversion dates if applicable.,"The transaction exists once in both sources and the amount, currency, and customer information agree, but the transaction dates do not meet the configured reconciliation tolerance. The currency discrepancy may indicate a conversion timing issue or mismatch, while the date discrepancy suggests a timing difference between AR posting and bank settlement.",HIGH
1930180110,1,1,TRUE,TRUE,TRUE,TRUE,FALSE,FALSE,FALSE,EXCEPTION,Date discrepancy,For Investigation,Settlement or posting timing difference,LOW,Compare the AR posting date with the bank settlement date and confirm whether the timing difference is expected.,"The transaction exists once in both sources and the amount, currency, and customer information agree, but the transaction dates do not meet the configured reconciliation tolerance.",HIGH,Settlement or posting timing difference,LOW,Compare the AR posting date with the bank settlement date and confirm whether the timing difference is expected.,"The transaction exists once in both sources and the amount, currency, and customer information agree, but the transaction dates do not meet the configured reconciliation tolerance.",HIGH
2960568449,1,1,TRUE,TRUE,FALSE,TRUE,FALSE,FALSE,FALSE,EXCEPTION,Currency discrepancy; Date discrepancy,For Investigation,Possible settlement or posting timing difference and currency code mismatch,LOW,Compare the AR posting date with the bank settlement date and verify the currency codes in both sources to ensure they match the configured reconciliation settings.,"The transaction exists once in both sources, but the transaction dates do not meet the configured reconciliation tolerance, and the currency codes do not match, leading to discrepancies.",HIGH,Possible settlement or posting timing difference and currency code mismatch,LOW,Compare the AR posting date with the bank settlement date and verify the currency codes in both sources to ensure they match the configured reconciliation settings.,"The transaction exists once in both sources, but the transaction dates do not meet the configured reconciliation tolerance, and the currency codes do not match, leading to discrepancies.",HIGH
1928723066,1,1,TRUE,TRUE,TRUE,TRUE,FALSE,FALSE,FALSE,EXCEPTION,Date discrepancy,For Investigation,Possible settlement or posting timing difference,LOW,Compare the AR posting date with the bank settlement date and confirm whether the timing difference is expected.,"The transaction exists once in both sources and the amount, currency, and customer information agree, but the transaction dates do not meet the configured reconciliation tolerance.",HIGH,Possible settlement or posting timing difference,LOW,Compare the AR posting date with the bank settlement date and confirm whether the timing difference is expected.,"The transaction exists once in both sources and the amount, currency, and customer information agree, but the transaction dates do not meet the configured reconciliation tolerance.",HIGH
1930206500,1,1,TRUE,TRUE,FALSE,TRUE,TRUE,FALSE,FALSE,EXCEPTION,Currency discrepancy,For Investigation,Currency mismatch between AR posting and bank settlement,LOW,Verify the currency codes in both AR posting and bank settlement records. Check if currency conversion rates or configuration settings may resolve the discrepancy.,"The transaction exists in both sources with matching amounts, currency, and customer information, but the currency discrepancy prevents reconciliation. The configured tolerance may not account for currency code differences or conversion factors.",HIGH,Currency mismatch between AR posting and bank settlement,LOW,Verify the currency codes in both AR posting and bank settlement records. Check if currency conversion rates or configuration settings may resolve the discrepancy.,"The transaction exists in both sources with matching amounts, currency, and customer information, but the currency discrepancy prevents reconciliation. The configured tolerance may not account for currency code differences or conversion factors.",HIGH
1929261798,1,1,TRUE,TRUE,FALSE,TRUE,TRUE,FALSE,FALSE,EXCEPTION,Currency discrepancy,For Investigation,Currency discrepancy between AR system and bank reconciliation records,LOW,Verify the currency codes in both AR system and bank reconciliation records. Check if the transaction was posted in a different currency due to exchange rate settings or manual entry errors.,"The transaction exists in both sources with matching amount, customer information, and currency codes, but the currency discrepancy prevents reconciliation. The configured tolerance may not account for currency conversion differences or incorrect currency codes in one of the systems.",HIGH,Currency discrepancy between AR system and bank reconciliation records,LOW,Verify the currency codes in both AR system and bank reconciliation records. Check if the transaction was posted in a different currency due to exchange rate settings or manual entry errors.,"The transaction exists in both sources with matching amount, customer information, and currency codes, but the currency discrepancy prevents reconciliation. The configured tolerance may not account for currency conversion differences or incorrect currency codes in one of the systems.",HIGH
1929835007,1,0,FALSE,,,,,FALSE,FALSE,EXCEPTION,Transaction Present in AR Only,For Investigation,Possible settlement or posting timing difference,LOW,Compare the AR posting date with the bank settlement date and confirm whether the timing difference is expected.,"The transaction exists in AR but is missing from the bank records. This is likely due to a timing difference where the AR posting occurred before the bank settlement date, resulting in the transaction not yet appearing in the bank feed.",HIGH,Possible settlement or posting timing difference,LOW,Compare the AR posting date with the bank settlement date and confirm whether the timing difference is expected.,"The transaction exists in AR but is missing from the bank records. This is likely due to a timing difference where the AR posting occurred before the bank settlement date, resulting in the transaction not yet appearing in the bank feed.",HIGH
1929115960,1,1,TRUE,TRUE,TRUE,FALSE,FALSE,FALSE,FALSE,EXCEPTION,Customer discrepancy; Date discrepancy,For Investigation,Possible settlement or posting timing difference,LOW,Compare the AR posting date with the bank settlement date and confirm whether the timing difference is expected.,"The transaction exists once in both sources and the amount, currency, and customer information agree, but the transaction dates do not meet the configured reconciliation tolerance.",HIGH,Possible settlement or posting timing difference,LOW,Compare the AR posting date with the bank settlement date and confirm whether the timing difference is expected.,"The transaction exists once in both sources and the amount, currency, and customer information agree, but the transaction dates do not meet the configured reconciliation tolerance.",HIGH
2960608608,1,1,TRUE,TRUE,TRUE,TRUE,FALSE,FALSE,FALSE,EXCEPTION,Date discrepancy,For Investigation,Settlement or posting timing difference,LOW,Compare the AR posting date with the bank settlement date and confirm whether the timing difference is expected.,"The transaction exists once in both sources and the amount, currency, and customer information agree, but the transaction dates do not meet the configured reconciliation tolerance.",HIGH,Settlement or posting timing difference,LOW,Compare the AR posting date with the bank settlement date and confirm whether the timing difference is expected.,"The transaction exists once in both sources and the amount, currency, and customer information agree, but the transaction dates do not meet the configured reconciliation tolerance.",HIGH
1930561110,1,0,FALSE,,,,,FALSE,FALSE,EXCEPTION,Transaction Present in AR Only,For Investigation,Settlement or posting timing difference,LOW,Compare the AR posting date with the bank settlement date and confirm whether the timing difference is expected.,"The transaction exists in AR but is missing from the bank reconciliation. This is likely due to a timing difference where the AR posting occurred before the bank settlement date, causing the transaction to appear in AR only during reconciliation.",HIGH,Settlement or posting timing difference,LOW,Compare the AR posting date with the bank settlement date and confirm whether the timing difference is expected.,"The transaction exists in AR but is missing from the bank reconciliation. This is likely due to a timing difference where the AR posting occurred before the bank settlement date, causing the transaction to appear in AR only during reconciliation.",HIGH
1929758968,1,1,TRUE,TRUE,TRUE,TRUE,FALSE,FALSE,FALSE,EXCEPTION,Date discrepancy,For Investigation,Possible settlement or posting timing difference,LOW,Compare the AR posting date with the bank settlement date and confirm whether the timing difference is expected.,"The transaction exists once in both sources and the amount, currency, and customer information agree, but the transaction dates do not meet the configured reconciliation tolerance.",HIGH,Possible settlement or posting timing difference,LOW,Compare the AR posting date with the bank settlement date and confirm whether the timing difference is expected.,"The transaction exists once in both sources and the amount, currency, and customer information agree, but the transaction dates do not meet the configured reconciliation tolerance.",HIGH
1930409952,1,1,TRUE,TRUE,TRUE,TRUE,FALSE,FALSE,FALSE,EXCEPTION,Date discrepancy,For Investigation,Possible settlement or posting timing difference,LOW,Compare the AR posting date with the bank settlement date and confirm whether the timing difference is expected.,"The transaction exists once in both sources and the amount, currency, and customer information agree, but the transaction dates do not meet the configured reconciliation tolerance.",HIGH,Possible settlement or posting timing difference,LOW,Compare the AR posting date with the bank settlement date and confirm whether the timing difference is expected.,"The transaction exists once in both sources and the amount, currency, and customer information agree, but the transaction dates do not meet the configured reconciliation tolerance.",HIGH
1929014143,1,1,TRUE,TRUE,TRUE,TRUE,FALSE,FALSE,FALSE,EXCEPTION,Date discrepancy,For Investigation,Possible settlement or posting timing difference,LOW,Compare the AR posting date with the bank settlement date and confirm whether the timing difference is expected.,"The transaction exists once in both sources and the amount, currency, and customer information agree, but the transaction dates do not meet the configured reconciliation tolerance.",HIGH,Possible settlement or posting timing difference,LOW,Compare the AR posting date with the bank settlement date and confirm whether the timing difference is expected.,"The transaction exists once in both sources and the amount, currency, and customer information agree, but the transaction dates do not meet the configured reconciliation tolerance.",HIGH
1928767337,1,0,FALSE,,,,,FALSE,FALSE,EXCEPTION,Transaction Present in AR Only,For Investigation,"The transaction was posted in AR but has not yet been settled by the bank, leading to its absence in the bank records.",LOW,Verify the timing of the AR posting relative to the bank's settlement date to confirm if the transaction is pending settlement.,The transaction exists in AR but is missing from the bank records. This could be due to a timing difference where the AR posting occurred before the bank processed the transaction.,HIGH,"The transaction was posted in AR but has not yet been settled by the bank, leading to its absence in the bank records.",LOW,Verify the timing of the AR posting relative to the bank's settlement date to confirm if the transaction is pending settlement.,The transaction exists in AR but is missing from the bank records. This could be due to a timing difference where the AR posting occurred before the bank processed the transaction.,HIGH
1929353795,1,1,TRUE,TRUE,TRUE,TRUE,FALSE,FALSE,FALSE,EXCEPTION,Date discrepancy,For Investigation,Possible settlement or posting timing difference,LOW,Compare the AR posting date with the bank settlement date and confirm whether the timing difference is expected.,"The transaction exists once in both sources and the amount, currency, and customer information agree, but the transaction dates do not meet the configured reconciliation tolerance.",HIGH,Possible settlement or posting timing difference,LOW,Compare the AR posting date with the bank settlement date and confirm whether the timing difference is expected.,"The transaction exists once in both sources and the amount, currency, and customer information agree, but the transaction dates do not meet the configured reconciliation tolerance.",HIGH
1990569604,1,1,TRUE,TRUE,TRUE,FALSE,TRUE,FALSE,FALSE,EXCEPTION,Customer discrepancy,For Investigation,Customer information mismatch between sources,LOW,"Verify customer details (e.g., ID, name, account number) in both the AR system and bank records to identify discrepancies.","The transaction exists in both sources with matching amount, currency, and other details, but customer information differs, leading to a reconciliation conflict.",HIGH,Customer information mismatch between sources,LOW,"Verify customer details (e.g., ID, name, account number) in both the AR system and bank records to identify discrepancies.","The transaction exists in both sources with matching amount, currency, and other details, but customer information differs, leading to a reconciliation conflict.",HIGH
1929469933,1,1,TRUE,TRUE,TRUE,FALSE,FALSE,FALSE,FALSE,EXCEPTION,Customer discrepancy; Date discrepancy,For Investigation,Possible settlement or posting timing difference,LOW,Compare the AR posting date with the bank settlement date and confirm whether the timing difference is expected.,"The transaction exists once in both sources and the amount, currency, and customer information agree, but the transaction dates do not meet the configured reconciliation tolerance.",HIGH,Possible settlement or posting timing difference,LOW,Compare the AR posting date with the bank settlement date and confirm whether the timing difference is expected.,"The transaction exists once in both sources and the amount, currency, and customer information agree, but the transaction dates do not meet the configured reconciliation tolerance.",HIGH
1928641177,1,1,TRUE,FALSE,TRUE,TRUE,FALSE,FALSE,FALSE,EXCEPTION,Amount discrepancy; Date discrepancy,For Investigation,Possible settlement or posting timing difference,LOW,Compare the AR posting date with the bank settlement date and confirm whether the timing difference is expected.,"The transaction exists once in both sources and the amount, currency, and customer information agree, but the transaction dates do not meet the configured reconciliation tolerance.",HIGH,Possible settlement or posting timing difference,LOW,Compare the AR posting date with the bank settlement date and confirm whether the timing difference is expected.,"The transaction exists once in both sources and the amount, currency, and customer information agree, but the transaction dates do not meet the configured reconciliation tolerance.",HIGH
1929962021,1,0,FALSE,,,,,FALSE,FALSE,EXCEPTION,Transaction Present in AR Only,For Investigation,"The transaction is recorded in the AR system but not found in the bank records, indicating a possible delay in bank processing or a missing posting in the bank system.",LOW,Verify if the bank has not yet processed the transaction or check for any missing postings in the bank system. Confirm with the bank's reconciliation timeline.,"The transaction exists in the AR system but is absent in the bank records, leading to the 'Transaction Present in AR Only' exception. This could stem from asynchronous posting timelines between the AR system and the bank.",HIGH,"The transaction is recorded in the AR system but not found in the bank records, indicating a possible delay in bank processing or a missing posting in the bank system.",LOW,Verify if the bank has not yet processed the transaction or check for any missing postings in the bank system. Confirm with the bank's reconciliation timeline.,"The transaction exists in the AR system but is absent in the bank records, leading to the 'Transaction Present in AR Only' exception. This could stem from asynchronous posting timelines between the AR system and the bank.",HIGH
1929646293,1,1,TRUE,TRUE,TRUE,TRUE,FALSE,FALSE,FALSE,EXCEPTION,Date discrepancy,For Investigation,Possible settlement or posting timing difference,LOW,Compare the AR posting date with the bank settlement date and confirm whether the timing difference is expected.,"The transaction exists once in both sources and the amount, currency, and customer information agree, but the transaction dates do not meet the configured reconciliation tolerance.",HIGH,Possible settlement or posting timing difference,LOW,Compare the AR posting date with the bank settlement date and confirm whether the timing difference is expected.,"The transaction exists once in both sources and the amount, currency, and customer information agree, but the transaction dates do not meet the configured reconciliation tolerance.",HIGH
1929895650,1,1,TRUE,TRUE,TRUE,TRUE,FALSE,FALSE,FALSE,EXCEPTION,Date discrepancy,For Investigation,Possible settlement or posting timing difference,LOW,Compare the AR posting date with the bank settlement date and confirm whether the timing difference is expected.,"The transaction exists once in both sources and the amount, currency, and customer information agree, but the transaction dates do not meet the configured reconciliation tolerance.",HIGH,Possible settlement or posting timing difference,LOW,Compare the AR posting date with the bank settlement date and confirm whether the timing difference is expected.,"The transaction exists once in both sources and the amount, currency, and customer information agree, but the transaction dates do not meet the configured reconciliation tolerance.",HIGH
1930123004,1,0,FALSE,,,,,FALSE,FALSE,EXCEPTION,Transaction Present in AR Only,For Investigation,Possible settlement or posting timing difference,LOW,Compare the AR posting date with the bank settlement date and confirm whether the timing difference is expected.,"The transaction exists in AR but is missing in the bank system, leading to a reconciliation discrepancy despite matching amount, currency, and customer details.",HIGH,Possible settlement or posting timing difference,LOW,Compare the AR posting date with the bank settlement date and confirm whether the timing difference is expected.,"The transaction exists in AR but is missing in the bank system, leading to a reconciliation discrepancy despite matching amount, currency, and customer details.",HIGH
1929875260,1,1,TRUE,TRUE,TRUE,TRUE,FALSE,FALSE,FALSE,EXCEPTION,Date discrepancy,For Investigation,Possible settlement or posting timing difference,LOW,Compare the AR posting date with the bank settlement date and confirm whether the timing difference is expected.,"The transaction exists once in both sources and the amount, currency, and customer information agree, but the transaction dates do not meet the configured reconciliation tolerance.",HIGH,Possible settlement or posting timing difference,LOW,Compare the AR posting date with the bank settlement date and confirm whether the timing difference is expected.,"The transaction exists once in both sources and the amount, currency, and customer information agree, but the transaction dates do not meet the configured reconciliation tolerance.",HIGH
1929245144,1,2,TRUE,,,,,FALSE,TRUE,EXCEPTION,Duplicate Bank Entry,For Investigation,Duplicate Bank Entry,LOW,Review the bank and AR records to identify and remove the duplicate entry. Verify which transaction is the valid one and correct the reconciliation status accordingly.,"The transaction appears twice in both systems but matches in amount, currency, and customer details. The discrepancy arises from a duplicate bank entry, which the system flagged as an exception.",HIGH,Duplicate Bank Entry,LOW,Review the bank and AR records to identify and remove the duplicate entry. Verify which transaction is the valid one and correct the reconciliation status accordingly.,"The transaction appears twice in both systems but matches in amount, currency, and customer details. The discrepancy arises from a duplicate bank entry, which the system flagged as an exception.",HIGH
1929550405,1,1,TRUE,TRUE,TRUE,FALSE,TRUE,FALSE,FALSE,EXCEPTION,Customer discrepancy,For Investigation,Customer information mismatch between AR and bank records,LOW,"Verify customer details (name, account number, contact information) in both AR and bank records to identify discrepancies.","The transaction exists once in both sources with matching amount, currency, and dates, but customer information does not align, causing the customer discrepancy exception.",HIGH,Customer information mismatch between AR and bank records,LOW,"Verify customer details (name, account number, contact information) in both AR and bank records to identify discrepancies.","The transaction exists once in both sources with matching amount, currency, and dates, but customer information does not align, causing the customer discrepancy exception.",HIGH
2960609615,1,0,FALSE,,,,,FALSE,FALSE,EXCEPTION,Transaction Present in AR Only,For Investigation,Possible settlement or posting timing difference,LOW,Compare the AR posting date with the bank settlement date and confirm whether the timing difference is expected.,"The transaction exists in AR but is missing in the bank records. This could be due to a timing difference where the bank has not yet settled the transaction, or the AR posting occurred before the bank's settlement date.",HIGH,Possible settlement or posting timing difference,LOW,Compare the AR posting date with the bank settlement date and confirm whether the timing difference is expected.,"The transaction exists in AR but is missing in the bank records. This could be due to a timing difference where the bank has not yet settled the transaction, or the AR posting occurred before the bank's settlement date.",HIGH
1929531442,1,1,TRUE,TRUE,TRUE,TRUE,FALSE,FALSE,FALSE,EXCEPTION,Date discrepancy,For Investigation,Possible settlement or posting timing difference,LOW,Compare the AR posting date with the bank settlement date and confirm whether the timing difference is expected.,"The transaction exists once in both sources and the amount, currency, and customer information agree, but the transaction dates do not meet the configured reconciliation tolerance.",HIGH,Possible settlement or posting timing difference,LOW,Compare the AR posting date with the bank settlement date and confirm whether the timing difference is expected.,"The transaction exists once in both sources and the amount, currency, and customer information agree, but the transaction dates do not meet the configured reconciliation tolerance.",HIGH
1928847710,1,1,TRUE,TRUE,TRUE,TRUE,FALSE,FALSE,FALSE,EXCEPTION,Date discrepancy,For Investigation,Possible settlement or posting timing difference,LOW,Compare the AR posting date with the bank settlement date and confirm whether the timing difference is expected.,"The transaction exists once in both sources and the amount, currency, and customer information agree, but the transaction dates do not meet the configured reconciliation tolerance.",HIGH,Possible settlement or posting timing difference,LOW,Compare the AR posting date with the bank settlement date and confirm whether the timing difference is expected.,"The transaction exists once in both sources and the amount, currency, and customer information agree, but the transaction dates do not meet the configured reconciliation tolerance.",HIGH
1929580751,1,1,TRUE,TRUE,TRUE,TRUE,FALSE,FALSE,FALSE,EXCEPTION,Date discrepancy,For Investigation,Settlement or posting timing difference,LOW,Compare the AR posting date with the bank settlement date and confirm whether the timing difference is expected.,"The transaction exists once in both sources and the amount, currency, and customer information agree, but the transaction dates do not meet the configured reconciliation tolerance.",HIGH,Settlement or posting timing difference,LOW,Compare the AR posting date with the bank settlement date and confirm whether the timing difference is expected.,"The transaction exists once in both sources and the amount, currency, and customer information agree, but the transaction dates do not meet the configured reconciliation tolerance.",HIGH
1929623303,1,1,TRUE,FALSE,TRUE,TRUE,TRUE,FALSE,FALSE,EXCEPTION,Amount discrepancy,For Investigation,Possible data entry error or rounding difference,LOW,Verify the amounts in both sources and check for any rounding rules or data entry errors.,"The transaction exists once in both sources, and the currency, customer information, and dates agree, but the amounts differ, indicating a potential data entry error or rounding discrepancy.",HIGH,Possible data entry error or rounding difference,LOW,Verify the amounts in both sources and check for any rounding rules or data entry errors.,"The transaction exists once in both sources, and the currency, customer information, and dates agree, but the amounts differ, indicating a potential data entry error or rounding discrepancy.",HIGH
2960577932,1,1,TRUE,TRUE,TRUE,TRUE,FALSE,FALSE,FALSE,EXCEPTION,Date discrepancy,For Investigation,Possible settlement or posting timing difference,LOW,Compare the AR posting date with the bank settlement date and confirm whether the timing difference is expected.,"The transaction exists once in both sources and the amount, currency, and customer information agree, but the transaction dates do not meet the configured reconciliation tolerance.",HIGH,Possible settlement or posting timing difference,LOW,Compare the AR posting date with the bank settlement date and confirm whether the timing difference is expected.,"The transaction exists once in both sources and the amount, currency, and customer information agree, but the transaction dates do not meet the configured reconciliation tolerance.",HIGH
1930090765,1,1,TRUE,TRUE,TRUE,TRUE,FALSE,FALSE,FALSE,EXCEPTION,Date discrepancy,For Investigation,Possible settlement or posting timing difference,LOW,Compare the AR posting date with the bank settlement date and confirm whether the timing difference is expected.,"The transaction exists once in both sources and the amount, currency, and customer information agree, but the transaction dates do not meet the configured reconciliation tolerance.",HIGH,Possible settlement or posting timing difference,LOW,Compare the AR posting date with the bank settlement date and confirm whether the timing difference is expected.,"The transaction exists once in both sources and the amount, currency, and customer information agree, but the transaction dates do not meet the configured reconciliation tolerance.",HIGH
1930552298,1,1,TRUE,TRUE,TRUE,TRUE,FALSE,FALSE,FALSE,EXCEPTION,Date discrepancy,For Investigation,Possible settlement or posting timing difference,LOW,Compare the AR posting date with the bank settlement date and confirm whether the timing difference is expected.,"The transaction exists in both sources with matching amount, currency, and customer information, but the dates do not meet the configured reconciliation tolerance, indicating a date discrepancy.",HIGH,Possible settlement or posting timing difference,LOW,Compare the AR posting date with the bank settlement date and confirm whether the timing difference is expected.,"The transaction exists in both sources with matching amount, currency, and customer information, but the dates do not meet the configured reconciliation tolerance, indicating a date discrepancy.",HIGH
1929422121,1,0,FALSE,,,,,FALSE,FALSE,EXCEPTION,Transaction Present in AR Only,For Investigation,Transaction Present in AR Only,LOW,Verify if the transaction is pending settlement in the bank system or missing from the bank's records. Check for any upstream processing delays or reconciliation rules that may exclude the transaction.,"The transaction exists in AR but is absent in the bank system, indicating a possible missing entry or pending settlement. Since the transaction matches in amount, currency, and customer details, the discrepancy stems from the transaction not being reflected in the bank's records.",HIGH,Transaction Present in AR Only,LOW,Verify if the transaction is pending settlement in the bank system or missing from the bank's records. Check for any upstream processing delays or reconciliation rules that may exclude the transaction.,"The transaction exists in AR but is absent in the bank system, indicating a possible missing entry or pending settlement. Since the transaction matches in amount, currency, and customer details, the discrepancy stems from the transaction not being reflected in the bank's records.",HIGH
1929995627,1,1,TRUE,TRUE,TRUE,TRUE,FALSE,FALSE,FALSE,EXCEPTION,Date discrepancy,For Investigation,Possible settlement or posting timing difference,LOW,Compare the AR posting date with the bank settlement date and confirm whether the timing difference is expected.,"The transaction exists once in both sources and the amount, currency, and customer information agree, but the transaction dates do not meet the configured reconciliation tolerance.",HIGH,Possible settlement or posting timing difference,LOW,Compare the AR posting date with the bank settlement date and confirm whether the timing difference is expected.,"The transaction exists once in both sources and the amount, currency, and customer information agree, but the transaction dates do not meet the configured reconciliation tolerance.",HIGH
1930558928,1,1,TRUE,TRUE,FALSE,TRUE,FALSE,FALSE,FALSE,EXCEPTION,Currency discrepancy; Date discrepancy,For Investigation,Possible settlement or posting timing difference,LOW,Compare the AR posting date with the bank settlement date and confirm whether the timing difference is expected.,"The transaction exists once in both sources and the amount, currency, and customer information agree, but the transaction dates do not meet the configured reconciliation tolerance. The Exception Reason indicates a currency discrepancy, but the provided explanation confirms currency agreement, suggesting the primary issue is the date discrepancy.",HIGH,Possible settlement or posting timing difference,LOW,Compare the AR posting date with the bank settlement date and confirm whether the timing difference is expected.,"The transaction exists once in both sources and the amount, currency, and customer information agree, but the transaction dates do not meet the configured reconciliation tolerance. The Exception Reason indicates a currency discrepancy, but the provided explanation confirms currency agreement, suggesting the primary issue is the date discrepancy.",HIGH
1930409070,1,0,FALSE,,,,,FALSE,FALSE,EXCEPTION,Transaction Present in AR Only,For Investigation,Possible settlement or posting timing difference,LOW,Compare the AR posting date with the bank settlement date and confirm whether the timing difference is expected.,"The transaction exists in AR but is missing in the bank system, leading to a date discrepancy due to timing differences in settlement or posting processes.",HIGH,Possible settlement or posting timing difference,LOW,Compare the AR posting date with the bank settlement date and confirm whether the timing difference is expected.,"The transaction exists in AR but is missing in the bank system, leading to a date discrepancy due to timing differences in settlement or posting processes.",HIGH
1928761693,1,2,TRUE,,,,,FALSE,TRUE,EXCEPTION,Duplicate Bank Entry,For Investigation,Duplicate Bank Entry,LOW,Review the bank statement and AR records to identify and remove the duplicate entry. Ensure reconciliation rules account for duplicate transactions.,"The transaction exists in both sources with matching amount, currency, and customer details, but the duplicate bank entry causes a reconciliation conflict. The system detected the duplicate, so no date discrepancy is involved.",HIGH,Duplicate Bank Entry,LOW,Review the bank statement and AR records to identify and remove the duplicate entry. Ensure reconciliation rules account for duplicate transactions.,"The transaction exists in both sources with matching amount, currency, and customer details, but the duplicate bank entry causes a reconciliation conflict. The system detected the duplicate, so no date discrepancy is involved.",HIGH
1928833372,2,1,TRUE,,,,,TRUE,FALSE,EXCEPTION,Duplicate AR Entry,For Investigation,Duplicate AR Entry,LOW,Verify the AR system for duplicate entries and reconcile the duplicate transaction with the source system to determine the correct posting status.,"The transaction exists once in both sources with matching amount, currency, and customer information, but the system identified it as a duplicate. This suggests the same AR entry was processed twice, leading to a reconciliation conflict despite matching non-date fields.",HIGH,Duplicate AR Entry,LOW,Verify the AR system for duplicate entries and reconcile the duplicate transaction with the source system to determine the correct posting status.,"The transaction exists once in both sources with matching amount, currency, and customer information, but the system identified it as a duplicate. This suggests the same AR entry was processed twice, leading to a reconciliation conflict despite matching non-date fields.",HIGH
1930421120,1,1,TRUE,TRUE,TRUE,TRUE,FALSE,FALSE,FALSE,EXCEPTION,Date discrepancy,For Investigation,Possible settlement or posting timing difference,LOW,Compare the AR posting date with the bank settlement date and confirm whether the timing difference is expected.,"The transaction exists once in both sources and the amount, currency, and customer information agree, but the transaction dates do not meet the configured reconciliation tolerance.",HIGH,Possible settlement or posting timing difference,LOW,Compare the AR posting date with the bank settlement date and confirm whether the timing difference is expected.,"The transaction exists once in both sources and the amount, currency, and customer information agree, but the transaction dates do not meet the configured reconciliation tolerance.",HIGH
1930168075,1,1,TRUE,TRUE,TRUE,TRUE,FALSE,FALSE,FALSE,EXCEPTION,Date discrepancy,For Investigation,Possible settlement or posting timing difference,LOW,Compare the AR posting date with the bank settlement date and confirm whether the timing difference is expected.,"The transaction exists once in both sources and the amount, currency, and customer information agree, but the transaction dates do not meet the configured reconciliation tolerance.",HIGH,Possible settlement or posting timing difference,LOW,Compare the AR posting date with the bank settlement date and confirm whether the timing difference is expected.,"The transaction exists once in both sources and the amount, currency, and customer information agree, but the transaction dates do not meet the configured reconciliation tolerance.",HIGH
1929404166,1,1,TRUE,TRUE,FALSE,TRUE,TRUE,FALSE,FALSE,EXCEPTION,Currency discrepancy,For Investigation,Currency code mismatch between AR posting and bank settlement,LOW,Verify the currency codes in both the AR posting and bank settlement records. Ensure the currency code in the AR system matches the currency code in the bank's settlement data.,"The transaction exists in both sources with matching amount, customer information, and other details. However, the currency codes differ between the AR posting and the bank settlement, causing the discrepancy.",HIGH,Currency code mismatch between AR posting and bank settlement,LOW,Verify the currency codes in both the AR posting and bank settlement records. Ensure the currency code in the AR system matches the currency code in the bank's settlement data.,"The transaction exists in both sources with matching amount, customer information, and other details. However, the currency codes differ between the AR posting and the bank settlement, causing the discrepancy.",HIGH
1929974149,1,1,TRUE,TRUE,TRUE,TRUE,FALSE,FALSE,FALSE,EXCEPTION,Date discrepancy,For Investigation,Settlement or posting timing difference,LOW,Compare the AR posting date with the bank settlement date and confirm whether the timing difference is expected.,"The transaction exists once in both sources and the amount, currency, and customer information agree, but the transaction dates do not meet the configured reconciliation tolerance.",HIGH,Settlement or posting timing difference,LOW,Compare the AR posting date with the bank settlement date and confirm whether the timing difference is expected.,"The transaction exists once in both sources and the amount, currency, and customer information agree, but the transaction dates do not meet the configured reconciliation tolerance.",HIGH
1930533961,1,1,TRUE,TRUE,TRUE,FALSE,FALSE,FALSE,FALSE,EXCEPTION,Customer discrepancy; Date discrepancy,For Investigation,Possible settlement or posting timing difference,LOW,Compare the AR posting date with the bank settlement date and confirm whether the timing difference is expected.,"The transaction exists once in both sources and the amount, currency, and customer information agree, but the transaction dates do not meet the configured reconciliation tolerance. The Exception Reason indicates a date discrepancy, which aligns with the timing difference between AR posting and bank settlement.",HIGH,Possible settlement or posting timing difference,LOW,Compare the AR posting date with the bank settlement date and confirm whether the timing difference is expected.,"The transaction exists once in both sources and the amount, currency, and customer information agree, but the transaction dates do not meet the configured reconciliation tolerance. The Exception Reason indicates a date discrepancy, which aligns with the timing difference between AR posting and bank settlement.",HIGH
1928811224,1,1,TRUE,TRUE,FALSE,TRUE,TRUE,FALSE,FALSE,EXCEPTION,Currency discrepancy,For Investigation,Currency mismatch between AR posting and bank settlement,LOW,Verify the currency settings in both AR and bank systems and ensure they align.,"The transaction exists in both sources with matching amount, customer information, and currency codes, but the currency codes do not match, leading to the discrepancy.",HIGH,Currency mismatch between AR posting and bank settlement,LOW,Verify the currency settings in both AR and bank systems and ensure they align.,"The transaction exists in both sources with matching amount, customer information, and currency codes, but the currency codes do not match, leading to the discrepancy.",HIGH
1929232000,1,1,TRUE,TRUE,TRUE,TRUE,FALSE,FALSE,FALSE,EXCEPTION,Date discrepancy,For Investigation,Settlement or posting timing difference,LOW,Compare the AR posting date with the bank settlement date and confirm whether the timing difference is expected.,"The transaction exists in both sources with matching amount, currency, and customer information, but the date discrepancy exceeds the configured reconciliation tolerance.",HIGH,Settlement or posting timing difference,LOW,Compare the AR posting date with the bank settlement date and confirm whether the timing difference is expected.,"The transaction exists in both sources with matching amount, currency, and customer information, but the date discrepancy exceeds the configured reconciliation tolerance.",HIGH
1930185259,1,1,TRUE,TRUE,TRUE,FALSE,FALSE,FALSE,FALSE,EXCEPTION,Customer discrepancy; Date discrepancy,For Investigation,Customer discrepancy and Date discrepancy,LOW,Verify customer information and compare the AR posting date with the bank settlement date to confirm the timing difference.,"The transaction exists once in both sources, but the customer information and transaction dates do not meet the configured reconciliation tolerance.",HIGH,Customer discrepancy and Date discrepancy,LOW,Verify customer information and compare the AR posting date with the bank settlement date to confirm the timing difference.,"The transaction exists once in both sources, but the customer information and transaction dates do not meet the configured reconciliation tolerance.",HIGH
1929405779,1,1,TRUE,TRUE,TRUE,TRUE,FALSE,FALSE,FALSE,EXCEPTION,Date discrepancy,For Investigation,Settlement or posting timing difference,LOW,Compare the AR posting date with the bank settlement date and confirm whether the timing difference is expected.,"The transaction exists in both sources with matching amount, currency, and customer information, but the dates do not meet the configured reconciliation tolerance, indicating a date discrepancy.",HIGH,Settlement or posting timing difference,LOW,Compare the AR posting date with the bank settlement date and confirm whether the timing difference is expected.,"The transaction exists in both sources with matching amount, currency, and customer information, but the dates do not meet the configured reconciliation tolerance, indicating a date discrepancy.",HIGH
1928598954,1,1,TRUE,TRUE,TRUE,TRUE,FALSE,FALSE,FALSE,EXCEPTION,Date discrepancy,For Investigation,Settlement or posting timing difference,LOW,Compare the AR posting date with the bank settlement date and confirm whether the timing difference is expected.,"The transaction exists once in both sources and the amount, currency, and customer information agree, but the transaction dates do not meet the configured reconciliation tolerance. This date discrepancy indicates a potential timing difference between the AR posting and bank settlement dates.",HIGH,Settlement or posting timing difference,LOW,Compare the AR posting date with the bank settlement date and confirm whether the timing difference is expected.,"The transaction exists once in both sources and the amount, currency, and customer information agree, but the transaction dates do not meet the configured reconciliation tolerance. This date discrepancy indicates a potential timing difference between the AR posting and bank settlement dates.",HIGH
1930504207,1,1,TRUE,TRUE,TRUE,TRUE,FALSE,FALSE,FALSE,EXCEPTION,Date discrepancy,For Investigation,Possible settlement or posting timing difference,LOW,Compare the AR posting date with the bank settlement date and confirm whether the timing difference is expected.,"The transaction exists in both sources with matching amount, currency, and customer information, but the dates do not meet the configured reconciliation tolerance.",HIGH,Possible settlement or posting timing difference,LOW,Compare the AR posting date with the bank settlement date and confirm whether the timing difference is expected.,"The transaction exists in both sources with matching amount, currency, and customer information, but the dates do not meet the configured reconciliation tolerance.",HIGH
1928937847,1,1,TRUE,TRUE,TRUE,TRUE,FALSE,FALSE,FALSE,EXCEPTION,Date discrepancy,For Investigation,Possible settlement or posting timing difference,LOW,Compare the AR posting date with the bank settlement date and confirm whether the timing difference is expected.,"The transaction exists once in both sources and the amount, currency, and customer information agree, but the transaction dates do not meet the configured reconciliation tolerance.",HIGH,Possible settlement or posting timing difference,LOW,Compare the AR posting date with the bank settlement date and confirm whether the timing difference is expected.,"The transaction exists once in both sources and the amount, currency, and customer information agree, but the transaction dates do not meet the configured reconciliation tolerance.",HIGH
1930356482,1,1,TRUE,TRUE,TRUE,FALSE,TRUE,FALSE,FALSE,EXCEPTION,Customer discrepancy,For Investigation,Possible customer information mismatch,LOW,"Verify customer details in both AR and bank records to identify discrepancies in name, account number, or other identifying fields.","The transaction exists in both sources with matching amount, currency, and other details, but the customer information does not align, leading to the discrepancy.",HIGH,Possible customer information mismatch,LOW,"Verify customer details in both AR and bank records to identify discrepancies in name, account number, or other identifying fields.","The transaction exists in both sources with matching amount, currency, and other details, but the customer information does not align, leading to the discrepancy.",HIGH
1929409418,2,1,TRUE,,,,,TRUE,FALSE,EXCEPTION,Duplicate AR Entry,For Investigation,Duplicate AR entry created in both sources,LOW,Identify and remove the duplicate AR entry from one of the sources to resolve the reconciliation discrepancy.,"The transaction exists once in both sources and the amount, currency, and customer information agree, but the duplicate AR entry indicates a reconciliation issue.",HIGH,Duplicate AR entry created in both sources,LOW,Identify and remove the duplicate AR entry from one of the sources to resolve the reconciliation discrepancy.,"The transaction exists once in both sources and the amount, currency, and customer information agree, but the duplicate AR entry indicates a reconciliation issue.",HIGH
1930184366,1,1,TRUE,TRUE,TRUE,TRUE,FALSE,FALSE,FALSE,EXCEPTION,Date discrepancy,For Investigation,Possible settlement or posting timing difference,LOW,Compare the AR posting date with the bank settlement date and confirm whether the timing difference is expected.,"The transaction exists once in both sources and the amount, currency, and customer information agree, but the transaction dates do not meet the configured reconciliation tolerance.",HIGH,Possible settlement or posting timing difference,LOW,Compare the AR posting date with the bank settlement date and confirm whether the timing difference is expected.,"The transaction exists once in both sources and the amount, currency, and customer information agree, but the transaction dates do not meet the configured reconciliation tolerance.",HIGH
1930548869,1,1,TRUE,TRUE,TRUE,FALSE,TRUE,FALSE,FALSE,EXCEPTION,Customer discrepancy,For Investigation,Customer information mismatch between AR system and bank records,LOW,"Verify customer details (name, ID, account number) in both AR system and bank records to identify matching discrepancies","The transaction exists once in both sources with matching amount, currency, and date, but customer information does not align, indicating a customer discrepancy",HIGH,Customer information mismatch between AR system and bank records,LOW,"Verify customer details (name, ID, account number) in both AR system and bank records to identify matching discrepancies","The transaction exists once in both sources with matching amount, currency, and date, but customer information does not align, indicating a customer discrepancy",HIGH
1929048004,1,0,FALSE,,,,,FALSE,FALSE,EXCEPTION,Transaction Present in AR Only,For Investigation,Possible settlement or posting timing difference,LOW,Compare the AR posting date with the bank settlement date and confirm whether the timing difference is expected.,"The transaction exists once in both sources and the amount, currency, and customer information agree, but the transaction dates do not meet the configured reconciliation tolerance.",HIGH,Possible settlement or posting timing difference,LOW,Compare the AR posting date with the bank settlement date and confirm whether the timing difference is expected.,"The transaction exists once in both sources and the amount, currency, and customer information agree, but the transaction dates do not meet the configured reconciliation tolerance.",HIGH
1929258628,1,1,TRUE,TRUE,TRUE,TRUE,FALSE,FALSE,FALSE,EXCEPTION,Date discrepancy,For Investigation,Possible settlement or posting timing difference,LOW,Compare the AR posting date with the bank settlement date and confirm whether the timing difference is expected.,"The transaction exists once in both sources and the amount, currency, and customer information agree, but the transaction dates do not meet the configured reconciliation tolerance.",HIGH,Possible settlement or posting timing difference,LOW,Compare the AR posting date with the bank settlement date and confirm whether the timing difference is expected.,"The transaction exists once in both sources and the amount, currency, and customer information agree, but the transaction dates do not meet the configured reconciliation tolerance.",HIGH
1929692404,1,1,TRUE,TRUE,TRUE,FALSE,TRUE,FALSE,FALSE,EXCEPTION,Customer discrepancy,For Investigation,Customer information mismatch between AR and bank records,LOW,Verify customer information in both AR and bank records to resolve the discrepancy,"The transaction exists in both sources with matching amount, currency, and customer information, but the customer details do not align, leading to the discrepancy",HIGH,Customer information mismatch between AR and bank records,LOW,Verify customer information in both AR and bank records to resolve the discrepancy,"The transaction exists in both sources with matching amount, currency, and customer information, but the customer details do not align, leading to the discrepancy",HIGH
2960542668,1,0,FALSE,,,,,FALSE,FALSE,EXCEPTION,Transaction Present in AR Only,For Investigation,Settlement or posting timing difference,LOW,Compare the AR posting date with the bank settlement date and confirm whether the timing difference is expected.,"The transaction exists in AR but is missing in the bank records, indicating a possible timing difference where the bank has not yet settled the transaction or the AR posting occurred before the bank statement cutoff.",HIGH,Settlement or posting timing difference,LOW,Compare the AR posting date with the bank settlement date and confirm whether the timing difference is expected.,"The transaction exists in AR but is missing in the bank records, indicating a possible timing difference where the bank has not yet settled the transaction or the AR posting occurred before the bank statement cutoff.",HIGH
1930198287,1,1,TRUE,FALSE,TRUE,TRUE,TRUE,FALSE,FALSE,EXCEPTION,Amount discrepancy,For Investigation,Possible data entry error or currency conversion discrepancy,LOW,Compare the amounts in both sources and verify if there are data entry errors or currency conversion discrepancies. Check exchange rates and transaction details for inconsistencies.,"The transaction exists in both sources with matching customer information and currency, but the amounts do not align, indicating a possible data entry error or currency conversion discrepancy.",HIGH,Possible data entry error or currency conversion discrepancy,LOW,Compare the amounts in both sources and verify if there are data entry errors or currency conversion discrepancies. Check exchange rates and transaction details for inconsistencies.,"The transaction exists in both sources with matching customer information and currency, but the amounts do not align, indicating a possible data entry error or currency conversion discrepancy.",HIGH
1930403236,1,1,TRUE,TRUE,TRUE,TRUE,FALSE,FALSE,FALSE,EXCEPTION,Date discrepancy,For Investigation,Settlement or posting timing difference,LOW,Compare the AR posting date with the bank settlement date and confirm whether the timing difference is expected.,"The transaction exists once in both sources and the amount, currency, and customer information agree, but the transaction dates do not meet the configured reconciliation tolerance.",HIGH,Settlement or posting timing difference,LOW,Compare the AR posting date with the bank settlement date and confirm whether the timing difference is expected.,"The transaction exists once in both sources and the amount, currency, and customer information agree, but the transaction dates do not meet the configured reconciliation tolerance.",HIGH
1929790302,1,1,TRUE,TRUE,TRUE,TRUE,FALSE,FALSE,FALSE,EXCEPTION,Date discrepancy,For Investigation,Possible settlement or posting timing difference,LOW,Compare the AR posting date with the bank settlement date and confirm whether the timing difference is expected.,"The transaction exists once in both sources and the amount, currency, and customer information agree, but the transaction dates do not meet the configured reconciliation tolerance.",HIGH,Possible settlement or posting timing difference,LOW,Compare the AR posting date with the bank settlement date and confirm whether the timing difference is expected.,"The transaction exists once in both sources and the amount, currency, and customer information agree, but the transaction dates do not meet the configured reconciliation tolerance.",HIGH
1929581358,1,1,TRUE,TRUE,TRUE,TRUE,FALSE,FALSE,FALSE,EXCEPTION,Date discrepancy,For Investigation,Possible settlement or posting timing difference,LOW,Compare the AR posting date with the bank settlement date and confirm whether the timing difference is expected.,"The transaction exists once in both sources and the amount, currency, and customer information agree, but the transaction dates do not meet the configured reconciliation tolerance.",HIGH,Possible settlement or posting timing difference,LOW,Compare the AR posting date with the bank settlement date and confirm whether the timing difference is expected.,"The transaction exists once in both sources and the amount, currency, and customer information agree, but the transaction dates do not meet the configured reconciliation tolerance.",HIGH
1929655326,1,1,TRUE,TRUE,TRUE,FALSE,FALSE,FALSE,FALSE,EXCEPTION,Customer discrepancy; Date discrepancy,For Investigation,Possible settlement or posting timing difference,LOW,Compare the AR posting date with the bank settlement date and confirm whether the timing difference is expected.,"The transaction exists once in both sources and the amount, currency, and customer information agree, but the transaction dates do not meet the configured reconciliation tolerance.",HIGH,Possible settlement or posting timing difference,LOW,Compare the AR posting date with the bank settlement date and confirm whether the timing difference is expected.,"The transaction exists once in both sources and the amount, currency, and customer information agree, but the transaction dates do not meet the configured reconciliation tolerance.",HIGH
1930289389,1,0,FALSE,,,,,FALSE,FALSE,EXCEPTION,Transaction Present in AR Only,For Investigation,Settlement or posting timing difference,LOW,Compare the AR posting date with the bank settlement date and confirm whether the timing difference is expected.,"The transaction exists in AR but is missing from the bank records, indicating a potential timing difference between AR posting and bank settlement. The dates do not meet the configured reconciliation tolerance, but the transaction details (amount, currency, customer) align, suggesting the discrepancy is due to timing rather than data error.",HIGH,Settlement or posting timing difference,LOW,Compare the AR posting date with the bank settlement date and confirm whether the timing difference is expected.,"The transaction exists in AR but is missing from the bank records, indicating a potential timing difference between AR posting and bank settlement. The dates do not meet the configured reconciliation tolerance, but the transaction details (amount, currency, customer) align, suggesting the discrepancy is due to timing rather than data error.",HIGH
1928857943,1,1,TRUE,TRUE,TRUE,FALSE,FALSE,FALSE,FALSE,EXCEPTION,Customer discrepancy; Date discrepancy,For Investigation,Possible settlement or posting timing difference,LOW,Compare the AR posting date with the bank settlement date and confirm whether the timing difference is expected.,"The transaction exists once in both sources and the amount, currency, and customer information agree, but the transaction dates do not meet the configured reconciliation tolerance.",HIGH,Possible settlement or posting timing difference,LOW,Compare the AR posting date with the bank settlement date and confirm whether the timing difference is expected.,"The transaction exists once in both sources and the amount, currency, and customer information agree, but the transaction dates do not meet the configured reconciliation tolerance.",HIGH
2960539642,1,1,TRUE,TRUE,TRUE,TRUE,FALSE,FALSE,FALSE,EXCEPTION,Date discrepancy,For Investigation,Possible settlement or posting timing difference,LOW,Compare the AR posting date with the bank settlement date and confirm whether the timing difference is expected.,"The transaction exists once in both sources and the amount, currency, and customer information agree, but the transaction dates do not meet the configured reconciliation tolerance.",HIGH,Possible settlement or posting timing difference,LOW,Compare the AR posting date with the bank settlement date and confirm whether the timing difference is expected.,"The transaction exists once in both sources and the amount, currency, and customer information agree, but the transaction dates do not meet the configured reconciliation tolerance.",HIGH
1928796477,1,1,TRUE,TRUE,TRUE,TRUE,FALSE,FALSE,FALSE,EXCEPTION,Date discrepancy,For Investigation,Possible settlement or posting timing difference,LOW,Compare the AR posting date with the bank settlement date and confirm whether the timing difference is expected.,"The transaction exists once in both sources and the amount, currency, and customer information agree, but the transaction dates do not meet the configured reconciliation tolerance.",HIGH,Possible settlement or posting timing difference,LOW,Compare the AR posting date with the bank settlement date and confirm whether the timing difference is expected.,"The transaction exists once in both sources and the amount, currency, and customer information agree, but the transaction dates do not meet the configured reconciliation tolerance.",HIGH
1929656883,1,1,TRUE,TRUE,TRUE,TRUE,FALSE,FALSE,FALSE,EXCEPTION,Date discrepancy,For Investigation,Possible settlement or posting timing difference,LOW,Compare the AR posting date with the bank settlement date and confirm whether the timing difference is expected.,"The transaction exists once in both sources and the amount, currency, and customer information agree, but the transaction dates do not meet the configured reconciliation tolerance.",HIGH,Possible settlement or posting timing difference,LOW,Compare the AR posting date with the bank settlement date and confirm whether the timing difference is expected.,"The transaction exists once in both sources and the amount, currency, and customer information agree, but the transaction dates do not meet the configured reconciliation tolerance.",HIGH
1929313790,1,1,TRUE,TRUE,FALSE,TRUE,FALSE,FALSE,FALSE,EXCEPTION,Currency discrepancy; Date discrepancy,For Investigation,Possible currency conversion error or settlement timing difference,LOW,Verify currency codes and compare AR posting dates with bank settlement dates,"The transaction exists once in both sources, but currency codes differ and dates do not meet the configured reconciliation tolerance. This could indicate a currency conversion error or timing difference between posting and settlement.",HIGH,Possible currency conversion error or settlement timing difference,LOW,Verify currency codes and compare AR posting dates with bank settlement dates,"The transaction exists once in both sources, but currency codes differ and dates do not meet the configured reconciliation tolerance. This could indicate a currency conversion error or timing difference between posting and settlement.",HIGH
1929278392,1,1,TRUE,TRUE,TRUE,TRUE,FALSE,FALSE,FALSE,EXCEPTION,Date discrepancy,For Investigation,Possible settlement or posting timing difference,LOW,Compare the AR posting date with the bank settlement date and confirm whether the timing difference is expected.,"The transaction exists once in both sources and the amount, currency, and customer information agree, but the transaction dates do not meet the configured reconciliation tolerance.",HIGH,Possible settlement or posting timing difference,LOW,Compare the AR posting date with the bank settlement date and confirm whether the timing difference is expected.,"The transaction exists once in both sources and the amount, currency, and customer information agree, but the transaction dates do not meet the configured reconciliation tolerance.",HIGH
1929198389,1,1,TRUE,TRUE,TRUE,TRUE,FALSE,FALSE,FALSE,EXCEPTION,Date discrepancy,For Investigation,Possible settlement or posting timing difference,LOW,Compare the AR posting date with the bank settlement date and confirm whether the timing difference is expected.,"The transaction exists once in both sources and the amount, currency, and customer information agree, but the transaction dates do not meet the configured reconciliation tolerance.",HIGH,Possible settlement or posting timing difference,LOW,Compare the AR posting date with the bank settlement date and confirm whether the timing difference is expected.,"The transaction exists once in both sources and the amount, currency, and customer information agree, but the transaction dates do not meet the configured reconciliation tolerance.",HIGH
1930137771,1,1,TRUE,TRUE,TRUE,TRUE,FALSE,FALSE,FALSE,EXCEPTION,Date discrepancy,For Investigation,Settlement or posting timing difference due to date discrepancy,LOW,Compare the AR posting date with the bank settlement date and confirm whether the timing difference is expected.,"The transaction exists in both sources with matching amount, currency, and customer information, but the dates differ beyond the configured reconciliation tolerance, indicating a date discrepancy.",HIGH,Settlement or posting timing difference due to date discrepancy,LOW,Compare the AR posting date with the bank settlement date and confirm whether the timing difference is expected.,"The transaction exists in both sources with matching amount, currency, and customer information, but the dates differ beyond the configured reconciliation tolerance, indicating a date discrepancy.",HIGH
1930087704,1,1,TRUE,TRUE,TRUE,TRUE,FALSE,FALSE,FALSE,EXCEPTION,Date discrepancy,For Investigation,Possible settlement or posting timing difference,LOW,Compare the AR posting date with the bank settlement date and confirm whether the timing difference is expected.,"The transaction exists once in both sources and the amount, currency, and customer information agree, but the transaction dates do not meet the configured reconciliation tolerance.",HIGH,Possible settlement or posting timing difference,LOW,Compare the AR posting date with the bank settlement date and confirm whether the timing difference is expected.,"The transaction exists once in both sources and the amount, currency, and customer information agree, but the transaction dates do not meet the configured reconciliation tolerance.",HIGH
1929902048,1,1,TRUE,TRUE,TRUE,FALSE,FALSE,FALSE,FALSE,EXCEPTION,Customer discrepancy; Date discrepancy,For Investigation,Possible settlement or posting timing difference,LOW,Compare the AR posting date with the bank settlement date and confirm whether the timing difference is expected.,"The transaction exists once in both sources and the amount, currency, and customer information agree, but the transaction dates do not meet the configured reconciliation tolerance.",HIGH,Possible settlement or posting timing difference,LOW,Compare the AR posting date with the bank settlement date and confirm whether the timing difference is expected.,"The transaction exists once in both sources and the amount, currency, and customer information agree, but the transaction dates do not meet the configured reconciliation tolerance.",HIGH
1929880666,1,1,TRUE,TRUE,TRUE,TRUE,FALSE,FALSE,FALSE,EXCEPTION,Date discrepancy,For Investigation,Settlement or posting timing difference,LOW,Compare the AR posting date with the bank settlement date and confirm whether the timing difference is expected.,"The transaction exists in both sources with matching amount, currency, and customer information, but the dates do not meet the configured reconciliation tolerance.",HIGH,Settlement or posting timing difference,LOW,Compare the AR posting date with the bank settlement date and confirm whether the timing difference is expected.,"The transaction exists in both sources with matching amount, currency, and customer information, but the dates do not meet the configured reconciliation tolerance.",HIGH
1929332180,1,1,TRUE,TRUE,TRUE,FALSE,FALSE,FALSE,FALSE,EXCEPTION,Customer discrepancy; Date discrepancy,For Investigation,Possible settlement or posting timing difference,LOW,Compare the AR posting date with the bank settlement date and confirm whether the timing difference is expected.,"The transaction exists once in both sources and the amount, currency, and customer information agree, but the transaction dates do not meet the configured reconciliation tolerance.",HIGH,Possible settlement or posting timing difference,LOW,Compare the AR posting date with the bank settlement date and confirm whether the timing difference is expected.,"The transaction exists once in both sources and the amount, currency, and customer information agree, but the transaction dates do not meet the configured reconciliation tolerance.",HIGH
1928859860,1,1,TRUE,FALSE,TRUE,TRUE,TRUE,FALSE,FALSE,EXCEPTION,Amount discrepancy,For Investigation,Data entry error or rounding discrepancy in amount,LOW,"Compare the amounts in both sources and verify for rounding differences, currency conversion errors, or data entry mistakes.","The transaction exists in both sources with matching currency, customer information, and dates, but the amounts do not align, indicating a potential discrepancy in the amount field.",HIGH,Data entry error or rounding discrepancy in amount,LOW,"Compare the amounts in both sources and verify for rounding differences, currency conversion errors, or data entry mistakes.","The transaction exists in both sources with matching currency, customer information, and dates, but the amounts do not align, indicating a potential discrepancy in the amount field.",HIGH
1929756897,1,1,TRUE,FALSE,TRUE,TRUE,FALSE,FALSE,FALSE,EXCEPTION,Amount discrepancy; Date discrepancy,For Investigation,Possible settlement or posting timing difference,LOW,Compare the AR posting date with the bank settlement date and confirm whether the timing difference is expected.,"The transaction exists once in both sources and the amount, currency, and customer information agree, but the transaction dates do not meet the configured reconciliation tolerance.",HIGH,Possible settlement or posting timing difference,LOW,Compare the AR posting date with the bank settlement date and confirm whether the timing difference is expected.,"The transaction exists once in both sources and the amount, currency, and customer information agree, but the transaction dates do not meet the configured reconciliation tolerance.",HIGH
2960526728,1,1,TRUE,FALSE,TRUE,TRUE,TRUE,FALSE,FALSE,EXCEPTION,Amount discrepancy,For Investigation,Data entry error or currency conversion discrepancy,LOW,Verify the amounts in both sources for manual entry errors or currency conversion rounding differences.,"The transaction exists in both sources with matching currency, customer information, and dates, but the amounts differ, indicating a possible data entry or conversion calculation error.",HIGH,Data entry error or currency conversion discrepancy,LOW,Verify the amounts in both sources for manual entry errors or currency conversion rounding differences.,"The transaction exists in both sources with matching currency, customer information, and dates, but the amounts differ, indicating a possible data entry or conversion calculation error.",HIGH
1930438491,1,1,TRUE,TRUE,TRUE,TRUE,FALSE,FALSE,FALSE,EXCEPTION,Date discrepancy,For Investigation,Possible settlement or posting timing difference,LOW,Compare the AR posting date with the bank settlement date and confirm whether the timing difference is expected.,"The transaction exists once in both sources and the amount, currency, and customer information agree, but the transaction dates do not meet the configured reconciliation tolerance.",HIGH,Possible settlement or posting timing difference,LOW,Compare the AR posting date with the bank settlement date and confirm whether the timing difference is expected.,"The transaction exists once in both sources and the amount, currency, and customer information agree, but the transaction dates do not meet the configured reconciliation tolerance.",HIGH
1928956892,1,2,TRUE,,,,,FALSE,TRUE,EXCEPTION,Duplicate Bank Entry,For Investigation,Duplicate Bank Entry,LOW,Review the bank entries to identify and remove the duplicate transaction. Verify which system (AR or bank) has the correct record and reconcile accordingly.,"The transaction exists once in both sources and agrees on amount, currency, and customer information, but the duplicate bank entry caused a reconciliation conflict. The duplicate entry is the root cause, not a date discrepancy.",HIGH,Duplicate Bank Entry,LOW,Review the bank entries to identify and remove the duplicate transaction. Verify which system (AR or bank) has the correct record and reconcile accordingly.,"The transaction exists once in both sources and agrees on amount, currency, and customer information, but the duplicate bank entry caused a reconciliation conflict. The duplicate entry is the root cause, not a date discrepancy.",HIGH
1930220197,1,1,TRUE,TRUE,TRUE,TRUE,FALSE,FALSE,FALSE,EXCEPTION,Date discrepancy,For Investigation,Possible settlement or posting timing difference,LOW,Compare the AR posting date with the bank settlement date and confirm whether the timing difference is expected.,"The transaction exists once in both sources and the amount, currency, and customer information agree, but the transaction dates do not meet the configured reconciliation tolerance.",HIGH,Possible settlement or posting timing difference,LOW,Compare the AR posting date with the bank settlement date and confirm whether the timing difference is expected.,"The transaction exists once in both sources and the amount, currency, and customer information agree, but the transaction dates do not meet the configured reconciliation tolerance.",HIGH
1929372028,1,1,TRUE,TRUE,TRUE,TRUE,FALSE,FALSE,FALSE,EXCEPTION,Date discrepancy,For Investigation,Possible settlement or posting timing difference,LOW,Compare the AR posting date with the bank settlement date and confirm whether the timing difference is expected.,"The transaction exists once in both sources and the amount, currency, and customer information agree, but the transaction dates do not meet the configured reconciliation tolerance.",HIGH,Possible settlement or posting timing difference,LOW,Compare the AR posting date with the bank settlement date and confirm whether the timing difference is expected.,"The transaction exists once in both sources and the amount, currency, and customer information agree, but the transaction dates do not meet the configured reconciliation tolerance.",HIGH
1928646201,1,1,TRUE,TRUE,TRUE,FALSE,FALSE,FALSE,FALSE,EXCEPTION,Customer discrepancy; Date discrepancy,For Investigation,Possible settlement or posting timing difference,LOW,Compare the AR posting date with the bank settlement date and confirm whether the timing difference is expected.,"The transaction exists once in both sources and the amount, currency, and customer information agree, but the transaction dates do not meet the configured reconciliation tolerance.",HIGH,Possible settlement or posting timing difference,LOW,Compare the AR posting date with the bank settlement date and confirm whether the timing difference is expected.,"The transaction exists once in both sources and the amount, currency, and customer information agree, but the transaction dates do not meet the configured reconciliation tolerance.",HIGH
1929234317,1,1,TRUE,TRUE,TRUE,TRUE,FALSE,FALSE,FALSE,EXCEPTION,Date discrepancy,For Investigation,Possible settlement or posting timing difference,LOW,Compare the AR posting date with the bank settlement date and confirm whether the timing difference is expected.,"The transaction exists once in both sources and the amount, currency, and customer information agree, but the transaction dates do not meet the configured reconciliation tolerance.",HIGH,Possible settlement or posting timing difference,LOW,Compare the AR posting date with the bank settlement date and confirm whether the timing difference is expected.,"The transaction exists once in both sources and the amount, currency, and customer information agree, but the transaction dates do not meet the configured reconciliation tolerance.",HIGH
1930198797,1,1,TRUE,TRUE,FALSE,TRUE,FALSE,FALSE,FALSE,EXCEPTION,Currency discrepancy; Date discrepancy,For Investigation,Currency discrepancy; Date discrepancy,LOW,Compare the AR posting date with the bank settlement date and confirm whether the timing difference is expected. Investigate the currency discrepancy to ensure alignment between sources.,"The transaction exists once in both sources with matching amount, currency, and customer information, but the transaction dates do not meet the configured reconciliation tolerance. The currency discrepancy suggests a potential mismatch in currency codes or conversion rates, while the date discrepancy may stem from settlement or posting timing differences.",HIGH,Currency discrepancy; Date discrepancy,LOW,Compare the AR posting date with the bank settlement date and confirm whether the timing difference is expected. Investigate the currency discrepancy to ensure alignment between sources.,"The transaction exists once in both sources with matching amount, currency, and customer information, but the transaction dates do not meet the configured reconciliation tolerance. The currency discrepancy suggests a potential mismatch in currency codes or conversion rates, while the date discrepancy may stem from settlement or posting timing differences.",HIGH
1928833352,1,1,TRUE,TRUE,TRUE,TRUE,FALSE,FALSE,FALSE,EXCEPTION,Date discrepancy,For Investigation,Possible settlement or posting timing difference,LOW,Compare the AR posting date with the bank settlement date and confirm whether the timing difference is expected.,"The transaction exists once in both sources and the amount, currency, and customer information agree, but the transaction dates do not meet the configured reconciliation tolerance.",HIGH,Possible settlement or posting timing difference,LOW,Compare the AR posting date with the bank settlement date and confirm whether the timing difference is expected.,"The transaction exists once in both sources and the amount, currency, and customer information agree, but the transaction dates do not meet the configured reconciliation tolerance.",HIGH
1928710230,1,1,TRUE,TRUE,TRUE,TRUE,FALSE,FALSE,FALSE,EXCEPTION,Date discrepancy,For Investigation,Possible settlement or posting timing difference,LOW,Compare the AR posting date with the bank settlement date and confirm whether the timing difference is expected.,"The transaction exists once in both sources and the amount, currency, and customer information agree, but the transaction dates do not meet the configured reconciliation tolerance.",HIGH,Possible settlement or posting timing difference,LOW,Compare the AR posting date with the bank settlement date and confirm whether the timing difference is expected.,"The transaction exists once in both sources and the amount, currency, and customer information agree, but the transaction dates do not meet the configured reconciliation tolerance.",HIGH
1929541078,1,1,TRUE,TRUE,TRUE,TRUE,FALSE,FALSE,FALSE,EXCEPTION,Date discrepancy,For Investigation,Possible settlement or posting timing difference,LOW,Compare the AR posting date with the bank settlement date and confirm whether the timing difference is expected.,"The transaction exists once in both sources and the amount, currency, and customer information agree, but the transaction dates do not meet the configured reconciliation tolerance.",HIGH,Possible settlement or posting timing difference,LOW,Compare the AR posting date with the bank settlement date and confirm whether the timing difference is expected.,"The transaction exists once in both sources and the amount, currency, and customer information agree, but the transaction dates do not meet the configured reconciliation tolerance.",HIGH
1929251151,1,0,FALSE,,,,,FALSE,FALSE,EXCEPTION,Transaction Present in AR Only,For Investigation,Transaction Present in AR Only,LOW,Verify if the bank transaction is pending settlement or if the AR posting occurred before the bank's settlement cutoff date.,"The transaction exists in AR but is missing from the bank reconciliation. This could indicate the bank has not yet processed the transaction, or the AR posting occurred outside the bank's settlement window, leading to a mismatch in reconciliation tolerance.",HIGH,Transaction Present in AR Only,LOW,Verify if the bank transaction is pending settlement or if the AR posting occurred before the bank's settlement cutoff date.,"The transaction exists in AR but is missing from the bank reconciliation. This could indicate the bank has not yet processed the transaction, or the AR posting occurred outside the bank's settlement window, leading to a mismatch in reconciliation tolerance.",HIGH
1929311288,1,1,TRUE,TRUE,TRUE,TRUE,FALSE,FALSE,FALSE,EXCEPTION,Date discrepancy,For Investigation,Possible settlement or posting timing difference,LOW,Compare the AR posting date with the bank settlement date and confirm whether the timing difference is expected.,"The transaction exists once in both sources and the amount, currency, and customer information agree, but the transaction dates do not meet the configured reconciliation tolerance.",HIGH,Possible settlement or posting timing difference,LOW,Compare the AR posting date with the bank settlement date and confirm whether the timing difference is expected.,"The transaction exists once in both sources and the amount, currency, and customer information agree, but the transaction dates do not meet the configured reconciliation tolerance.",HIGH
1929060484,1,1,TRUE,TRUE,TRUE,TRUE,FALSE,FALSE,FALSE,EXCEPTION,Date discrepancy,For Investigation,Possible settlement or posting timing difference,LOW,Compare the AR posting date with the bank settlement date and confirm whether the timing difference is expected.,"The transaction exists once in both sources and the amount, currency, and customer information agree, but the transaction dates do not meet the configured reconciliation tolerance.",HIGH,Possible settlement or posting timing difference,LOW,Compare the AR posting date with the bank settlement date and confirm whether the timing difference is expected.,"The transaction exists once in both sources and the amount, currency, and customer information agree, but the transaction dates do not meet the configured reconciliation tolerance.",HIGH
1929180237,1,2,TRUE,,,,,FALSE,TRUE,EXCEPTION,Duplicate Bank Entry,For Investigation,Duplicate bank entry detected,LOW,Review the bank entries for duplicates and remove the redundant transaction from the bank system,"The transaction exists once in both sources and matches in amount, currency, and customer information, but a duplicate entry in the bank system is causing the reconciliation discrepancy",HIGH,Duplicate bank entry detected,LOW,Review the bank entries for duplicates and remove the redundant transaction from the bank system,"The transaction exists once in both sources and matches in amount, currency, and customer information, but a duplicate entry in the bank system is causing the reconciliation discrepancy",HIGH
1930533380,1,2,TRUE,,,,,FALSE,TRUE,EXCEPTION,Duplicate Bank Entry,For Investigation,Duplicate Bank Entry,LOW,Review the bank statement and AR records to identify and remove the duplicate entry. Ensure the reconciliation process filters out duplicates before matching.,"The transaction exists once in both sources with matching amount, currency, and customer details, but the duplicate bank entry caused a reconciliation conflict. The duplicate entry is the root cause, not a date discrepancy.",HIGH,Duplicate Bank Entry,LOW,Review the bank statement and AR records to identify and remove the duplicate entry. Ensure the reconciliation process filters out duplicates before matching.,"The transaction exists once in both sources with matching amount, currency, and customer details, but the duplicate bank entry caused a reconciliation conflict. The duplicate entry is the root cause, not a date discrepancy.",HIGH
1930432069,1,1,TRUE,TRUE,TRUE,TRUE,FALSE,FALSE,FALSE,EXCEPTION,Date discrepancy,For Investigation,Settlement or posting timing difference,LOW,Compare the AR posting date with the bank settlement date and confirm whether the timing difference is expected.,"The transaction exists once in both sources and the amount, currency, and customer information agree, but the transaction dates do not meet the configured reconciliation tolerance.",HIGH,Settlement or posting timing difference,LOW,Compare the AR posting date with the bank settlement date and confirm whether the timing difference is expected.,"The transaction exists once in both sources and the amount, currency, and customer information agree, but the transaction dates do not meet the configured reconciliation tolerance.",HIGH
1929181102,1,1,TRUE,TRUE,TRUE,TRUE,FALSE,FALSE,FALSE,EXCEPTION,Date discrepancy,For Investigation,Possible settlement or posting timing difference,LOW,Compare the AR posting date with the bank settlement date and confirm whether the timing difference is expected.,"The transaction exists once in both sources and the amount, currency, and customer information agree, but the transaction dates do not meet the configured reconciliation tolerance. This date discrepancy indicates a potential timing difference between AR posting and bank settlement processes.",HIGH,Possible settlement or posting timing difference,LOW,Compare the AR posting date with the bank settlement date and confirm whether the timing difference is expected.,"The transaction exists once in both sources and the amount, currency, and customer information agree, but the transaction dates do not meet the configured reconciliation tolerance. This date discrepancy indicates a potential timing difference between AR posting and bank settlement processes.",HIGH
1929577868,1,1,TRUE,TRUE,TRUE,TRUE,FALSE,FALSE,FALSE,EXCEPTION,Date discrepancy,For Investigation,Possible settlement or posting timing difference,LOW,Compare the AR posting date with the bank settlement date and confirm whether the timing difference is expected.,"The transaction exists once in both sources and the amount, currency, and customer information agree, but the transaction dates do not meet the configured reconciliation tolerance.",HIGH,Possible settlement or posting timing difference,LOW,Compare the AR posting date with the bank settlement date and confirm whether the timing difference is expected.,"The transaction exists once in both sources and the amount, currency, and customer information agree, but the transaction dates do not meet the configured reconciliation tolerance.",HIGH
1929077254,1,1,TRUE,TRUE,TRUE,TRUE,FALSE,FALSE,FALSE,EXCEPTION,Date discrepancy,For Investigation,Possible settlement or posting timing difference,LOW,Compare the AR posting date with the bank settlement date and confirm whether the timing difference is expected.,"The transaction exists once in both sources and the amount, currency, and customer information agree, but the transaction dates do not meet the configured reconciliation tolerance.",HIGH,Possible settlement or posting timing difference,LOW,Compare the AR posting date with the bank settlement date and confirm whether the timing difference is expected.,"The transaction exists once in both sources and the amount, currency, and customer information agree, but the transaction dates do not meet the configured reconciliation tolerance.",HIGH
2960605350,1,1,TRUE,TRUE,TRUE,TRUE,FALSE,FALSE,FALSE,EXCEPTION,Date discrepancy,For Investigation,Possible settlement or posting timing difference,LOW,Compare the AR posting date with the bank settlement date and confirm whether the timing difference is expected.,"The transaction exists once in both sources and the amount, currency, and customer information agree, but the transaction dates do not meet the configured reconciliation tolerance.",HIGH,Possible settlement or posting timing difference,LOW,Compare the AR posting date with the bank settlement date and confirm whether the timing difference is expected.,"The transaction exists once in both sources and the amount, currency, and customer information agree, but the transaction dates do not meet the configured reconciliation tolerance.",HIGH
1928624205,1,1,TRUE,TRUE,TRUE,TRUE,FALSE,FALSE,FALSE,EXCEPTION,Date discrepancy,For Investigation,Possible settlement or posting timing difference,LOW,Compare the AR posting date with the bank settlement date and confirm whether the timing difference is expected.,"The transaction exists once in both sources and the amount, currency, and customer information agree, but the transaction dates do not meet the configured reconciliation tolerance.",HIGH,Possible settlement or posting timing difference,LOW,Compare the AR posting date with the bank settlement date and confirm whether the timing difference is expected.,"The transaction exists once in both sources and the amount, currency, and customer information agree, but the transaction dates do not meet the configured reconciliation tolerance.",HIGH
1929530685,1,1,TRUE,TRUE,TRUE,TRUE,FALSE,FALSE,FALSE,EXCEPTION,Date discrepancy,For Investigation,Possible settlement or posting timing difference,LOW,Compare the AR posting date with the bank settlement date and confirm whether the timing difference is expected.,"The transaction dates do not meet the configured reconciliation tolerance, indicating a potential date discrepancy between the AR posting date and the bank settlement date.",HIGH,Possible settlement or posting timing difference,LOW,Compare the AR posting date with the bank settlement date and confirm whether the timing difference is expected.,"The transaction dates do not meet the configured reconciliation tolerance, indicating a potential date discrepancy between the AR posting date and the bank settlement date.",HIGH
1929882368,1,1,TRUE,TRUE,TRUE,TRUE,FALSE,FALSE,FALSE,EXCEPTION,Date discrepancy,For Investigation,Possible settlement or posting timing difference,LOW,Compare the AR posting date with the bank settlement date and confirm whether the timing difference is expected.,"The transaction exists once in both sources and the amount, currency, and customer information agree, but the transaction dates do not meet the configured reconciliation tolerance.",HIGH,Possible settlement or posting timing difference,LOW,Compare the AR posting date with the bank settlement date and confirm whether the timing difference is expected.,"The transaction exists once in both sources and the amount, currency, and customer information agree, but the transaction dates do not meet the configured reconciliation tolerance.",HIGH
2960521924,1,2,TRUE,,,,,FALSE,TRUE,EXCEPTION,Duplicate Bank Entry,For Investigation,Duplicate Bank Entry,LOW,Review the bank records for duplicate entries and reconcile the duplicate transaction with the AR system to determine which entry is valid.,"The transaction appears twice in the bank records but only once in the AR system, indicating a duplicate bank entry. The duplicate entry likely caused the mismatch, as the other details (amount, currency, customer) align between sources.",HIGH,Duplicate Bank Entry,LOW,Review the bank records for duplicate entries and reconcile the duplicate transaction with the AR system to determine which entry is valid.,"The transaction appears twice in the bank records but only once in the AR system, indicating a duplicate bank entry. The duplicate entry likely caused the mismatch, as the other details (amount, currency, customer) align between sources.",HIGH
1929257212,1,1,TRUE,TRUE,TRUE,TRUE,FALSE,FALSE,FALSE,EXCEPTION,Date discrepancy,For Investigation,Possible settlement or posting timing difference,LOW,Compare the AR posting date with the bank settlement date and confirm whether the timing difference is expected.,"The transaction exists once in both sources and the amount, currency, and customer information agree, but the transaction dates do not meet the configured reconciliation tolerance.",HIGH,Possible settlement or posting timing difference,LOW,Compare the AR posting date with the bank settlement date and confirm whether the timing difference is expected.,"The transaction exists once in both sources and the amount, currency, and customer information agree, but the transaction dates do not meet the configured reconciliation tolerance.",HIGH
1930554126,1,1,TRUE,TRUE,TRUE,TRUE,FALSE,FALSE,FALSE,EXCEPTION,Date discrepancy,For Investigation,Possible settlement or posting timing difference,LOW,Compare the AR posting date with the bank settlement date and confirm whether the timing difference is expected.,"The transaction exists once in both sources and the amount, currency, and customer information agree, but the transaction dates do not meet the configured reconciliation tolerance.",HIGH,Possible settlement or posting timing difference,LOW,Compare the AR posting date with the bank settlement date and confirm whether the timing difference is expected.,"The transaction exists once in both sources and the amount, currency, and customer information agree, but the transaction dates do not meet the configured reconciliation tolerance.",HIGH
1929796458,2,1,TRUE,,,,,TRUE,FALSE,EXCEPTION,Duplicate AR Entry,For Investigation,Duplicate AR Entry,LOW,Check the AR system for duplicate entries and remove or correct the duplicate record.,"The transaction exists once in both sources, but the duplicate AR entry is causing the reconciliation discrepancy.",HIGH,Duplicate AR Entry,LOW,Check the AR system for duplicate entries and remove or correct the duplicate record.,"The transaction exists once in both sources, but the duplicate AR entry is causing the reconciliation discrepancy.",HIGH
1930562012,1,1,TRUE,TRUE,TRUE,TRUE,FALSE,FALSE,FALSE,EXCEPTION,Date discrepancy,For Investigation,Possible settlement or posting timing difference,LOW,Compare the AR posting date with the bank settlement date and confirm whether the timing difference is expected.,"The transaction exists once in both sources and the amount, currency, and customer information agree, but the transaction dates do not meet the configured reconciliation tolerance.",HIGH,Possible settlement or posting timing difference,LOW,Compare the AR posting date with the bank settlement date and confirm whether the timing difference is expected.,"The transaction exists once in both sources and the amount, currency, and customer information agree, but the transaction dates do not meet the configured reconciliation tolerance.",HIGH
1929131506,1,1,TRUE,TRUE,FALSE,TRUE,TRUE,FALSE,FALSE,EXCEPTION,Currency discrepancy,For Investigation,Currency discrepancy between the AR system and the bank transaction,LOW,"Verify the currency code and exchange rate applied in both the AR system and the bank transaction, ensuring alignment with the configured reconciliation rules.","The transaction exists in both sources with matching amount, customer information, and dates, but the currency codes differ, leading to a reconciliation failure.",HIGH,Currency discrepancy between the AR system and the bank transaction,LOW,"Verify the currency code and exchange rate applied in both the AR system and the bank transaction, ensuring alignment with the configured reconciliation rules.","The transaction exists in both sources with matching amount, customer information, and dates, but the currency codes differ, leading to a reconciliation failure.",HIGH
1929459217,1,0,FALSE,,,,,FALSE,FALSE,EXCEPTION,Transaction Present in AR Only,For Investigation,Possible settlement or posting timing difference,LOW,Compare the AR posting date with the bank settlement date and confirm whether the timing difference is expected.,"The transaction exists once in both sources and the amount, currency, and customer information agree, but the transaction dates do not meet the configured reconciliation tolerance. The discrepancy arises because the transaction is present in AR only, indicating a potential timing difference between AR posting and bank settlement.",HIGH,Possible settlement or posting timing difference,LOW,Compare the AR posting date with the bank settlement date and confirm whether the timing difference is expected.,"The transaction exists once in both sources and the amount, currency, and customer information agree, but the transaction dates do not meet the configured reconciliation tolerance. The discrepancy arises because the transaction is present in AR only, indicating a potential timing difference between AR posting and bank settlement.",HIGH
1929814552,1,1,TRUE,TRUE,TRUE,FALSE,TRUE,FALSE,FALSE,EXCEPTION,Customer discrepancy,For Investigation,Mismatch in customer information between AR and bank records,LOW,"Verify customer details (e.g., name, account number) in both AR and bank systems to identify discrepancies.","The transaction exists once in both sources with matching amount, currency, and customer information, but the customer discrepancy indicates conflicting data fields between systems.",HIGH,Mismatch in customer information between AR and bank records,LOW,"Verify customer details (e.g., name, account number) in both AR and bank systems to identify discrepancies.","The transaction exists once in both sources with matching amount, currency, and customer information, but the customer discrepancy indicates conflicting data fields between systems.",HIGH
1929788214,1,1,TRUE,TRUE,TRUE,TRUE,FALSE,FALSE,FALSE,EXCEPTION,Date discrepancy,For Investigation,Possible settlement or posting timing difference,LOW,Compare the AR posting date with the bank settlement date and confirm whether the timing difference is expected.,"The transaction exists once in both sources and the amount, currency, and customer information agree, but the transaction dates do not meet the configured reconciliation tolerance.",HIGH,Possible settlement or posting timing difference,LOW,Compare the AR posting date with the bank settlement date and confirm whether the timing difference is expected.,"The transaction exists once in both sources and the amount, currency, and customer information agree, but the transaction dates do not meet the configured reconciliation tolerance.",HIGH
1928923023,1,1,TRUE,TRUE,TRUE,FALSE,FALSE,FALSE,FALSE,EXCEPTION,Customer discrepancy; Date discrepancy,For Investigation,Possible settlement or posting timing difference,LOW,Compare the AR posting date with the bank settlement date and confirm whether the timing difference is expected.,"The transaction exists once in both sources and the amount, currency, and customer information agree, but the transaction dates do not meet the configured reconciliation tolerance.",HIGH,Possible settlement or posting timing difference,LOW,Compare the AR posting date with the bank settlement date and confirm whether the timing difference is expected.,"The transaction exists once in both sources and the amount, currency, and customer information agree, but the transaction dates do not meet the configured reconciliation tolerance.",HIGH
1930544314,1,1,TRUE,TRUE,TRUE,TRUE,FALSE,FALSE,FALSE,EXCEPTION,Date discrepancy,For Investigation,Possible settlement or posting timing difference,LOW,Compare the AR posting date with the bank settlement date and confirm whether the timing difference is expected.,"The transaction exists once in both sources and the amount, currency, and customer information agree, but the transaction dates do not meet the configured reconciliation tolerance.",HIGH,Possible settlement or posting timing difference,LOW,Compare the AR posting date with the bank settlement date and confirm whether the timing difference is expected.,"The transaction exists once in both sources and the amount, currency, and customer information agree, but the transaction dates do not meet the configured reconciliation tolerance.",HIGH
1929034963,1,1,TRUE,TRUE,TRUE,TRUE,FALSE,FALSE,FALSE,EXCEPTION,Date discrepancy,For Investigation,Possible settlement or posting timing difference,LOW,Compare the AR posting date with the bank settlement date and confirm whether the timing difference is expected.,"The transaction exists once in both sources and the amount, currency, and customer information agree, but the transaction dates do not meet the configured reconciliation tolerance.",HIGH,Possible settlement or posting timing difference,LOW,Compare the AR posting date with the bank settlement date and confirm whether the timing difference is expected.,"The transaction exists once in both sources and the amount, currency, and customer information agree, but the transaction dates do not meet the configured reconciliation tolerance.",HIGH
1930134583,1,1,TRUE,TRUE,TRUE,TRUE,FALSE,FALSE,FALSE,EXCEPTION,Date discrepancy,For Investigation,Possible settlement or posting timing difference,LOW,Compare the AR posting date with the bank settlement date and confirm whether the timing difference is expected.,"The transaction exists once in both sources and the amount, currency, and customer information agree, but the transaction dates do not meet the configured reconciliation tolerance.",HIGH,Possible settlement or posting timing difference,LOW,Compare the AR posting date with the bank settlement date and confirm whether the timing difference is expected.,"The transaction exists once in both sources and the amount, currency, and customer information agree, but the transaction dates do not meet the configured reconciliation tolerance.",HIGH
1929403019,1,0,FALSE,,,,,FALSE,FALSE,EXCEPTION,Transaction Present in AR Only,For Investigation,Transaction Present in AR Only,LOW,Verify if the bank has not yet settled the transaction and confirm if the AR posting timing is expected.,"The transaction exists in the AR system but is missing in the bank records. This indicates the AR posting may have occurred before the bank settlement, leading to a timing mismatch without a date discrepancy.",HIGH,Transaction Present in AR Only,LOW,Verify if the bank has not yet settled the transaction and confirm if the AR posting timing is expected.,"The transaction exists in the AR system but is missing in the bank records. This indicates the AR posting may have occurred before the bank settlement, leading to a timing mismatch without a date discrepancy.",HIGH
1929471079,1,1,TRUE,TRUE,TRUE,FALSE,FALSE,FALSE,FALSE,EXCEPTION,Customer discrepancy; Date discrepancy,For Investigation,Possible settlement or posting timing difference,LOW,Compare the AR posting date with the bank settlement date and confirm whether the timing difference is expected.,"The transaction exists once in both sources and the amount, currency, and customer information agree, but the transaction dates do not meet the configured reconciliation tolerance. This is likely due to a date discrepancy caused by differing timing between the AR posting and bank settlement processes.",HIGH,Possible settlement or posting timing difference,LOW,Compare the AR posting date with the bank settlement date and confirm whether the timing difference is expected.,"The transaction exists once in both sources and the amount, currency, and customer information agree, but the transaction dates do not meet the configured reconciliation tolerance. This is likely due to a date discrepancy caused by differing timing between the AR posting and bank settlement processes.",HIGH
1928692629,1,1,TRUE,TRUE,TRUE,TRUE,FALSE,FALSE,FALSE,EXCEPTION,Date discrepancy,For Investigation,Date discrepancy due to settlement or posting timing differences,LOW,Compare the AR posting date with the bank settlement date to verify if the timing difference is within expected limits,"The transaction exists in both sources with matching amount, currency, and customer information, but the dates differ beyond the configured reconciliation tolerance, indicating a potential timing difference in settlement or posting processes.",HIGH,Date discrepancy due to settlement or posting timing differences,LOW,Compare the AR posting date with the bank settlement date to verify if the timing difference is within expected limits,"The transaction exists in both sources with matching amount, currency, and customer information, but the dates differ beyond the configured reconciliation tolerance, indicating a potential timing difference in settlement or posting processes.",HIGH
1929802457,1,2,TRUE,,,,,FALSE,TRUE,EXCEPTION,Duplicate Bank Entry,For Investigation,Duplicate Bank Entry,LOW,Review the bank entries to identify and remove the duplicate transaction. Verify if the duplicate was caused by a manual entry error or system import issue.,"The transaction exists once in both sources and matches in amount, currency, and customer information, but the duplicate bank entry is causing the reconciliation discrepancy. The duplicate likely originated from a duplicate posting in the bank system or a data import error.",HIGH,Duplicate Bank Entry,LOW,Review the bank entries to identify and remove the duplicate transaction. Verify if the duplicate was caused by a manual entry error or system import issue.,"The transaction exists once in both sources and matches in amount, currency, and customer information, but the duplicate bank entry is causing the reconciliation discrepancy. The duplicate likely originated from a duplicate posting in the bank system or a data import error.",HIGH
1930516456,2,1,TRUE,,,,,TRUE,FALSE,EXCEPTION,Duplicate AR Entry,For Investigation,Duplicate AR Entry Created,LOW,Review the AR system for duplicate entries and reconcile the duplicate transaction with the source system to determine the correct posting status.,"The transaction exists once in both sources but appears as a duplicate in the AR system. The duplicate entry likely originated from a duplicate posting or synchronization error, causing the reconciliation exception despite matching amounts, currency, and customer details.",HIGH,Duplicate AR Entry Created,LOW,Review the AR system for duplicate entries and reconcile the duplicate transaction with the source system to determine the correct posting status.,"The transaction exists once in both sources but appears as a duplicate in the AR system. The duplicate entry likely originated from a duplicate posting or synchronization error, causing the reconciliation exception despite matching amounts, currency, and customer details.",HIGH
2960560933,1,1,TRUE,TRUE,FALSE,TRUE,FALSE,FALSE,FALSE,EXCEPTION,Currency discrepancy; Date discrepancy,For Investigation,Possible currency conversion or settlement timing difference,LOW,Verify currency conversion rates and compare the AR posting date with the bank settlement date to assess timing differences.,"The transaction exists in both sources with matching amount, currency, and customer details, but discrepancies in currency and dates exceed the configured reconciliation tolerance. The currency discrepancy may stem from conversion rates, while the date discrepancy could relate to settlement timing.",HIGH,Possible currency conversion or settlement timing difference,LOW,Verify currency conversion rates and compare the AR posting date with the bank settlement date to assess timing differences.,"The transaction exists in both sources with matching amount, currency, and customer details, but discrepancies in currency and dates exceed the configured reconciliation tolerance. The currency discrepancy may stem from conversion rates, while the date discrepancy could relate to settlement timing.",HIGH
1929490553,1,1,TRUE,TRUE,TRUE,TRUE,FALSE,FALSE,FALSE,EXCEPTION,Date discrepancy,For Investigation,Possible settlement or posting timing difference,LOW,Compare the AR posting date with the bank settlement date and confirm whether the timing difference is expected.,"The transaction exists once in both sources and the amount, currency, and customer information agree, but the transaction dates do not meet the configured reconciliation tolerance.",HIGH,Possible settlement or posting timing difference,LOW,Compare the AR posting date with the bank settlement date and confirm whether the timing difference is expected.,"The transaction exists once in both sources and the amount, currency, and customer information agree, but the transaction dates do not meet the configured reconciliation tolerance.",HIGH
1928970023,1,1,TRUE,TRUE,FALSE,TRUE,FALSE,FALSE,FALSE,EXCEPTION,Currency discrepancy; Date discrepancy,For Investigation,Possible settlement or posting timing difference,LOW,Compare the AR posting date with the bank settlement date and confirm whether the timing difference is expected.,"The transaction exists once in both sources and the amount, currency, and customer information agree, but the transaction dates do not meet the configured reconciliation tolerance. The currency discrepancy may indicate a mismatch in the transaction's currency code or exchange rate, while the date discrepancy suggests a timing difference between AR posting and bank settlement.",HIGH,Possible settlement or posting timing difference,LOW,Compare the AR posting date with the bank settlement date and confirm whether the timing difference is expected.,"The transaction exists once in both sources and the amount, currency, and customer information agree, but the transaction dates do not meet the configured reconciliation tolerance. The currency discrepancy may indicate a mismatch in the transaction's currency code or exchange rate, while the date discrepancy suggests a timing difference between AR posting and bank settlement.",HIGH
1929822876,1,1,TRUE,TRUE,TRUE,TRUE,FALSE,FALSE,FALSE,EXCEPTION,Date discrepancy,For Investigation,Settlement or posting timing difference,LOW,Compare the AR posting date with the bank settlement date and confirm whether the timing difference is expected.,"The transaction exists once in both sources and the amount, currency, and customer information agree, but the transaction dates do not meet the configured reconciliation tolerance.",HIGH,Settlement or posting timing difference,LOW,Compare the AR posting date with the bank settlement date and confirm whether the timing difference is expected.,"The transaction exists once in both sources and the amount, currency, and customer information agree, but the transaction dates do not meet the configured reconciliation tolerance.",HIGH
1930098949,1,1,TRUE,TRUE,TRUE,TRUE,FALSE,FALSE,FALSE,EXCEPTION,Date discrepancy,For Investigation,Settlement or posting timing difference,LOW,Compare the AR posting date with the bank settlement date and confirm whether the timing difference is expected.,"The transaction exists once in both sources and the amount, currency, and customer information agree, but the transaction dates do not meet the configured reconciliation tolerance.",HIGH,Settlement or posting timing difference,LOW,Compare the AR posting date with the bank settlement date and confirm whether the timing difference is expected.,"The transaction exists once in both sources and the amount, currency, and customer information agree, but the transaction dates do not meet the configured reconciliation tolerance.",HIGH
1928552388,1,1,TRUE,TRUE,TRUE,TRUE,FALSE,FALSE,FALSE,EXCEPTION,Date discrepancy,For Investigation,Possible settlement or posting timing difference,LOW,Compare the AR posting date with the bank settlement date and confirm whether the timing difference is expected.,"The transaction exists once in both sources and the amount, currency, and customer information agree, but the transaction dates do not meet the configured reconciliation tolerance.",HIGH,Possible settlement or posting timing difference,LOW,Compare the AR posting date with the bank settlement date and confirm whether the timing difference is expected.,"The transaction exists once in both sources and the amount, currency, and customer information agree, but the transaction dates do not meet the configured reconciliation tolerance.",HIGH
1930490052,1,2,TRUE,,,,,FALSE,TRUE,EXCEPTION,Duplicate Bank Entry,For Investigation,Duplicate Bank Entry,LOW,Review the bank entries to identify and remove the duplicate transaction. Verify which entry is the valid one and reconcile accordingly.,"The transaction exists in both sources with matching amount, currency, and customer details, but the system detected a duplicate bank entry, leading to the exception.",HIGH,Duplicate Bank Entry,LOW,Review the bank entries to identify and remove the duplicate transaction. Verify which entry is the valid one and reconcile accordingly.,"The transaction exists in both sources with matching amount, currency, and customer details, but the system detected a duplicate bank entry, leading to the exception.",HIGH
1928866808,1,1,TRUE,TRUE,TRUE,TRUE,FALSE,FALSE,FALSE,EXCEPTION,Date discrepancy,For Investigation,Possible settlement or posting timing difference,LOW,Compare the AR posting date with the bank settlement date and confirm whether the timing difference is expected.,"The transaction exists once in both sources and the amount, currency, and customer information agree, but the transaction dates do not meet the configured reconciliation tolerance.",HIGH,Possible settlement or posting timing difference,LOW,Compare the AR posting date with the bank settlement date and confirm whether the timing difference is expected.,"The transaction exists once in both sources and the amount, currency, and customer information agree, but the transaction dates do not meet the configured reconciliation tolerance.",HIGH
1929589355,1,1,TRUE,TRUE,TRUE,FALSE,FALSE,FALSE,FALSE,EXCEPTION,Customer discrepancy; Date discrepancy,For Investigation,Possible settlement or posting timing difference,LOW,Compare the AR posting date with the bank settlement date and confirm whether the timing difference is expected.,"The transaction exists once in both sources and the amount, currency, and customer information agree, but the transaction dates do not meet the configured reconciliation tolerance.",HIGH,Possible settlement or posting timing difference,LOW,Compare the AR posting date with the bank settlement date and confirm whether the timing difference is expected.,"The transaction exists once in both sources and the amount, currency, and customer information agree, but the transaction dates do not meet the configured reconciliation tolerance.",HIGH
1929013646,1,1,TRUE,TRUE,TRUE,TRUE,FALSE,FALSE,FALSE,EXCEPTION,Date discrepancy,For Investigation,Possible settlement or posting timing difference,LOW,Compare the AR posting date with the bank settlement date and confirm whether the timing difference is expected.,"The transaction exists once in both sources and the amount, currency, and customer information agree, but the transaction dates do not meet the configured reconciliation tolerance.",HIGH,Possible settlement or posting timing difference,LOW,Compare the AR posting date with the bank settlement date and confirm whether the timing difference is expected.,"The transaction exists once in both sources and the amount, currency, and customer information agree, but the transaction dates do not meet the configured reconciliation tolerance.",HIGH
1930252063,1,1,TRUE,TRUE,FALSE,TRUE,FALSE,FALSE,FALSE,EXCEPTION,Currency discrepancy; Date discrepancy,For Investigation,Possible settlement or posting timing difference,LOW,Compare AR posting date with bank settlement date to identify discrepancies.,"The provided Exception Reason mentions both currency and date discrepancies, but the Explanation clarifies that the currency, amount, and customer information align. This suggests the primary issue is a date mismatch (e.g., timing differences in settlement or posting).",HIGH,Possible settlement or posting timing difference,LOW,Compare AR posting date with bank settlement date to identify discrepancies.,"The provided Exception Reason mentions both currency and date discrepancies, but the Explanation clarifies that the currency, amount, and customer information align. This suggests the primary issue is a date mismatch (e.g., timing differences in settlement or posting).",HIGH
1929038275,1,1,TRUE,TRUE,FALSE,TRUE,FALSE,FALSE,FALSE,EXCEPTION,Currency discrepancy; Date discrepancy,For Investigation,Possible settlement or posting timing difference,LOW,Compare the AR posting date with the bank settlement date and confirm whether the timing difference is expected.,"The transaction exists once in both sources and the amount, currency, and customer information agree, but the transaction dates do not meet the configured reconciliation tolerance. The Exception Reason indicates a currency discrepancy and date discrepancy, which may stem from differing settlement/posting timelines between systems.",HIGH,Possible settlement or posting timing difference,LOW,Compare the AR posting date with the bank settlement date and confirm whether the timing difference is expected.,"The transaction exists once in both sources and the amount, currency, and customer information agree, but the transaction dates do not meet the configured reconciliation tolerance. The Exception Reason indicates a currency discrepancy and date discrepancy, which may stem from differing settlement/posting timelines between systems.",HIGH
1928606833,1,1,TRUE,TRUE,TRUE,TRUE,FALSE,FALSE,FALSE,EXCEPTION,Date discrepancy,For Investigation,Settlement timing difference between AR posting and bank settlement dates,LOW,Compare the AR posting date with the bank settlement date and confirm whether the timing difference is expected,"The transaction exists once in both sources and the amount, currency, and customer information agree, but the transaction dates do not meet the configured reconciliation tolerance",HIGH,Settlement timing difference between AR posting and bank settlement dates,LOW,Compare the AR posting date with the bank settlement date and confirm whether the timing difference is expected,"The transaction exists once in both sources and the amount, currency, and customer information agree, but the transaction dates do not meet the configured reconciliation tolerance",HIGH
1929738491,1,1,TRUE,TRUE,TRUE,TRUE,FALSE,FALSE,FALSE,EXCEPTION,Date discrepancy,For Investigation,Possible settlement or posting timing difference,LOW,Compare the AR posting date with the bank settlement date and confirm whether the timing difference is expected.,"The transaction exists once in both sources and the amount, currency, and customer information agree, but the transaction dates do not meet the configured reconciliation tolerance.",HIGH,Possible settlement or posting timing difference,LOW,Compare the AR posting date with the bank settlement date and confirm whether the timing difference is expected.,"The transaction exists once in both sources and the amount, currency, and customer information agree, but the transaction dates do not meet the configured reconciliation tolerance.",HIGH
1929768701,1,1,TRUE,TRUE,TRUE,TRUE,FALSE,FALSE,FALSE,EXCEPTION,Date discrepancy,For Investigation,Possible settlement or posting timing difference,LOW,Compare the AR posting date with the bank settlement date and confirm whether the timing difference is expected.,"The transaction exists once in both sources and the amount, currency, and customer information agree, but the transaction dates do not meet the configured reconciliation tolerance.",HIGH,Possible settlement or posting timing difference,LOW,Compare the AR posting date with the bank settlement date and confirm whether the timing difference is expected.,"The transaction exists once in both sources and the amount, currency, and customer information agree, but the transaction dates do not meet the configured reconciliation tolerance.",HIGH
1930192483,1,1,TRUE,TRUE,FALSE,TRUE,TRUE,FALSE,FALSE,EXCEPTION,Currency discrepancy,For Investigation,Currency conversion error or mismatch,LOW,Verify the currency codes and conversion rates applied to the transaction in both sources.,"The transaction exists in both sources with matching amount, currency, and customer information, but the currency discrepancy indicates a mismatch or conversion error between the recorded currency codes or exchange rates.",HIGH,Currency conversion error or mismatch,LOW,Verify the currency codes and conversion rates applied to the transaction in both sources.,"The transaction exists in both sources with matching amount, currency, and customer information, but the currency discrepancy indicates a mismatch or conversion error between the recorded currency codes or exchange rates.",HIGH
1929159337,1,2,TRUE,,,,,FALSE,TRUE,EXCEPTION,Duplicate Bank Entry,For Investigation,Duplicate Bank Entry,LOW,Review the bank statement and reconcile duplicate entries. Remove or correct the duplicate transaction in the bank system to align with the source data.,"The transaction exists once in both sources and matches in amount, currency, and customer information. However, the duplicate bank entry caused a mismatch in reconciliation, even though the dates do not meet the configured tolerance.",HIGH,Duplicate Bank Entry,LOW,Review the bank statement and reconcile duplicate entries. Remove or correct the duplicate transaction in the bank system to align with the source data.,"The transaction exists once in both sources and matches in amount, currency, and customer information. However, the duplicate bank entry caused a mismatch in reconciliation, even though the dates do not meet the configured tolerance.",HIGH
1930174110,1,1,TRUE,TRUE,TRUE,TRUE,FALSE,FALSE,FALSE,EXCEPTION,Date discrepancy,For Investigation,Possible settlement or posting timing difference,LOW,Compare the AR posting date with the bank settlement date and confirm whether the timing difference is expected.,"The transaction exists once in both sources and the amount, currency, and customer information agree, but the transaction dates do not meet the configured reconciliation tolerance.",HIGH,Possible settlement or posting timing difference,LOW,Compare the AR posting date with the bank settlement date and confirm whether the timing difference is expected.,"The transaction exists once in both sources and the amount, currency, and customer information agree, but the transaction dates do not meet the configured reconciliation tolerance.",HIGH
1929173372,1,1,TRUE,TRUE,FALSE,TRUE,FALSE,FALSE,FALSE,EXCEPTION,Currency discrepancy; Date discrepancy,For Investigation,Possible settlement or posting timing difference,LOW,Compare the AR posting date with the bank settlement date and confirm whether the timing difference is expected.,"The transaction exists once in both sources and the amount, currency, and customer information agree, but the transaction dates do not meet the configured reconciliation tolerance. The currency discrepancy indicates a potential mismatch in the transaction's currency code or exchange rate, while the date discrepancy may stem from asynchronous posting or settlement timelines between systems.",HIGH,Possible settlement or posting timing difference,LOW,Compare the AR posting date with the bank settlement date and confirm whether the timing difference is expected.,"The transaction exists once in both sources and the amount, currency, and customer information agree, but the transaction dates do not meet the configured reconciliation tolerance. The currency discrepancy indicates a potential mismatch in the transaction's currency code or exchange rate, while the date discrepancy may stem from asynchronous posting or settlement timelines between systems.",HIGH
1929108431,1,1,TRUE,TRUE,TRUE,TRUE,FALSE,FALSE,FALSE,EXCEPTION,Date discrepancy,For Investigation,Possible settlement or posting timing difference,LOW,Compare the AR posting date with the bank settlement date and confirm whether the timing difference is expected.,"The transaction exists once in both sources and the amount, currency, and customer information agree, but the transaction dates do not meet the configured reconciliation tolerance.",HIGH,Possible settlement or posting timing difference,LOW,Compare the AR posting date with the bank settlement date and confirm whether the timing difference is expected.,"The transaction exists once in both sources and the amount, currency, and customer information agree, but the transaction dates do not meet the configured reconciliation tolerance.",HIGH
1929228184,1,1,TRUE,TRUE,TRUE,TRUE,FALSE,FALSE,FALSE,EXCEPTION,Date discrepancy,For Investigation,Possible settlement or posting timing difference,LOW,Compare the AR posting date with the bank settlement date and confirm whether the timing difference is expected.,"The transaction exists once in both sources and the amount, currency, and customer information agree, but the transaction dates do not meet the configured reconciliation tolerance.",HIGH,Possible settlement or posting timing difference,LOW,Compare the AR posting date with the bank settlement date and confirm whether the timing difference is expected.,"The transaction exists once in both sources and the amount, currency, and customer information agree, but the transaction dates do not meet the configured reconciliation tolerance.",HIGH
1928608417,1,1,TRUE,TRUE,FALSE,TRUE,TRUE,FALSE,FALSE,EXCEPTION,Currency discrepancy,For Investigation,Currency mismatch between source systems,LOW,"Verify currency fields in both sources and ensure consistency (e.g., check for differing currency codes or conversion rates).","The transaction exists in both sources with matching amount, customer information, and currency codes, but the currency fields do not align, causing the discrepancy.",HIGH,Currency mismatch between source systems,LOW,"Verify currency fields in both sources and ensure consistency (e.g., check for differing currency codes or conversion rates).","The transaction exists in both sources with matching amount, customer information, and currency codes, but the currency fields do not align, causing the discrepancy.",HIGH
1930264228,1,1,TRUE,TRUE,FALSE,TRUE,FALSE,FALSE,FALSE,EXCEPTION,Currency discrepancy; Date discrepancy,For Investigation,Currency discrepancy and possible settlement or posting timing difference,LOW,"Verify currency codes and rates in both sources, then compare AR posting dates with bank settlement dates to assess timing differences.","The transaction matches in amount, customer, and currency but differs in dates. The currency discrepancy requires validation of exchange rates, while the date discrepancy may stem from asynchronous posting/settlement timelines.",HIGH,Currency discrepancy and possible settlement or posting timing difference,LOW,"Verify currency codes and rates in both sources, then compare AR posting dates with bank settlement dates to assess timing differences.","The transaction matches in amount, customer, and currency but differs in dates. The currency discrepancy requires validation of exchange rates, while the date discrepancy may stem from asynchronous posting/settlement timelines.",HIGH
1929191744,1,1,TRUE,TRUE,TRUE,FALSE,TRUE,FALSE,FALSE,EXCEPTION,Customer discrepancy,For Investigation,Customer information mismatch between AR and bank records,LOW,Verify customer details in both AR and bank records to identify discrepancies,"The transaction exists in both sources with matching amount, currency, and dates, but customer information does not align, leading to the discrepancy.",HIGH,Customer information mismatch between AR and bank records,LOW,Verify customer details in both AR and bank records to identify discrepancies,"The transaction exists in both sources with matching amount, currency, and dates, but customer information does not align, leading to the discrepancy.",HIGH
1930025468,1,1,TRUE,TRUE,TRUE,TRUE,FALSE,FALSE,FALSE,EXCEPTION,Date discrepancy,For Investigation,Possible settlement or posting timing difference,LOW,Compare the AR posting date with the bank settlement date and confirm whether the timing difference is expected.,"The transaction exists once in both sources and the amount, currency, and customer information agree, but the transaction dates do not meet the configured reconciliation tolerance.",HIGH,Possible settlement or posting timing difference,LOW,Compare the AR posting date with the bank settlement date and confirm whether the timing difference is expected.,"The transaction exists once in both sources and the amount, currency, and customer information agree, but the transaction dates do not meet the configured reconciliation tolerance.",HIGH
2960575513,1,1,TRUE,FALSE,TRUE,TRUE,FALSE,FALSE,FALSE,EXCEPTION,Amount discrepancy; Date discrepancy,For Investigation,Possible settlement or posting timing difference,LOW,Compare the AR posting date with the bank settlement date and confirm whether the timing difference is expected.,"The transaction exists once in both sources and the amount, currency, and customer information agree, but the transaction dates do not meet the configured reconciliation tolerance.",HIGH,Possible settlement or posting timing difference,LOW,Compare the AR posting date with the bank settlement date and confirm whether the timing difference is expected.,"The transaction exists once in both sources and the amount, currency, and customer information agree, but the transaction dates do not meet the configured reconciliation tolerance.",HIGH
1929910073,1,2,TRUE,,,,,FALSE,TRUE,EXCEPTION,Duplicate Bank Entry,For Investigation,Duplicate Bank Entry,LOW,Review the bank entries for duplicates and reconcile the duplicate transaction by removing or correcting the redundant entry in the bank system.,"The transaction exists in both sources with matching amount, currency, and customer information, but the duplicate bank entry caused the date discrepancy. The duplicate entry likely resulted from a repeated posting or processing error in the bank system.",HIGH,Duplicate Bank Entry,LOW,Review the bank entries for duplicates and reconcile the duplicate transaction by removing or correcting the redundant entry in the bank system.,"The transaction exists in both sources with matching amount, currency, and customer information, but the duplicate bank entry caused the date discrepancy. The duplicate entry likely resulted from a repeated posting or processing error in the bank system.",HIGH
1930331177,1,1,TRUE,TRUE,FALSE,TRUE,TRUE,FALSE,FALSE,EXCEPTION,Currency discrepancy,For Investigation,Currency code mismatch between AR posting and bank transaction,LOW,Verify the currency codes in both the AR posting and the bank transaction to ensure they match the configured currency settings.,"The transaction exists in both sources with matching amount, customer information, and dates, but the currency codes differ, causing the discrepancy.",HIGH,Currency code mismatch between AR posting and bank transaction,LOW,Verify the currency codes in both the AR posting and the bank transaction to ensure they match the configured currency settings.,"The transaction exists in both sources with matching amount, customer information, and dates, but the currency codes differ, causing the discrepancy.",HIGH
1928766717,2,1,TRUE,,,,,TRUE,FALSE,EXCEPTION,Duplicate AR Entry,For Investigation,Duplicate AR Entry,LOW,Review the AR entries for duplicates and reconcile the duplicate entry by either removing the duplicate or adjusting the posting to match the source system.,"The transaction exists once in both sources but is being flagged as a duplicate due to matching amounts, currencies, and customer information. The system detected a duplicate entry during reconciliation.",HIGH,Duplicate AR Entry,LOW,Review the AR entries for duplicates and reconcile the duplicate entry by either removing the duplicate or adjusting the posting to match the source system.,"The transaction exists once in both sources but is being flagged as a duplicate due to matching amounts, currencies, and customer information. The system detected a duplicate entry during reconciliation.",HIGH
1929276198,1,1,TRUE,TRUE,FALSE,TRUE,TRUE,FALSE,FALSE,EXCEPTION,Currency discrepancy,For Investigation,Currency code mismatch or incorrect currency conversion applied during reconciliation,LOW,Verify the currency codes in both the AR system and the bank statement. Check if currency conversion rates were applied inconsistently or incorrectly during reconciliation.,"The transaction exists in both sources with matching amount, customer information, and currency fields, but the currency discrepancy suggests a mismatch in currency codes (e.g., USD vs. EUR) or an error in conversion rates, leading to the exception.",HIGH,Currency code mismatch or incorrect currency conversion applied during reconciliation,LOW,Verify the currency codes in both the AR system and the bank statement. Check if currency conversion rates were applied inconsistently or incorrectly during reconciliation.,"The transaction exists in both sources with matching amount, customer information, and currency fields, but the currency discrepancy suggests a mismatch in currency codes (e.g., USD vs. EUR) or an error in conversion rates, leading to the exception.",HIGH
1930229623,1,1,TRUE,TRUE,FALSE,TRUE,FALSE,FALSE,FALSE,EXCEPTION,Currency discrepancy; Date discrepancy,For Investigation,Possible settlement or posting timing difference,LOW,Compare the AR posting date with the bank settlement date and confirm whether the timing difference is expected.,"The transaction exists once in both sources, with matching amount, currency, and customer information, but the transaction dates do not meet the configured reconciliation tolerance. The currency discrepancy and date discrepancy indicate potential timing differences in settlement or posting processes.",HIGH,Possible settlement or posting timing difference,LOW,Compare the AR posting date with the bank settlement date and confirm whether the timing difference is expected.,"The transaction exists once in both sources, with matching amount, currency, and customer information, but the transaction dates do not meet the configured reconciliation tolerance. The currency discrepancy and date discrepancy indicate potential timing differences in settlement or posting processes.",HIGH
1928748750,1,1,TRUE,TRUE,TRUE,TRUE,FALSE,FALSE,FALSE,EXCEPTION,Date discrepancy,For Investigation,Possible settlement or posting timing difference,LOW,Compare the AR posting date with the bank settlement date and confirm whether the timing difference is expected.,"The transaction exists once in both sources and the amount, currency, and customer information agree, but the transaction dates do not meet the configured reconciliation tolerance.",HIGH,Possible settlement or posting timing difference,LOW,Compare the AR posting date with the bank settlement date and confirm whether the timing difference is expected.,"The transaction exists once in both sources and the amount, currency, and customer information agree, but the transaction dates do not meet the configured reconciliation tolerance.",HIGH
1930054022,1,1,TRUE,FALSE,TRUE,TRUE,TRUE,FALSE,FALSE,EXCEPTION,Amount discrepancy,For Investigation,Possible data entry error or system rounding difference,LOW,Verify the AR amount with the bank transaction amount and check for any system rounding rules or manual entry errors.,"The transaction exists in both sources with matching customer information and currency, but the amounts differ beyond the configured reconciliation tolerance, indicating a potential discrepancy in the recorded values.",HIGH,Possible data entry error or system rounding difference,LOW,Verify the AR amount with the bank transaction amount and check for any system rounding rules or manual entry errors.,"The transaction exists in both sources with matching customer information and currency, but the amounts differ beyond the configured reconciliation tolerance, indicating a potential discrepancy in the recorded values.",HIGH
1929418539,1,1,TRUE,TRUE,FALSE,TRUE,FALSE,FALSE,FALSE,EXCEPTION,Currency discrepancy; Date discrepancy,For Investigation,Possible currency conversion delay and settlement timing difference,LOW,Compare the AR posting date with the bank settlement date and currency conversion dates to confirm whether the timing differences are expected.,"The transaction exists once in both sources and the amount, currency, and customer information agree, but the transaction dates and currency details do not meet the configured reconciliation tolerance.",HIGH,Possible currency conversion delay and settlement timing difference,LOW,Compare the AR posting date with the bank settlement date and currency conversion dates to confirm whether the timing differences are expected.,"The transaction exists once in both sources and the amount, currency, and customer information agree, but the transaction dates and currency details do not meet the configured reconciliation tolerance.",HIGH
1929661345,1,1,TRUE,TRUE,TRUE,TRUE,FALSE,FALSE,FALSE,EXCEPTION,Date discrepancy,For Investigation,Possible settlement or posting timing difference,LOW,Compare the AR posting date with the bank settlement date and confirm whether the timing difference is expected.,"The transaction exists once in both sources and the amount, currency, and customer information agree, but the transaction dates do not meet the configured reconciliation tolerance.",HIGH,Possible settlement or posting timing difference,LOW,Compare the AR posting date with the bank settlement date and confirm whether the timing difference is expected.,"The transaction exists once in both sources and the amount, currency, and customer information agree, but the transaction dates do not meet the configured reconciliation tolerance.",HIGH
1929672177,1,2,TRUE,,,,,FALSE,TRUE,EXCEPTION,Duplicate Bank Entry,For Investigation,Duplicate transaction recorded in the bank system,LOW,Verify if the bank system has duplicate entries for this transaction and reconcile with the source system,"The transaction exists in both sources with matching details, but the bank system has a duplicate entry, leading to the reconciliation exception",HIGH,Duplicate transaction recorded in the bank system,LOW,Verify if the bank system has duplicate entries for this transaction and reconcile with the source system,"The transaction exists in both sources with matching details, but the bank system has a duplicate entry, leading to the reconciliation exception",HIGH
1991827591,1,1,TRUE,TRUE,TRUE,TRUE,FALSE,FALSE,FALSE,EXCEPTION,Date discrepancy,For Investigation,Possible settlement or posting timing difference,LOW,Compare the AR posting date with the bank settlement date and confirm whether the timing difference is expected.,"The transaction exists once in both sources and the amount, currency, and customer information agree, but the transaction dates do not meet the configured reconciliation tolerance.",HIGH,Possible settlement or posting timing difference,LOW,Compare the AR posting date with the bank settlement date and confirm whether the timing difference is expected.,"The transaction exists once in both sources and the amount, currency, and customer information agree, but the transaction dates do not meet the configured reconciliation tolerance.",HIGH
1929404729,1,1,TRUE,FALSE,TRUE,TRUE,TRUE,FALSE,FALSE,EXCEPTION,Amount discrepancy,For Investigation,Possible data entry error or calculation mistake in the amount.,LOW,"Verify the amounts in both the AR system and the bank statement, checking for any calculation errors or data entry mistakes.","The transaction exists in both sources with matching customer information, but the amounts do not align, indicating a possible error in the amount entry or calculation.",HIGH,Possible data entry error or calculation mistake in the amount.,LOW,"Verify the amounts in both the AR system and the bank statement, checking for any calculation errors or data entry mistakes.","The transaction exists in both sources with matching customer information, but the amounts do not align, indicating a possible error in the amount entry or calculation.",HIGH
1929113015,1,1,TRUE,FALSE,TRUE,TRUE,TRUE,FALSE,FALSE,EXCEPTION,Amount discrepancy,For Investigation,Amount discrepancy due to data entry error or calculation mismatch,LOW,Verify the amount calculations and data entry in both the AR system and the bank statement to identify the source of the discrepancy.,"The transaction exists in both sources with matching customer information and currency, but the amounts differ, indicating a possible data entry error or calculation mismatch.",HIGH,Amount discrepancy due to data entry error or calculation mismatch,LOW,Verify the amount calculations and data entry in both the AR system and the bank statement to identify the source of the discrepancy.,"The transaction exists in both sources with matching customer information and currency, but the amounts differ, indicating a possible data entry error or calculation mismatch.",HIGH
1929331380,1,1,TRUE,TRUE,TRUE,FALSE,FALSE,FALSE,FALSE,EXCEPTION,Customer discrepancy; Date discrepancy,For Investigation,Possible settlement or posting timing difference,LOW,Compare the AR posting date with the bank settlement date and confirm whether the timing difference is expected.,"The transaction exists once in both sources and the amount, currency, and customer information agree, but the transaction dates do not meet the configured reconciliation tolerance.",HIGH,Possible settlement or posting timing difference,LOW,Compare the AR posting date with the bank settlement date and confirm whether the timing difference is expected.,"The transaction exists once in both sources and the amount, currency, and customer information agree, but the transaction dates do not meet the configured reconciliation tolerance.",HIGH
1929811235,1,1,TRUE,TRUE,TRUE,TRUE,FALSE,FALSE,FALSE,EXCEPTION,Date discrepancy,For Investigation,Possible settlement or posting timing difference,LOW,Compare the AR posting date with the bank settlement date and confirm whether the timing difference is expected.,"The transaction exists in both sources with matching amount, currency, and customer information, but the dates do not meet the configured reconciliation tolerance, indicating a date discrepancy.",HIGH,Possible settlement or posting timing difference,LOW,Compare the AR posting date with the bank settlement date and confirm whether the timing difference is expected.,"The transaction exists in both sources with matching amount, currency, and customer information, but the dates do not meet the configured reconciliation tolerance, indicating a date discrepancy.",HIGH
1930205320,1,1,TRUE,TRUE,TRUE,TRUE,FALSE,FALSE,FALSE,EXCEPTION,Date discrepancy,For Investigation,Possible settlement or posting timing difference,LOW,Compare the AR posting date with the bank settlement date and confirm whether the timing difference is expected.,"The transaction exists once in both sources and the amount, currency, and customer information agree, but the transaction dates do not meet the configured reconciliation tolerance. This date discrepancy suggests a potential timing difference between AR posting and bank settlement processes.",HIGH,Possible settlement or posting timing difference,LOW,Compare the AR posting date with the bank settlement date and confirm whether the timing difference is expected.,"The transaction exists once in both sources and the amount, currency, and customer information agree, but the transaction dates do not meet the configured reconciliation tolerance. This date discrepancy suggests a potential timing difference between AR posting and bank settlement processes.",HIGH
1929713983,1,1,TRUE,TRUE,TRUE,TRUE,FALSE,FALSE,FALSE,EXCEPTION,Date discrepancy,For Investigation,Possible settlement or posting timing difference,LOW,Compare the AR posting date with the bank settlement date and confirm whether the timing difference is expected.,"The transaction exists once in both sources and the amount, currency, and customer information agree, but the transaction dates do not meet the configured reconciliation tolerance.",HIGH,Possible settlement or posting timing difference,LOW,Compare the AR posting date with the bank settlement date and confirm whether the timing difference is expected.,"The transaction exists once in both sources and the amount, currency, and customer information agree, but the transaction dates do not meet the configured reconciliation tolerance.",HIGH
1929169147,1,1,TRUE,FALSE,TRUE,TRUE,TRUE,FALSE,FALSE,EXCEPTION,Amount discrepancy,For Investigation,Amount discrepancy due to rounding differences or entry errors,LOW,"Reconcile the amounts in both systems, verify rounding rules, and check for data entry errors in the AR and bank records.","The transaction exists once in both sources, and currency, customer information, and other details agree, but the amounts differ, triggering the amount discrepancy exception.",HIGH,Amount discrepancy due to rounding differences or entry errors,LOW,"Reconcile the amounts in both systems, verify rounding rules, and check for data entry errors in the AR and bank records.","The transaction exists once in both sources, and currency, customer information, and other details agree, but the amounts differ, triggering the amount discrepancy exception.",HIGH
1929359251,1,0,FALSE,,,,,FALSE,FALSE,EXCEPTION,Transaction Present in AR Only,For Investigation,Transaction Present in AR Only,LOW,Verify if the transaction has been posted to the bank account and confirm the timing difference between AR posting and bank settlement.,"The transaction exists in the AR system but is missing from the bank reconciliation. This indicates the transaction may not yet have settled in the bank account, or the posting timing differs between systems.",HIGH,Transaction Present in AR Only,LOW,Verify if the transaction has been posted to the bank account and confirm the timing difference between AR posting and bank settlement.,"The transaction exists in the AR system but is missing from the bank reconciliation. This indicates the transaction may not yet have settled in the bank account, or the posting timing differs between systems.",HIGH
1929488837,1,0,FALSE,,,,,FALSE,FALSE,EXCEPTION,Transaction Present in AR Only,For Investigation,Settlement or posting timing difference,LOW,Compare the AR posting date with the bank settlement date and confirm whether the timing difference is expected.,"The transaction exists in AR but not in the bank records, indicating a possible timing difference between the AR posting and the bank settlement.",HIGH,Settlement or posting timing difference,LOW,Compare the AR posting date with the bank settlement date and confirm whether the timing difference is expected.,"The transaction exists in AR but not in the bank records, indicating a possible timing difference between the AR posting and the bank settlement.",HIGH
1929116468,1,0,FALSE,,,,,FALSE,FALSE,EXCEPTION,Transaction Present in AR Only,For Investigation,Possible settlement or posting timing difference,LOW,Compare the AR posting date with the bank settlement date and confirm whether the timing difference is expected.,"The transaction exists once in both sources and the amount, currency, and customer information agree, but the transaction dates do not meet the configured reconciliation tolerance.",HIGH,Possible settlement or posting timing difference,LOW,Compare the AR posting date with the bank settlement date and confirm whether the timing difference is expected.,"The transaction exists once in both sources and the amount, currency, and customer information agree, but the transaction dates do not meet the configured reconciliation tolerance.",HIGH
1928798073,1,1,TRUE,FALSE,TRUE,TRUE,FALSE,FALSE,FALSE,EXCEPTION,Amount discrepancy; Date discrepancy,For Investigation,Possible settlement or posting timing difference and data entry error,LOW,Compare the AR posting date with the bank settlement date and verify the amount entries for accuracy. Investigate potential data entry errors or timing differences causing the discrepancies.,"The transaction exists in both sources with matching amount, currency, and customer information, but the dates and amounts differ. The date discrepancy may indicate a timing difference in settlement/posting, while the amount discrepancy suggests potential data entry errors or reconciliation issues.",HIGH,Possible settlement or posting timing difference and data entry error,LOW,Compare the AR posting date with the bank settlement date and verify the amount entries for accuracy. Investigate potential data entry errors or timing differences causing the discrepancies.,"The transaction exists in both sources with matching amount, currency, and customer information, but the dates and amounts differ. The date discrepancy may indicate a timing difference in settlement/posting, while the amount discrepancy suggests potential data entry errors or reconciliation issues.",HIGH
1929872613,1,1,TRUE,TRUE,TRUE,FALSE,TRUE,FALSE,FALSE,EXCEPTION,Customer discrepancy,For Investigation,Customer information mismatch between sources,LOW,"Verify customer details (e.g., ID, name, account number) in both the AR system and the bank reconciliation source to identify discrepancies.","The transaction exists in both sources with matching amounts, currency, and other details, but the customer information differs, leading to a reconciliation failure under the 'Customer discrepancy' exception.",HIGH,Customer information mismatch between sources,LOW,"Verify customer details (e.g., ID, name, account number) in both the AR system and the bank reconciliation source to identify discrepancies.","The transaction exists in both sources with matching amounts, currency, and other details, but the customer information differs, leading to a reconciliation failure under the 'Customer discrepancy' exception.",HIGH
1928798541,1,1,TRUE,FALSE,TRUE,TRUE,TRUE,FALSE,FALSE,EXCEPTION,Amount discrepancy,For Investigation,Data entry error or currency conversion discrepancy,LOW,Verify the amounts in both sources for data entry errors or currency conversion differences. Check for rounding discrepancies or exchange rate variances.,"The transaction exists in both sources with matching customer information, but the amounts differ, indicating an inconsistency in the amount field despite agreement in other details.",HIGH,Data entry error or currency conversion discrepancy,LOW,Verify the amounts in both sources for data entry errors or currency conversion differences. Check for rounding discrepancies or exchange rate variances.,"The transaction exists in both sources with matching customer information, but the amounts differ, indicating an inconsistency in the amount field despite agreement in other details.",HIGH
1929520699,1,1,TRUE,TRUE,TRUE,TRUE,FALSE,FALSE,FALSE,EXCEPTION,Date discrepancy,For Investigation,Possible settlement or posting timing difference,LOW,Compare the AR posting date with the bank settlement date and confirm whether the timing difference is expected.,"The transaction exists once in both sources and the amount, currency, and customer information agree, but the transaction dates do not meet the configured reconciliation tolerance.",HIGH,Possible settlement or posting timing difference,LOW,Compare the AR posting date with the bank settlement date and confirm whether the timing difference is expected.,"The transaction exists once in both sources and the amount, currency, and customer information agree, but the transaction dates do not meet the configured reconciliation tolerance.",HIGH
1990568228,1,1,TRUE,FALSE,TRUE,TRUE,TRUE,FALSE,FALSE,EXCEPTION,Amount discrepancy,For Investigation,Possible amount entry error or currency conversion discrepancy,LOW,Verify the AR amount and currency with the bank statement entry and check for any currency conversion errors or manual entry mistakes,The transaction exists in both sources with matching customer information but exhibits an amount discrepancy that exceeds the configured reconciliation tolerance,HIGH,Possible amount entry error or currency conversion discrepancy,LOW,Verify the AR amount and currency with the bank statement entry and check for any currency conversion errors or manual entry mistakes,The transaction exists in both sources with matching customer information but exhibits an amount discrepancy that exceeds the configured reconciliation tolerance,HIGH
1930129023,1,2,TRUE,,,,,FALSE,TRUE,EXCEPTION,Duplicate Bank Entry,For Investigation,Duplicate Bank Entry,LOW,Investigate the duplicate bank entry and reconcile the transaction by verifying which entry should be retained or corrected in the bank records.,"The transaction exists in both sources with matching amount, currency, and customer information, but the duplicate bank entry is causing a reconciliation conflict. The system detected the duplication instead of a date discrepancy.",HIGH,Duplicate Bank Entry,LOW,Investigate the duplicate bank entry and reconcile the transaction by verifying which entry should be retained or corrected in the bank records.,"The transaction exists in both sources with matching amount, currency, and customer information, but the duplicate bank entry is causing a reconciliation conflict. The system detected the duplication instead of a date discrepancy.",HIGH
1928957721,1,1,TRUE,TRUE,FALSE,TRUE,TRUE,FALSE,FALSE,EXCEPTION,Currency discrepancy,For Investigation,Currency discrepancy between AR posting and bank settlement records,LOW,"Verify currency codes in both AR and bank records (e.g., USD vs. CAD) and investigate why the currency fields differ despite matching transaction amounts","The transaction exists in both sources with matching amounts and customer information, but the currency fields do not align. This discrepancy prevents reconciliation even though the numerical values match.",HIGH,Currency discrepancy between AR posting and bank settlement records,LOW,"Verify currency codes in both AR and bank records (e.g., USD vs. CAD) and investigate why the currency fields differ despite matching transaction amounts","The transaction exists in both sources with matching amounts and customer information, but the currency fields do not align. This discrepancy prevents reconciliation even though the numerical values match.",HIGH
1929193208,1,1,TRUE,TRUE,FALSE,TRUE,FALSE,FALSE,FALSE,EXCEPTION,Currency discrepancy; Date discrepancy,For Investigation,Possible settlement or posting timing difference,LOW,Compare the AR posting date with the bank settlement date and confirm whether the timing difference is expected.,"The transaction exists once in both sources and the amount, currency, and customer information agree, but the transaction dates do not meet the configured reconciliation tolerance. The Exception Reason indicates a currency discrepancy, but the provided data shows currency agreement, suggesting the primary issue is the date discrepancy.",HIGH,Possible settlement or posting timing difference,LOW,Compare the AR posting date with the bank settlement date and confirm whether the timing difference is expected.,"The transaction exists once in both sources and the amount, currency, and customer information agree, but the transaction dates do not meet the configured reconciliation tolerance. The Exception Reason indicates a currency discrepancy, but the provided data shows currency agreement, suggesting the primary issue is the date discrepancy.",HIGH
1929413311,1,1,TRUE,TRUE,TRUE,TRUE,FALSE,FALSE,FALSE,EXCEPTION,Date discrepancy,For Investigation,Possible settlement or posting timing difference,LOW,Compare the AR posting date with the bank settlement date and confirm whether the timing difference is expected.,"The transaction exists once in both sources and the amount, currency, and customer information agree, but the transaction dates do not meet the configured reconciliation tolerance.",HIGH,Possible settlement or posting timing difference,LOW,Compare the AR posting date with the bank settlement date and confirm whether the timing difference is expected.,"The transaction exists once in both sources and the amount, currency, and customer information agree, but the transaction dates do not meet the configured reconciliation tolerance.",HIGH
1928759887,1,1,TRUE,TRUE,TRUE,TRUE,FALSE,FALSE,FALSE,EXCEPTION,Date discrepancy,For Investigation,Possible settlement or posting timing difference,LOW,Compare the AR posting date with the bank settlement date and confirm whether the timing difference is expected.,"The transaction exists once in both sources and the amount, currency, and customer information agree, but the transaction dates do not meet the configured reconciliation tolerance.",HIGH,Possible settlement or posting timing difference,LOW,Compare the AR posting date with the bank settlement date and confirm whether the timing difference is expected.,"The transaction exists once in both sources and the amount, currency, and customer information agree, but the transaction dates do not meet the configured reconciliation tolerance.",HIGH
1930408924,1,1,TRUE,TRUE,TRUE,TRUE,FALSE,FALSE,FALSE,EXCEPTION,Date discrepancy,For Investigation,Possible settlement or posting timing difference,LOW,Compare the AR posting date with the bank settlement date and confirm whether the timing difference is expected.,"The transaction exists once in both sources and the amount, currency, and customer information agree, but the transaction dates do not meet the configured reconciliation tolerance.",HIGH,Possible settlement or posting timing difference,LOW,Compare the AR posting date with the bank settlement date and confirm whether the timing difference is expected.,"The transaction exists once in both sources and the amount, currency, and customer information agree, but the transaction dates do not meet the configured reconciliation tolerance.",HIGH
1929789431,1,0,FALSE,,,,,FALSE,FALSE,EXCEPTION,Transaction Present in AR Only,For Investigation,Possible settlement or posting timing difference,LOW,Compare the AR posting date with the bank settlement date and confirm whether the timing difference is expected.,"The transaction exists once in both sources and the amount, currency, and customer information agree, but the transaction dates do not meet the configured reconciliation tolerance.",HIGH,Possible settlement or posting timing difference,LOW,Compare the AR posting date with the bank settlement date and confirm whether the timing difference is expected.,"The transaction exists once in both sources and the amount, currency, and customer information agree, but the transaction dates do not meet the configured reconciliation tolerance.",HIGH
1929494820,1,1,TRUE,TRUE,TRUE,TRUE,FALSE,FALSE,FALSE,EXCEPTION,Date discrepancy,For Investigation,Possible settlement or posting timing difference,LOW,Compare the AR posting date with the bank settlement date and confirm whether the timing difference is expected.,"The transaction exists once in both sources and the amount, currency, and customer information agree, but the transaction dates do not meet the configured reconciliation tolerance. This date discrepancy suggests a timing difference between the AR posting and bank settlement dates.",HIGH,Possible settlement or posting timing difference,LOW,Compare the AR posting date with the bank settlement date and confirm whether the timing difference is expected.,"The transaction exists once in both sources and the amount, currency, and customer information agree, but the transaction dates do not meet the configured reconciliation tolerance. This date discrepancy suggests a timing difference between the AR posting and bank settlement dates.",HIGH
1929823312,1,1,TRUE,TRUE,TRUE,TRUE,FALSE,FALSE,FALSE,EXCEPTION,Date discrepancy,For Investigation,Possible settlement or posting timing difference,LOW,Compare the AR posting date with the bank settlement date and confirm whether the timing difference is expected.,"The transaction exists once in both sources and the amount, currency, and customer information agree, but the transaction dates do not meet the configured reconciliation tolerance.",HIGH,Possible settlement or posting timing difference,LOW,Compare the AR posting date with the bank settlement date and confirm whether the timing difference is expected.,"The transaction exists once in both sources and the amount, currency, and customer information agree, but the transaction dates do not meet the configured reconciliation tolerance.",HIGH
1929232288,1,1,TRUE,TRUE,TRUE,TRUE,FALSE,FALSE,FALSE,EXCEPTION,Date discrepancy,For Investigation,Possible settlement or posting timing difference,LOW,Compare the AR posting date with the bank settlement date and confirm whether the timing difference is expected.,"The transaction exists once in both sources and the amount, currency, and customer information agree, but the transaction dates do not meet the configured reconciliation tolerance.",HIGH,Possible settlement or posting timing difference,LOW,Compare the AR posting date with the bank settlement date and confirm whether the timing difference is expected.,"The transaction exists once in both sources and the amount, currency, and customer information agree, but the transaction dates do not meet the configured reconciliation tolerance.",HIGH
1929516389,1,1,TRUE,FALSE,TRUE,TRUE,FALSE,FALSE,FALSE,EXCEPTION,Amount discrepancy; Date discrepancy,For Investigation,Possible settlement or posting timing difference and incorrect amount entry or currency conversion error,LOW,Compare the AR posting date with the bank settlement date and reconcile the amount discrepancy by verifying currency conversion rates or entry errors.,"The transaction exists in both sources with matching amount, currency, and customer information, but the dates differ beyond the configured tolerance and the amounts do not align, indicating potential timing differences or data entry/calculation errors.",HIGH,Possible settlement or posting timing difference and incorrect amount entry or currency conversion error,LOW,Compare the AR posting date with the bank settlement date and reconcile the amount discrepancy by verifying currency conversion rates or entry errors.,"The transaction exists in both sources with matching amount, currency, and customer information, but the dates differ beyond the configured tolerance and the amounts do not align, indicating potential timing differences or data entry/calculation errors.",HIGH
1929212111,1,1,TRUE,TRUE,FALSE,TRUE,FALSE,FALSE,FALSE,EXCEPTION,Currency discrepancy; Date discrepancy,For Investigation,Possible currency conversion or settlement timing difference,LOW,"Compare the AR posting date with the bank settlement date and confirm whether the timing difference is expected. Additionally, verify if currency conversion rates or rounding differences may explain the discrepancy.","The transaction exists once in both sources, and the amount, currency, and customer information agree, but the transaction dates do not meet the configured reconciliation tolerance. The currency discrepancy may stem from conversion rates or rounding, while the date discrepancy could result from settlement timing differences.",HIGH,Possible currency conversion or settlement timing difference,LOW,"Compare the AR posting date with the bank settlement date and confirm whether the timing difference is expected. Additionally, verify if currency conversion rates or rounding differences may explain the discrepancy.","The transaction exists once in both sources, and the amount, currency, and customer information agree, but the transaction dates do not meet the configured reconciliation tolerance. The currency discrepancy may stem from conversion rates or rounding, while the date discrepancy could result from settlement timing differences.",HIGH
1930077085,1,1,TRUE,TRUE,TRUE,TRUE,FALSE,FALSE,FALSE,EXCEPTION,Date discrepancy,For Investigation,Settlement or posting timing difference,LOW,Compare the AR posting date with the bank settlement date and confirm whether the timing difference is expected.,"The transaction exists once in both sources and the amount, currency, and customer information agree, but the transaction dates do not meet the configured reconciliation tolerance.",HIGH,Settlement or posting timing difference,LOW,Compare the AR posting date with the bank settlement date and confirm whether the timing difference is expected.,"The transaction exists once in both sources and the amount, currency, and customer information agree, but the transaction dates do not meet the configured reconciliation tolerance.",HIGH
1930356555,2,1,TRUE,,,,,TRUE,FALSE,EXCEPTION,Duplicate AR Entry,For Investigation,Duplicate AR Entry,LOW,Investigate the source system for duplicate AR entries and remove the redundant record to resolve the reconciliation discrepancy.,"The transaction exists in both sources with matching amount, currency, and customer details, but the duplicate AR entry in the accounts receivable system caused the reconciliation conflict despite the entries being valid.",HIGH,Duplicate AR Entry,LOW,Investigate the source system for duplicate AR entries and remove the redundant record to resolve the reconciliation discrepancy.,"The transaction exists in both sources with matching amount, currency, and customer details, but the duplicate AR entry in the accounts receivable system caused the reconciliation conflict despite the entries being valid.",HIGH
1929113673,1,1,TRUE,TRUE,TRUE,TRUE,FALSE,FALSE,FALSE,EXCEPTION,Date discrepancy,For Investigation,Possible settlement or posting timing difference,LOW,Compare the AR posting date with the bank settlement date and confirm whether the timing difference is expected.,"The transaction exists once in both sources and the amount, currency, and customer information agree, but the transaction dates do not meet the configured reconciliation tolerance.",HIGH,Possible settlement or posting timing difference,LOW,Compare the AR posting date with the bank settlement date and confirm whether the timing difference is expected.,"The transaction exists once in both sources and the amount, currency, and customer information agree, but the transaction dates do not meet the configured reconciliation tolerance.",HIGH
1930040335,1,1,TRUE,TRUE,TRUE,TRUE,FALSE,FALSE,FALSE,EXCEPTION,Date discrepancy,For Investigation,Possible settlement or posting timing difference,LOW,Compare the AR posting date with the bank settlement date and confirm whether the timing difference is expected.,"The transaction exists once in both sources and the amount, currency, and customer information agree, but the transaction dates do not meet the configured reconciliation tolerance.",HIGH,Possible settlement or posting timing difference,LOW,Compare the AR posting date with the bank settlement date and confirm whether the timing difference is expected.,"The transaction exists once in both sources and the amount, currency, and customer information agree, but the transaction dates do not meet the configured reconciliation tolerance.",HIGH
1929007346,1,1,TRUE,TRUE,TRUE,TRUE,FALSE,FALSE,FALSE,EXCEPTION,Date discrepancy,For Investigation,Possible settlement or posting timing difference,LOW,Compare the AR posting date with the bank settlement date and confirm whether the timing difference is expected.,"The transaction exists once in both sources and the amount, currency, and customer information agree, but the transaction dates do not meet the configured reconciliation tolerance.",HIGH,Possible settlement or posting timing difference,LOW,Compare the AR posting date with the bank settlement date and confirm whether the timing difference is expected.,"The transaction exists once in both sources and the amount, currency, and customer information agree, but the transaction dates do not meet the configured reconciliation tolerance.",HIGH
1928954468,1,1,TRUE,TRUE,TRUE,TRUE,FALSE,FALSE,FALSE,EXCEPTION,Date discrepancy,For Investigation,Possible settlement or posting timing difference,LOW,Compare the AR posting date with the bank settlement date and confirm whether the timing difference is expected.,"The transaction exists once in both sources and the amount, currency, and customer information agree, but the transaction dates do not meet the configured reconciliation tolerance.",HIGH,Possible settlement or posting timing difference,LOW,Compare the AR posting date with the bank settlement date and confirm whether the timing difference is expected.,"The transaction exists once in both sources and the amount, currency, and customer information agree, but the transaction dates do not meet the configured reconciliation tolerance.",HIGH
1929779417,1,0,FALSE,,,,,FALSE,FALSE,EXCEPTION,Transaction Present in AR Only,For Investigation,Settlement or posting timing difference,LOW,Compare the AR posting date with the bank settlement date and confirm whether the timing difference is expected.,"The transaction exists in AR but not in the bank records. The matching details (amount, currency, customer) suggest the transaction is valid, but the absence in the bank system indicates a possible timing difference between AR posting and bank settlement.",HIGH,Settlement or posting timing difference,LOW,Compare the AR posting date with the bank settlement date and confirm whether the timing difference is expected.,"The transaction exists in AR but not in the bank records. The matching details (amount, currency, customer) suggest the transaction is valid, but the absence in the bank system indicates a possible timing difference between AR posting and bank settlement.",HIGH
1929640749,1,1,TRUE,TRUE,FALSE,TRUE,TRUE,FALSE,FALSE,EXCEPTION,Currency discrepancy,For Investigation,Currency code mismatch between AR and bank records,LOW,Verify currency codes in both AR and bank records and check for exchange rate discrepancies,"The transaction exists in both sources with matching amount, customer information, and agreed currency, but the currency codes (e.g., USD vs. EUR) or exchange rates may differ, causing the discrepancy.",HIGH,Currency code mismatch between AR and bank records,LOW,Verify currency codes in both AR and bank records and check for exchange rate discrepancies,"The transaction exists in both sources with matching amount, customer information, and agreed currency, but the currency codes (e.g., USD vs. EUR) or exchange rates may differ, causing the discrepancy.",HIGH
1928974640,1,1,TRUE,TRUE,FALSE,TRUE,TRUE,FALSE,FALSE,EXCEPTION,Currency discrepancy,For Investigation,Currency code mismatch between AR system and bank records,LOW,"Verify the currency code configuration in both AR system and bank reconciliation files, ensuring they use the same currency code standard (e.g., USD vs. USD).","The transaction exists in both sources with matching amount, customer info, and date, but the currency codes differ, causing the discrepancy. This is likely due to inconsistent currency code formatting or configuration between systems.",HIGH,Currency code mismatch between AR system and bank records,LOW,"Verify the currency code configuration in both AR system and bank reconciliation files, ensuring they use the same currency code standard (e.g., USD vs. USD).","The transaction exists in both sources with matching amount, customer info, and date, but the currency codes differ, causing the discrepancy. This is likely due to inconsistent currency code formatting or configuration between systems.",HIGH
1930040277,1,1,TRUE,TRUE,TRUE,TRUE,FALSE,FALSE,FALSE,EXCEPTION,Date discrepancy,For Investigation,Possible settlement or posting timing difference,LOW,Compare the AR posting date with the bank settlement date and confirm whether the timing difference is expected.,"The transaction exists once in both sources and the amount, currency, and customer information agree, but the transaction dates do not meet the configured reconciliation tolerance.",HIGH,Possible settlement or posting timing difference,LOW,Compare the AR posting date with the bank settlement date and confirm whether the timing difference is expected.,"The transaction exists once in both sources and the amount, currency, and customer information agree, but the transaction dates do not meet the configured reconciliation tolerance.",HIGH
1929272975,1,0,FALSE,,,,,FALSE,FALSE,EXCEPTION,Transaction Present in AR Only,For Investigation,"The transaction may not have been posted to the bank yet, or there could be a delay in the bank's processing of the transaction.",LOW,Verify if the transaction has been processed by the bank and check for any delays in the bank's settlement process.,"The transaction exists in AR but is missing in the bank records, indicating a possible delay or missing posting in the bank's system.",HIGH,"The transaction may not have been posted to the bank yet, or there could be a delay in the bank's processing of the transaction.",LOW,Verify if the transaction has been processed by the bank and check for any delays in the bank's settlement process.,"The transaction exists in AR but is missing in the bank records, indicating a possible delay or missing posting in the bank's system.",HIGH
1991832809,1,1,TRUE,TRUE,FALSE,TRUE,FALSE,FALSE,FALSE,EXCEPTION,Currency discrepancy; Date discrepancy,For Investigation,Possible settlement or posting timing difference,LOW,Compare the AR posting date with the bank settlement date and confirm whether the timing difference is expected.,"The transaction exists once in both sources and the amount, currency, and customer information agree, but the transaction dates do not meet the configured reconciliation tolerance.",HIGH,Possible settlement or posting timing difference,LOW,Compare the AR posting date with the bank settlement date and confirm whether the timing difference is expected.,"The transaction exists once in both sources and the amount, currency, and customer information agree, but the transaction dates do not meet the configured reconciliation tolerance.",HIGH
1929538297,1,1,TRUE,TRUE,TRUE,FALSE,TRUE,FALSE,FALSE,EXCEPTION,Customer discrepancy,For Investigation,Customer information mismatch between AR and bank records,LOW,"Verify customer details (e.g., name, ID, account number) in both AR and bank records to identify discrepancies","The transaction exists once in both sources with matching amount, currency, and date, but customer information does not align, causing the customer discrepancy. This may stem from data entry errors, duplicate customer records, or incorrect mapping in one source.",HIGH,Customer information mismatch between AR and bank records,LOW,"Verify customer details (e.g., name, ID, account number) in both AR and bank records to identify discrepancies","The transaction exists once in both sources with matching amount, currency, and date, but customer information does not align, causing the customer discrepancy. This may stem from data entry errors, duplicate customer records, or incorrect mapping in one source.",HIGH
1930078038,1,1,TRUE,TRUE,TRUE,TRUE,FALSE,FALSE,FALSE,EXCEPTION,Date discrepancy,For Investigation,Settlement or posting timing difference,LOW,Compare the AR posting date with the bank settlement date and confirm whether the timing difference is expected.,"The transaction exists once in both sources and the amount, currency, and customer information agree, but the transaction dates do not meet the configured reconciliation tolerance.",HIGH,Settlement or posting timing difference,LOW,Compare the AR posting date with the bank settlement date and confirm whether the timing difference is expected.,"The transaction exists once in both sources and the amount, currency, and customer information agree, but the transaction dates do not meet the configured reconciliation tolerance.",HIGH
1930135532,1,1,TRUE,FALSE,TRUE,TRUE,FALSE,FALSE,FALSE,EXCEPTION,Amount discrepancy; Date discrepancy,For Investigation,Possible settlement or posting timing difference,LOW,Compare the AR posting date with the bank settlement date and confirm whether the timing difference is expected.,"The transaction exists once in both sources and the amount, currency, and customer information agree, but the transaction dates do not meet the configured reconciliation tolerance.",HIGH,Possible settlement or posting timing difference,LOW,Compare the AR posting date with the bank settlement date and confirm whether the timing difference is expected.,"The transaction exists once in both sources and the amount, currency, and customer information agree, but the transaction dates do not meet the configured reconciliation tolerance.",HIGH
1929459264,1,1,TRUE,TRUE,TRUE,TRUE,FALSE,FALSE,FALSE,EXCEPTION,Date discrepancy,For Investigation,Possible settlement or posting timing difference,LOW,Compare the AR posting date with the bank settlement date and confirm whether the timing difference is expected.,"The transaction exists once in both sources and the amount, currency, and customer information agree, but the transaction dates do not meet the configured reconciliation tolerance.",HIGH,Possible settlement or posting timing difference,LOW,Compare the AR posting date with the bank settlement date and confirm whether the timing difference is expected.,"The transaction exists once in both sources and the amount, currency, and customer information agree, but the transaction dates do not meet the configured reconciliation tolerance.",HIGH
1930248325,1,1,TRUE,TRUE,TRUE,TRUE,FALSE,FALSE,FALSE,EXCEPTION,Date discrepancy,For Investigation,Possible settlement or posting timing difference,LOW,Compare the AR posting date with the bank settlement date and confirm whether the timing difference is expected.,"The transaction exists once in both sources and the amount, currency, and customer information agree, but the transaction dates do not meet the configured reconciliation tolerance.",HIGH,Possible settlement or posting timing difference,LOW,Compare the AR posting date with the bank settlement date and confirm whether the timing difference is expected.,"The transaction exists once in both sources and the amount, currency, and customer information agree, but the transaction dates do not meet the configured reconciliation tolerance.",HIGH
1930023185,1,1,TRUE,TRUE,TRUE,TRUE,FALSE,FALSE,FALSE,EXCEPTION,Date discrepancy,For Investigation,Possible settlement or posting timing difference,LOW,Compare the AR posting date with the bank settlement date and confirm whether the timing difference is expected.,"The transaction exists once in both sources and the amount, currency, and customer information agree, but the transaction dates do not meet the configured reconciliation tolerance.",HIGH,Possible settlement or posting timing difference,LOW,Compare the AR posting date with the bank settlement date and confirm whether the timing difference is expected.,"The transaction exists once in both sources and the amount, currency, and customer information agree, but the transaction dates do not meet the configured reconciliation tolerance.",HIGH
1929009642,1,1,TRUE,TRUE,TRUE,TRUE,FALSE,FALSE,FALSE,EXCEPTION,Date discrepancy,For Investigation,Settlement or posting timing difference,LOW,Compare the AR posting date with the bank settlement date and confirm whether the timing difference is expected.,"The transaction exists in both sources with matching amount, currency, and customer information, but the dates do not meet the configured reconciliation tolerance.",HIGH,Settlement or posting timing difference,LOW,Compare the AR posting date with the bank settlement date and confirm whether the timing difference is expected.,"The transaction exists in both sources with matching amount, currency, and customer information, but the dates do not meet the configured reconciliation tolerance.",HIGH
1929928480,1,1,TRUE,TRUE,TRUE,TRUE,FALSE,FALSE,FALSE,EXCEPTION,Date discrepancy,For Investigation,Possible settlement or posting timing difference,LOW,Compare the AR posting date with the bank settlement date and confirm whether the timing difference is expected.,"The transaction exists once in both sources and the amount, currency, and customer information agree, but the transaction dates do not meet the configured reconciliation tolerance.",HIGH,Possible settlement or posting timing difference,LOW,Compare the AR posting date with the bank settlement date and confirm whether the timing difference is expected.,"The transaction exists once in both sources and the amount, currency, and customer information agree, but the transaction dates do not meet the configured reconciliation tolerance.",HIGH
1929871622,1,1,TRUE,TRUE,TRUE,FALSE,TRUE,FALSE,FALSE,EXCEPTION,Customer discrepancy,For Investigation,Customer information mismatch between AR system and bank records,LOW,"Verify customer details (e.g., name, address, account number) in both AR system and bank records to identify matching entries","The transaction exists in both sources with matching amounts, currency, and dates, but customer information differs, causing the discrepancy",HIGH,Customer information mismatch between AR system and bank records,LOW,"Verify customer details (e.g., name, address, account number) in both AR system and bank records to identify matching entries","The transaction exists in both sources with matching amounts, currency, and dates, but customer information differs, causing the discrepancy",HIGH
1929821734,1,1,TRUE,TRUE,TRUE,TRUE,FALSE,FALSE,FALSE,EXCEPTION,Date discrepancy,For Investigation,Possible settlement or posting timing difference,LOW,Compare the AR posting date with the bank settlement date and confirm whether the timing difference is expected.,"The transaction exists once in both sources and the amount, currency, and customer information agree, but the transaction dates do not meet the configured reconciliation tolerance.",HIGH,Possible settlement or posting timing difference,LOW,Compare the AR posting date with the bank settlement date and confirm whether the timing difference is expected.,"The transaction exists once in both sources and the amount, currency, and customer information agree, but the transaction dates do not meet the configured reconciliation tolerance.",HIGH
1929014401,1,1,TRUE,TRUE,TRUE,TRUE,FALSE,FALSE,FALSE,EXCEPTION,Date discrepancy,For Investigation,Possible settlement or posting timing difference,LOW,Compare the AR posting date with the bank settlement date and confirm whether the timing difference is expected.,"The transaction exists once in both sources and the amount, currency, and customer information agree, but the transaction dates do not meet the configured reconciliation tolerance.",HIGH,Possible settlement or posting timing difference,LOW,Compare the AR posting date with the bank settlement date and confirm whether the timing difference is expected.,"The transaction exists once in both sources and the amount, currency, and customer information agree, but the transaction dates do not meet the configured reconciliation tolerance.",HIGH
1929139118,1,1,TRUE,FALSE,TRUE,TRUE,FALSE,FALSE,FALSE,EXCEPTION,Amount discrepancy; Date discrepancy,For Investigation,Possible settlement or posting timing difference,LOW,Compare the AR posting date with the bank settlement date and confirm whether the timing difference is expected.,"The transaction exists once in both sources and the amount, currency, and customer information agree, but the transaction dates do not meet the configured reconciliation tolerance.",HIGH,Possible settlement or posting timing difference,LOW,Compare the AR posting date with the bank settlement date and confirm whether the timing difference is expected.,"The transaction exists once in both sources and the amount, currency, and customer information agree, but the transaction dates do not meet the configured reconciliation tolerance.",HIGH
1930122845,1,1,TRUE,TRUE,TRUE,TRUE,FALSE,FALSE,FALSE,EXCEPTION,Date discrepancy,For Investigation,Possible settlement or posting timing difference,LOW,Compare the AR posting date with the bank settlement date and confirm whether the timing difference is expected.,"The transaction exists once in both sources and the amount, currency, and customer information agree, but the transaction dates do not meet the configured reconciliation tolerance.",HIGH,Possible settlement or posting timing difference,LOW,Compare the AR posting date with the bank settlement date and confirm whether the timing difference is expected.,"The transaction exists once in both sources and the amount, currency, and customer information agree, but the transaction dates do not meet the configured reconciliation tolerance.",HIGH
1929891026,1,2,TRUE,,,,,FALSE,TRUE,EXCEPTION,Duplicate Bank Entry,For Investigation,Duplicate Bank Entry,LOW,Review the bank entries for duplicates and reconcile the duplicate transaction with the source system to resolve the discrepancy.,"The transaction exists in both sources with matching amount, currency, and customer information, but the duplicate bank entry is causing the reconciliation exception.",HIGH,Duplicate Bank Entry,LOW,Review the bank entries for duplicates and reconcile the duplicate transaction with the source system to resolve the discrepancy.,"The transaction exists in both sources with matching amount, currency, and customer information, but the duplicate bank entry is causing the reconciliation exception.",HIGH
1929744232,1,1,TRUE,TRUE,TRUE,TRUE,FALSE,FALSE,FALSE,EXCEPTION,Date discrepancy,For Investigation,Possible settlement or posting timing difference,LOW,Compare the AR posting date with the bank settlement date and confirm whether the timing difference is expected.,"The transaction exists once in both sources and the amount, currency, and customer information agree, but the transaction dates do not meet the configured reconciliation tolerance.",HIGH,Possible settlement or posting timing difference,LOW,Compare the AR posting date with the bank settlement date and confirm whether the timing difference is expected.,"The transaction exists once in both sources and the amount, currency, and customer information agree, but the transaction dates do not meet the configured reconciliation tolerance.",HIGH
1929836807,1,1,TRUE,FALSE,TRUE,TRUE,TRUE,FALSE,FALSE,EXCEPTION,Amount discrepancy,For Investigation,Rounding differences or currency conversion discrepancies between AR system and bank records,LOW,"Verify amounts in both systems against rounding rules, currency conversion rates, and fee adjustments. Check if amounts are recorded in the same currency.","The transaction exists in both sources with matching customer information and currency, but amounts differ. This is likely due to rounding rules, exchange rate variances, or fee adjustments applied during reconciliation.",HIGH,Rounding differences or currency conversion discrepancies between AR system and bank records,LOW,"Verify amounts in both systems against rounding rules, currency conversion rates, and fee adjustments. Check if amounts are recorded in the same currency.","The transaction exists in both sources with matching customer information and currency, but amounts differ. This is likely due to rounding rules, exchange rate variances, or fee adjustments applied during reconciliation.",HIGH
1930425953,1,1,TRUE,TRUE,TRUE,FALSE,FALSE,FALSE,FALSE,EXCEPTION,Customer discrepancy; Date discrepancy,For Investigation,Possible settlement or posting timing difference,LOW,Compare the AR posting date with the bank settlement date and confirm whether the timing difference is expected.,"The transaction exists once in both sources and the amount, currency, and customer information agree, but the transaction dates do not meet the configured reconciliation tolerance.",HIGH,Possible settlement or posting timing difference,LOW,Compare the AR posting date with the bank settlement date and confirm whether the timing difference is expected.,"The transaction exists once in both sources and the amount, currency, and customer information agree, but the transaction dates do not meet the configured reconciliation tolerance.",HIGH
1930391181,1,0,FALSE,,,,,FALSE,FALSE,EXCEPTION,Transaction Present in AR Only,For Investigation,Transaction Present in AR Only,LOW,Verify if the transaction has been settled in the bank system and reconcile the AR posting date with the bank's settlement date to confirm timing differences.,"The transaction exists in the AR system but is missing from the bank reconciliation source, likely due to a timing difference between posting and settlement. The dates do not meet the configured tolerance, indicating potential asynchronous processing between systems.",HIGH,Transaction Present in AR Only,LOW,Verify if the transaction has been settled in the bank system and reconcile the AR posting date with the bank's settlement date to confirm timing differences.,"The transaction exists in the AR system but is missing from the bank reconciliation source, likely due to a timing difference between posting and settlement. The dates do not meet the configured tolerance, indicating potential asynchronous processing between systems.",HIGH
1929953044,1,2,TRUE,,,,,FALSE,TRUE,EXCEPTION,Duplicate Bank Entry,For Investigation,Duplicate transaction entry in the bank system,LOW,Review the bank statement and reconcile the duplicate entry to determine the root cause,"The transaction appears twice in the bank records, matching in amount, currency, and customer details, but the duplicate entry is causing the reconciliation issue",HIGH,Duplicate transaction entry in the bank system,LOW,Review the bank statement and reconcile the duplicate entry to determine the root cause,"The transaction appears twice in the bank records, matching in amount, currency, and customer details, but the duplicate entry is causing the reconciliation issue",HIGH
1929755336,1,1,TRUE,TRUE,TRUE,TRUE,FALSE,FALSE,FALSE,EXCEPTION,Date discrepancy,For Investigation,Possible settlement or posting timing difference,LOW,Compare the AR posting date with the bank settlement date and confirm whether the timing difference is expected.,"The transaction exists once in both sources and the amount, currency, and customer information agree, but the transaction dates do not meet the configured reconciliation tolerance.",HIGH,Possible settlement or posting timing difference,LOW,Compare the AR posting date with the bank settlement date and confirm whether the timing difference is expected.,"The transaction exists once in both sources and the amount, currency, and customer information agree, but the transaction dates do not meet the configured reconciliation tolerance.",HIGH
1930420907,1,1,TRUE,TRUE,TRUE,TRUE,FALSE,FALSE,FALSE,EXCEPTION,Date discrepancy,For Investigation,Possible settlement or posting timing difference,LOW,Compare the AR posting date with the bank settlement date and confirm whether the timing difference is expected.,"The transaction exists once in both sources and the amount, currency, and customer information agree, but the transaction dates do not meet the configured reconciliation tolerance.",HIGH,Possible settlement or posting timing difference,LOW,Compare the AR posting date with the bank settlement date and confirm whether the timing difference is expected.,"The transaction exists once in both sources and the amount, currency, and customer information agree, but the transaction dates do not meet the configured reconciliation tolerance.",HIGH
1929523280,1,1,TRUE,TRUE,FALSE,TRUE,FALSE,FALSE,FALSE,EXCEPTION,Currency discrepancy; Date discrepancy,For Investigation,Currency discrepancy; Date discrepancy,LOW,Compare the AR posting date with the bank settlement date and confirm whether the timing difference is expected. Verify currency codes and exchange rates for discrepancies.,"The transaction exists once in both sources with matching amount, currency, and customer information, but the transaction dates do not meet the configured reconciliation tolerance. Additionally, a currency discrepancy is detected, requiring verification of currency codes and exchange rates.",HIGH,Currency discrepancy; Date discrepancy,LOW,Compare the AR posting date with the bank settlement date and confirm whether the timing difference is expected. Verify currency codes and exchange rates for discrepancies.,"The transaction exists once in both sources with matching amount, currency, and customer information, but the transaction dates do not meet the configured reconciliation tolerance. Additionally, a currency discrepancy is detected, requiring verification of currency codes and exchange rates.",HIGH
1930508045,1,1,TRUE,TRUE,TRUE,TRUE,FALSE,FALSE,FALSE,EXCEPTION,Date discrepancy,For Investigation,Settlement or posting timing difference,LOW,Compare the AR posting date with the bank settlement date and confirm whether the timing difference is expected.,"The transaction dates do not meet the configured reconciliation tolerance, indicating a potential date discrepancy between the AR posting and bank settlement dates.",HIGH,Settlement or posting timing difference,LOW,Compare the AR posting date with the bank settlement date and confirm whether the timing difference is expected.,"The transaction dates do not meet the configured reconciliation tolerance, indicating a potential date discrepancy between the AR posting and bank settlement dates.",HIGH
1929036417,1,0,FALSE,,,,,FALSE,FALSE,EXCEPTION,Transaction Present in AR Only,For Investigation,Possible settlement or posting timing difference,LOW,Compare the AR posting date with the bank settlement date and confirm whether the timing difference is expected.,"The transaction exists in AR but is missing in the bank statement. The discrepancy arises because the AR transaction may have been posted before the corresponding bank settlement occurred, leading to a timing mismatch.",HIGH,Possible settlement or posting timing difference,LOW,Compare the AR posting date with the bank settlement date and confirm whether the timing difference is expected.,"The transaction exists in AR but is missing in the bank statement. The discrepancy arises because the AR transaction may have been posted before the corresponding bank settlement occurred, leading to a timing mismatch.",HIGH
1928626318,1,1,TRUE,TRUE,TRUE,TRUE,FALSE,FALSE,FALSE,EXCEPTION,Date discrepancy,For Investigation,Possible settlement or posting timing difference,LOW,Compare the AR posting date with the bank settlement date and confirm whether the timing difference is expected.,"The transaction exists once in both sources and the amount, currency, and customer information agree, but the transaction dates do not meet the configured reconciliation tolerance.",HIGH,Possible settlement or posting timing difference,LOW,Compare the AR posting date with the bank settlement date and confirm whether the timing difference is expected.,"The transaction exists once in both sources and the amount, currency, and customer information agree, but the transaction dates do not meet the configured reconciliation tolerance.",HIGH
1930047265,1,1,TRUE,TRUE,TRUE,TRUE,FALSE,FALSE,FALSE,EXCEPTION,Date discrepancy,For Investigation,Possible settlement or posting timing difference,LOW,Compare the AR posting date with the bank settlement date and confirm whether the timing difference is expected.,"The transaction exists once in both sources and the amount, currency, and customer information agree, but the transaction dates do not meet the configured reconciliation tolerance.",HIGH,Possible settlement or posting timing difference,LOW,Compare the AR posting date with the bank settlement date and confirm whether the timing difference is expected.,"The transaction exists once in both sources and the amount, currency, and customer information agree, but the transaction dates do not meet the configured reconciliation tolerance.",HIGH
1929528140,1,1,TRUE,TRUE,TRUE,TRUE,FALSE,FALSE,FALSE,EXCEPTION,Date discrepancy,For Investigation,Possible settlement or posting timing difference,LOW,Compare the AR posting date with the bank settlement date and confirm whether the timing difference is expected.,"The transaction exists once in both sources and the amount, currency, and customer information agree, but the transaction dates do not meet the configured reconciliation tolerance.",HIGH,Possible settlement or posting timing difference,LOW,Compare the AR posting date with the bank settlement date and confirm whether the timing difference is expected.,"The transaction exists once in both sources and the amount, currency, and customer information agree, but the transaction dates do not meet the configured reconciliation tolerance.",HIGH
1928860971,1,1,TRUE,TRUE,TRUE,TRUE,FALSE,FALSE,FALSE,EXCEPTION,Date discrepancy,For Investigation,Possible settlement or posting timing difference,LOW,Compare the AR posting date with the bank settlement date and confirm whether the timing difference is expected.,"The transaction exists once in both sources and the amount, currency, and customer information agree, but the transaction dates do not meet the configured reconciliation tolerance.",HIGH,Possible settlement or posting timing difference,LOW,Compare the AR posting date with the bank settlement date and confirm whether the timing difference is expected.,"The transaction exists once in both sources and the amount, currency, and customer information agree, but the transaction dates do not meet the configured reconciliation tolerance.",HIGH
1929990827,1,1,TRUE,FALSE,TRUE,TRUE,TRUE,FALSE,FALSE,EXCEPTION,Amount discrepancy,For Investigation,Data entry error in amount field,LOW,Compare the AR amount with the corresponding bank transaction amount and verify data entry accuracy,"The transaction exists in both sources with matching customer information and currency, but the amounts differ, indicating a possible data entry error or rounding discrepancy",HIGH,Data entry error in amount field,LOW,Compare the AR amount with the corresponding bank transaction amount and verify data entry accuracy,"The transaction exists in both sources with matching customer information and currency, but the amounts differ, indicating a possible data entry error or rounding discrepancy",HIGH
1929048096,1,1,TRUE,TRUE,TRUE,TRUE,FALSE,FALSE,FALSE,EXCEPTION,Date discrepancy,For Investigation,Possible settlement or posting timing difference,LOW,Compare the AR posting date with the bank settlement date and confirm whether the timing difference is expected.,"The transaction exists in both sources, with matching amount, currency, and customer information, but the dates differ beyond the configured reconciliation tolerance.",HIGH,Possible settlement or posting timing difference,LOW,Compare the AR posting date with the bank settlement date and confirm whether the timing difference is expected.,"The transaction exists in both sources, with matching amount, currency, and customer information, but the dates differ beyond the configured reconciliation tolerance.",HIGH
1929578875,1,1,TRUE,TRUE,TRUE,FALSE,TRUE,FALSE,FALSE,EXCEPTION,Customer discrepancy,For Investigation,Customer data mismatch between AR posting and bank transaction,LOW,"Verify customer information (e.g., customer ID, name, account number) in both AR and bank records to identify discrepancies in data entry or mapping.","The transaction exists in both sources with matching amounts, currency, and other details, but customer information differs, leading to a reconciliation conflict. This suggests a data entry error, incorrect customer mapping, or duplicate entries for the same customer.",HIGH,Customer data mismatch between AR posting and bank transaction,LOW,"Verify customer information (e.g., customer ID, name, account number) in both AR and bank records to identify discrepancies in data entry or mapping.","The transaction exists in both sources with matching amounts, currency, and other details, but customer information differs, leading to a reconciliation conflict. This suggests a data entry error, incorrect customer mapping, or duplicate entries for the same customer.",HIGH
1930353346,1,1,TRUE,TRUE,TRUE,TRUE,FALSE,FALSE,FALSE,EXCEPTION,Date discrepancy,For Investigation,Possible settlement or posting timing difference,LOW,Compare the AR posting date with the bank settlement date and confirm whether the timing difference is expected.,"The transaction exists once in both sources and the amount, currency, and customer information agree, but the transaction dates do not meet the configured reconciliation tolerance.",HIGH,Possible settlement or posting timing difference,LOW,Compare the AR posting date with the bank settlement date and confirm whether the timing difference is expected.,"The transaction exists once in both sources and the amount, currency, and customer information agree, but the transaction dates do not meet the configured reconciliation tolerance.",HIGH
1929855519,1,0,FALSE,,,,,FALSE,FALSE,EXCEPTION,Transaction Present in AR Only,For Investigation,Settlement or posting timing difference,LOW,Compare the AR posting date with the bank settlement date and confirm whether the timing difference is expected.,"The transaction exists once in both sources and the amount, currency, and customer information agree, but the transaction dates do not meet the configured reconciliation tolerance.",HIGH,Settlement or posting timing difference,LOW,Compare the AR posting date with the bank settlement date and confirm whether the timing difference is expected.,"The transaction exists once in both sources and the amount, currency, and customer information agree, but the transaction dates do not meet the configured reconciliation tolerance.",HIGH
1929537134,1,1,TRUE,TRUE,TRUE,TRUE,FALSE,FALSE,FALSE,EXCEPTION,Date discrepancy,For Investigation,Possible settlement or posting timing difference,LOW,Compare the AR posting date with the bank settlement date and confirm whether the timing difference is expected.,"The transaction exists once in both sources and the amount, currency, and customer information agree, but the transaction dates do not meet the configured reconciliation tolerance.",HIGH,Possible settlement or posting timing difference,LOW,Compare the AR posting date with the bank settlement date and confirm whether the timing difference is expected.,"The transaction exists once in both sources and the amount, currency, and customer information agree, but the transaction dates do not meet the configured reconciliation tolerance.",HIGH
1929178744,1,1,TRUE,TRUE,TRUE,TRUE,FALSE,FALSE,FALSE,EXCEPTION,Date discrepancy,For Investigation,Possible settlement or posting timing difference,LOW,Compare the AR posting date with the bank settlement date and confirm whether the timing difference is expected.,"The transaction exists once in both sources and the amount, currency, and customer information agree, but the transaction dates do not meet the configured reconciliation tolerance.",HIGH,Possible settlement or posting timing difference,LOW,Compare the AR posting date with the bank settlement date and confirm whether the timing difference is expected.,"The transaction exists once in both sources and the amount, currency, and customer information agree, but the transaction dates do not meet the configured reconciliation tolerance.",HIGH
1929014822,1,1,TRUE,TRUE,TRUE,TRUE,FALSE,FALSE,FALSE,EXCEPTION,Date discrepancy,For Investigation,Possible settlement or posting timing difference,LOW,Compare the AR posting date with the bank settlement date and confirm whether the timing difference is expected.,"The transaction exists once in both sources and the amount, currency, and customer information agree, but the transaction dates do not meet the configured reconciliation tolerance.",HIGH,Possible settlement or posting timing difference,LOW,Compare the AR posting date with the bank settlement date and confirm whether the timing difference is expected.,"The transaction exists once in both sources and the amount, currency, and customer information agree, but the transaction dates do not meet the configured reconciliation tolerance.",HIGH
1929541790,1,1,TRUE,TRUE,TRUE,TRUE,FALSE,FALSE,FALSE,EXCEPTION,Date discrepancy,For Investigation,Possible settlement or posting timing difference,LOW,Compare the AR posting date with the bank settlement date and confirm whether the timing difference is expected.,"The transaction exists in both sources with matching amount, currency, and customer information, but the dates do not meet the configured reconciliation tolerance.",HIGH,Possible settlement or posting timing difference,LOW,Compare the AR posting date with the bank settlement date and confirm whether the timing difference is expected.,"The transaction exists in both sources with matching amount, currency, and customer information, but the dates do not meet the configured reconciliation tolerance.",HIGH
1930283952,1,1,TRUE,TRUE,TRUE,TRUE,FALSE,FALSE,FALSE,EXCEPTION,Date discrepancy,For Investigation,Possible settlement or posting timing difference,LOW,Compare the AR posting date with the bank settlement date and confirm whether the timing difference is expected.,"The transaction exists once in both sources and the amount, currency, and customer information agree, but the transaction dates do not meet the configured reconciliation tolerance.",HIGH,Possible settlement or posting timing difference,LOW,Compare the AR posting date with the bank settlement date and confirm whether the timing difference is expected.,"The transaction exists once in both sources and the amount, currency, and customer information agree, but the transaction dates do not meet the configured reconciliation tolerance.",HIGH
1930402277,1,1,TRUE,TRUE,TRUE,TRUE,FALSE,FALSE,FALSE,EXCEPTION,Date discrepancy,For Investigation,Possible settlement or posting timing difference,LOW,Compare the AR posting date with the bank settlement date and confirm whether the timing difference is expected.,"The transaction exists once in both sources and the amount, currency, and customer information agree, but the transaction dates do not meet the configured reconciliation tolerance.",HIGH,Possible settlement or posting timing difference,LOW,Compare the AR posting date with the bank settlement date and confirm whether the timing difference is expected.,"The transaction exists once in both sources and the amount, currency, and customer information agree, but the transaction dates do not meet the configured reconciliation tolerance.",HIGH
1929515766,1,1,TRUE,TRUE,TRUE,TRUE,FALSE,FALSE,FALSE,EXCEPTION,Date discrepancy,For Investigation,Possible settlement or posting timing difference,LOW,Compare the AR posting date with the bank settlement date and confirm whether the timing difference is expected.,"The transaction exists once in both sources and the amount, currency, and customer information agree, but the transaction dates do not meet the configured reconciliation tolerance.",HIGH,Possible settlement or posting timing difference,LOW,Compare the AR posting date with the bank settlement date and confirm whether the timing difference is expected.,"The transaction exists once in both sources and the amount, currency, and customer information agree, but the transaction dates do not meet the configured reconciliation tolerance.",HIGH
1929037409,1,1,TRUE,TRUE,TRUE,TRUE,FALSE,FALSE,FALSE,EXCEPTION,Date discrepancy,For Investigation,Settlement or posting timing difference,LOW,Compare the AR posting date with the bank settlement date and confirm whether the timing difference is expected.,"The transaction exists once in both sources and the amount, currency, and customer information agree, but the transaction dates do not meet the configured reconciliation tolerance.",HIGH,Settlement or posting timing difference,LOW,Compare the AR posting date with the bank settlement date and confirm whether the timing difference is expected.,"The transaction exists once in both sources and the amount, currency, and customer information agree, but the transaction dates do not meet the configured reconciliation tolerance.",HIGH
1929963929,1,0,FALSE,,,,,FALSE,FALSE,EXCEPTION,Transaction Present in AR Only,For Investigation,Missing source transaction in the bank system,LOW,Verify if the transaction exists in the bank records and investigate potential timing differences or posting delays.,"The transaction is present in the AR system but missing from the bank records, indicating a possible missing source transaction or timing mismatch between AR posting and bank settlement.",HIGH,Missing source transaction in the bank system,LOW,Verify if the transaction exists in the bank records and investigate potential timing differences or posting delays.,"The transaction is present in the AR system but missing from the bank records, indicating a possible missing source transaction or timing mismatch between AR posting and bank settlement.",HIGH
1929554659,1,0,FALSE,,,,,FALSE,FALSE,EXCEPTION,Transaction Present in AR Only,For Investigation,Transaction Present in AR Only,LOW,Verify if the transaction was actually received by the bank or if it is a timing difference where the bank has not yet settled the payment. Check for any missing entries in the bank records.,"The transaction exists in the AR system but is missing from the bank records. This could indicate the payment was not received, the bank has not yet settled the transaction, or there is a reconciliation gap between the AR posting and the bank's settlement process.",HIGH,Transaction Present in AR Only,LOW,Verify if the transaction was actually received by the bank or if it is a timing difference where the bank has not yet settled the payment. Check for any missing entries in the bank records.,"The transaction exists in the AR system but is missing from the bank records. This could indicate the payment was not received, the bank has not yet settled the transaction, or there is a reconciliation gap between the AR posting and the bank's settlement process.",HIGH
1929554131,1,1,TRUE,TRUE,TRUE,TRUE,FALSE,FALSE,FALSE,EXCEPTION,Date discrepancy,For Investigation,Possible settlement or posting timing difference,LOW,Compare the AR posting date with the bank settlement date and confirm whether the timing difference is expected.,"The transaction exists once in both sources and the amount, currency, and customer information agree, but the transaction dates do not meet the configured reconciliation tolerance.",HIGH,Possible settlement or posting timing difference,LOW,Compare the AR posting date with the bank settlement date and confirm whether the timing difference is expected.,"The transaction exists once in both sources and the amount, currency, and customer information agree, but the transaction dates do not meet the configured reconciliation tolerance.",HIGH
1929479069,1,1,TRUE,FALSE,TRUE,TRUE,TRUE,FALSE,FALSE,EXCEPTION,Amount discrepancy,For Investigation,Data entry error or currency conversion discrepancy,LOW,Verify the amounts in both AR records and check for currency conversion errors. Confirm if rounding rules or exchange rates caused the discrepancy.,"The transaction exists in both sources with matching customer information, but the amounts differ. This could result from data entry errors, inconsistent currency conversion rates, or rounding differences during reconciliation.",HIGH,Data entry error or currency conversion discrepancy,LOW,Verify the amounts in both AR records and check for currency conversion errors. Confirm if rounding rules or exchange rates caused the discrepancy.,"The transaction exists in both sources with matching customer information, but the amounts differ. This could result from data entry errors, inconsistent currency conversion rates, or rounding differences during reconciliation.",HIGH
1990567105,1,1,TRUE,TRUE,TRUE,TRUE,FALSE,FALSE,FALSE,EXCEPTION,Date discrepancy,For Investigation,Possible settlement or posting timing difference,LOW,Compare the AR posting date with the bank settlement date and confirm whether the timing difference is expected.,"The transaction exists once in both sources and the amount, currency, and customer information agree, but the transaction dates do not meet the configured reconciliation tolerance.",HIGH,Possible settlement or posting timing difference,LOW,Compare the AR posting date with the bank settlement date and confirm whether the timing difference is expected.,"The transaction exists once in both sources and the amount, currency, and customer information agree, but the transaction dates do not meet the configured reconciliation tolerance.",HIGH
1929044526,1,2,TRUE,,,,,FALSE,TRUE,EXCEPTION,Duplicate Bank Entry,For Investigation,Duplicate Bank Entry,LOW,"Review the bank entries to identify and resolve the duplicate transaction. Verify if the duplicate entry was caused by a manual input error or system duplication, and remove the redundant record.","The transaction exists once in both sources and matches in amount, currency, and customer information, but the system detected a duplicate entry in the bank records. This occurs when the same transaction was posted twice to the bank account, leading to a mismatch during reconciliation.",HIGH,Duplicate Bank Entry,LOW,"Review the bank entries to identify and resolve the duplicate transaction. Verify if the duplicate entry was caused by a manual input error or system duplication, and remove the redundant record.","The transaction exists once in both sources and matches in amount, currency, and customer information, but the system detected a duplicate entry in the bank records. This occurs when the same transaction was posted twice to the bank account, leading to a mismatch during reconciliation.",HIGH
1930333127,1,1,TRUE,TRUE,TRUE,TRUE,FALSE,FALSE,FALSE,EXCEPTION,Date discrepancy,For Investigation,Possible settlement or posting timing difference,LOW,Compare the AR posting date with the bank settlement date and confirm whether the timing difference is expected.,"The transaction exists once in both sources and the amount, currency, and customer information agree, but the transaction dates do not meet the configured reconciliation tolerance.",HIGH,Possible settlement or posting timing difference,LOW,Compare the AR posting date with the bank settlement date and confirm whether the timing difference is expected.,"The transaction exists once in both sources and the amount, currency, and customer information agree, but the transaction dates do not meet the configured reconciliation tolerance.",HIGH
1929539238,1,1,TRUE,TRUE,TRUE,TRUE,FALSE,FALSE,FALSE,EXCEPTION,Date discrepancy,For Investigation,Possible settlement or posting timing difference,LOW,Compare the AR posting date with the bank settlement date and confirm whether the timing difference is expected.,"The transaction exists once in both sources and the amount, currency, and customer information agree, but the transaction dates do not meet the configured reconciliation tolerance.",HIGH,Possible settlement or posting timing difference,LOW,Compare the AR posting date with the bank settlement date and confirm whether the timing difference is expected.,"The transaction exists once in both sources and the amount, currency, and customer information agree, but the transaction dates do not meet the configured reconciliation tolerance.",HIGH
1929572126,1,0,FALSE,,,,,FALSE,FALSE,EXCEPTION,Transaction Present in AR Only,For Investigation,Possible settlement or posting timing difference,LOW,Compare the AR posting date with the bank settlement date and confirm whether the timing difference is expected.,"The transaction exists once in both sources and the amount, currency, and customer information agree, but the transaction dates do not meet the configured reconciliation tolerance.",HIGH,Possible settlement or posting timing difference,LOW,Compare the AR posting date with the bank settlement date and confirm whether the timing difference is expected.,"The transaction exists once in both sources and the amount, currency, and customer information agree, but the transaction dates do not meet the configured reconciliation tolerance.",HIGH
2960580450,1,0,FALSE,,,,,FALSE,FALSE,EXCEPTION,Transaction Present in AR Only,For Investigation,Settlement or posting timing difference,LOW,Verify if the bank has not yet settled the transaction and check for any delays in the bank's processing.,"The transaction exists in AR but is missing from the bank records, indicating a possible timing difference between AR posting and bank settlement.",HIGH,Settlement or posting timing difference,LOW,Verify if the bank has not yet settled the transaction and check for any delays in the bank's processing.,"The transaction exists in AR but is missing from the bank records, indicating a possible timing difference between AR posting and bank settlement.",HIGH
1929491885,1,1,TRUE,TRUE,TRUE,TRUE,FALSE,FALSE,FALSE,EXCEPTION,Date discrepancy,For Investigation,Possible settlement or posting timing difference,LOW,Compare the AR posting date with the bank settlement date and confirm whether the timing difference is expected.,"The transaction exists once in both sources and the amount, currency, and customer information agree, but the transaction dates do not meet the configured reconciliation tolerance.",HIGH,Possible settlement or posting timing difference,LOW,Compare the AR posting date with the bank settlement date and confirm whether the timing difference is expected.,"The transaction exists once in both sources and the amount, currency, and customer information agree, but the transaction dates do not meet the configured reconciliation tolerance.",HIGH
1929549064,1,1,TRUE,TRUE,TRUE,TRUE,FALSE,FALSE,FALSE,EXCEPTION,Date discrepancy,For Investigation,Possible settlement or posting timing difference,LOW,Compare the AR posting date with the bank settlement date and confirm whether the timing difference is expected.,"The transaction exists once in both sources and the amount, currency, and customer information agree, but the transaction dates do not meet the configured reconciliation tolerance.",HIGH,Possible settlement or posting timing difference,LOW,Compare the AR posting date with the bank settlement date and confirm whether the timing difference is expected.,"The transaction exists once in both sources and the amount, currency, and customer information agree, but the transaction dates do not meet the configured reconciliation tolerance.",HIGH
1928922857,1,1,TRUE,TRUE,TRUE,TRUE,FALSE,FALSE,FALSE,EXCEPTION,Date discrepancy,For Investigation,Possible settlement or posting timing difference,LOW,Compare the AR posting date with the bank settlement date and confirm whether the timing difference is expected.,"The transaction exists once in both sources and the amount, currency, and customer information agree, but the transaction dates do not meet the configured reconciliation tolerance.",HIGH,Possible settlement or posting timing difference,LOW,Compare the AR posting date with the bank settlement date and confirm whether the timing difference is expected.,"The transaction exists once in both sources and the amount, currency, and customer information agree, but the transaction dates do not meet the configured reconciliation tolerance.",HIGH
1928677959,1,1,TRUE,TRUE,TRUE,TRUE,FALSE,FALSE,FALSE,EXCEPTION,Date discrepancy,For Investigation,Possible settlement or posting timing difference,LOW,Compare the AR posting date with the bank settlement date and confirm whether the timing difference is expected.,"The transaction exists once in both sources and the amount, currency, and customer information agree, but the transaction dates do not meet the configured reconciliation tolerance.",HIGH,Possible settlement or posting timing difference,LOW,Compare the AR posting date with the bank settlement date and confirm whether the timing difference is expected.,"The transaction exists once in both sources and the amount, currency, and customer information agree, but the transaction dates do not meet the configured reconciliation tolerance.",HIGH
1930503107,1,1,TRUE,FALSE,TRUE,TRUE,TRUE,FALSE,FALSE,EXCEPTION,Amount discrepancy,For Investigation,"Amount discrepancy due to data entry error, rounding difference, or currency conversion mismatch",LOW,"Verify the arithmetic calculation in both AR posting and bank statement, check for rounding differences, and confirm currency conversion rates if applicable","The transaction exists in both sources with matching customer information and currency, but the amounts differ beyond the configured reconciliation tolerance, indicating a potential calculation or data entry error",HIGH,"Amount discrepancy due to data entry error, rounding difference, or currency conversion mismatch",LOW,"Verify the arithmetic calculation in both AR posting and bank statement, check for rounding differences, and confirm currency conversion rates if applicable","The transaction exists in both sources with matching customer information and currency, but the amounts differ beyond the configured reconciliation tolerance, indicating a potential calculation or data entry error",HIGH
1929890952,1,1,TRUE,TRUE,TRUE,TRUE,FALSE,FALSE,FALSE,EXCEPTION,Date discrepancy,For Investigation,Possible settlement or posting timing difference,LOW,Compare the AR posting date with the bank settlement date and confirm whether the timing difference is expected.,"The transaction exists once in both sources and the amount, currency, and customer information agree, but the transaction dates do not meet the configured reconciliation tolerance.",HIGH,Possible settlement or posting timing difference,LOW,Compare the AR posting date with the bank settlement date and confirm whether the timing difference is expected.,"The transaction exists once in both sources and the amount, currency, and customer information agree, but the transaction dates do not meet the configured reconciliation tolerance.",HIGH
1928550758,1,1,TRUE,TRUE,TRUE,TRUE,FALSE,FALSE,FALSE,EXCEPTION,Date discrepancy,For Investigation,Settlement or posting timing difference,LOW,Compare the AR posting date with the bank settlement date and confirm whether the timing difference is expected.,"The transaction exists once in both sources and the amount, currency, and customer information agree, but the transaction dates do not meet the configured reconciliation tolerance.",HIGH,Settlement or posting timing difference,LOW,Compare the AR posting date with the bank settlement date and confirm whether the timing difference is expected.,"The transaction exists once in both sources and the amount, currency, and customer information agree, but the transaction dates do not meet the configured reconciliation tolerance.",HIGH
1929134773,1,1,TRUE,TRUE,TRUE,FALSE,TRUE,FALSE,FALSE,EXCEPTION,Customer discrepancy,For Investigation,Customer information mismatch,LOW,"Verify customer details (e.g., name, code, account number) in both sources to identify discrepancies in the customer information.","The transaction exists once in both sources with matching amount, currency, and dates, but the customer information does not align, leading to the customer discrepancy exception.",HIGH,Customer information mismatch,LOW,"Verify customer details (e.g., name, code, account number) in both sources to identify discrepancies in the customer information.","The transaction exists once in both sources with matching amount, currency, and dates, but the customer information does not align, leading to the customer discrepancy exception.",HIGH
1929070108,1,1,TRUE,TRUE,TRUE,TRUE,FALSE,FALSE,FALSE,EXCEPTION,Date discrepancy,For Investigation,Possible settlement or posting timing difference,LOW,Compare the AR posting date with the bank settlement date and confirm whether the timing difference is expected.,"The transaction exists once in both sources and the amount, currency, and customer information agree, but the transaction dates do not meet the configured reconciliation tolerance.",HIGH,Possible settlement or posting timing difference,LOW,Compare the AR posting date with the bank settlement date and confirm whether the timing difference is expected.,"The transaction exists once in both sources and the amount, currency, and customer information agree, but the transaction dates do not meet the configured reconciliation tolerance.",HIGH
1928973714,1,1,TRUE,TRUE,TRUE,TRUE,FALSE,FALSE,FALSE,EXCEPTION,Date discrepancy,For Investigation,Possible settlement or posting timing difference,LOW,Compare the AR posting date with the bank settlement date and confirm whether the timing difference is expected.,"The transaction exists once in both sources and the amount, currency, and customer information agree, but the transaction dates do not meet the configured reconciliation tolerance.",HIGH,Possible settlement or posting timing difference,LOW,Compare the AR posting date with the bank settlement date and confirm whether the timing difference is expected.,"The transaction exists once in both sources and the amount, currency, and customer information agree, but the transaction dates do not meet the configured reconciliation tolerance.",HIGH
1928646554,1,1,TRUE,TRUE,TRUE,TRUE,FALSE,FALSE,FALSE,EXCEPTION,Date discrepancy,For Investigation,Possible settlement or posting timing difference,LOW,Compare the AR posting date with the bank settlement date and confirm whether the timing difference is expected.,"The transaction exists once in both sources and the amount, currency, and customer information agree, but the transaction dates do not meet the configured reconciliation tolerance.",HIGH,Possible settlement or posting timing difference,LOW,Compare the AR posting date with the bank settlement date and confirm whether the timing difference is expected.,"The transaction exists once in both sources and the amount, currency, and customer information agree, but the transaction dates do not meet the configured reconciliation tolerance.",HIGH
1929982856,1,1,TRUE,TRUE,TRUE,TRUE,FALSE,FALSE,FALSE,EXCEPTION,Date discrepancy,For Investigation,Possible settlement or posting timing difference,LOW,Compare the AR posting date with the bank settlement date and confirm whether the timing difference is expected.,"The transaction exists once in both sources and the amount, currency, and customer information agree, but the transaction dates do not meet the configured reconciliation tolerance.",HIGH,Possible settlement or posting timing difference,LOW,Compare the AR posting date with the bank settlement date and confirm whether the timing difference is expected.,"The transaction exists once in both sources and the amount, currency, and customer information agree, but the transaction dates do not meet the configured reconciliation tolerance.",HIGH
1929821621,1,1,TRUE,TRUE,TRUE,TRUE,FALSE,FALSE,FALSE,EXCEPTION,Date discrepancy,For Investigation,Possible settlement or posting timing difference,LOW,Compare the AR posting date with the bank settlement date and confirm whether the timing difference is expected.,"The transaction exists once in both sources and the amount, currency, and customer information agree, but the transaction dates do not meet the configured reconciliation tolerance.",HIGH,Possible settlement or posting timing difference,LOW,Compare the AR posting date with the bank settlement date and confirm whether the timing difference is expected.,"The transaction exists once in both sources and the amount, currency, and customer information agree, but the transaction dates do not meet the configured reconciliation tolerance.",HIGH
1929306310,1,1,TRUE,TRUE,TRUE,TRUE,FALSE,FALSE,FALSE,EXCEPTION,Date discrepancy,For Investigation,Possible settlement or posting timing difference,LOW,Compare the AR posting date with the bank settlement date and confirm whether the timing difference is expected.,"The transaction exists once in both sources and the amount, currency, and customer information agree, but the transaction dates do not meet the configured reconciliation tolerance.",HIGH,Possible settlement or posting timing difference,LOW,Compare the AR posting date with the bank settlement date and confirm whether the timing difference is expected.,"The transaction exists once in both sources and the amount, currency, and customer information agree, but the transaction dates do not meet the configured reconciliation tolerance.",HIGH
1929444342,1,1,TRUE,TRUE,TRUE,TRUE,FALSE,FALSE,FALSE,EXCEPTION,Date discrepancy,For Investigation,Possible settlement or posting timing difference,LOW,Compare the AR posting date with the bank settlement date and confirm whether the timing difference is expected.,"The transaction exists once in both sources and the amount, currency, and customer information agree, but the transaction dates do not meet the configured reconciliation tolerance.",HIGH,Possible settlement or posting timing difference,LOW,Compare the AR posting date with the bank settlement date and confirm whether the timing difference is expected.,"The transaction exists once in both sources and the amount, currency, and customer information agree, but the transaction dates do not meet the configured reconciliation tolerance.",HIGH
1929789307,1,1,TRUE,TRUE,FALSE,TRUE,TRUE,FALSE,FALSE,EXCEPTION,Currency discrepancy,For Investigation,Currency code mismatch between AR system and bank statement,LOW,"Verify the currency code (e.g., USD vs. EUR) in both the AR system and the bank statement for this transaction and reconcile accordingly.","The transaction exists once in both sources and the amount, currency, and customer information agree, but the currency codes do not match, causing the discrepancy.",HIGH,Currency code mismatch between AR system and bank statement,LOW,"Verify the currency code (e.g., USD vs. EUR) in both the AR system and the bank statement for this transaction and reconcile accordingly.","The transaction exists once in both sources and the amount, currency, and customer information agree, but the currency codes do not match, causing the discrepancy.",HIGH
1929907589,1,1,TRUE,TRUE,TRUE,TRUE,FALSE,FALSE,FALSE,EXCEPTION,Date discrepancy,For Investigation,Possible settlement or posting timing difference,LOW,Compare the AR posting date with the bank settlement date and confirm whether the timing difference is expected.,"The transaction exists once in both sources and the amount, currency, and customer information agree, but the transaction dates do not meet the configured reconciliation tolerance.",HIGH,Possible settlement or posting timing difference,LOW,Compare the AR posting date with the bank settlement date and confirm whether the timing difference is expected.,"The transaction exists once in both sources and the amount, currency, and customer information agree, but the transaction dates do not meet the configured reconciliation tolerance.",HIGH
1930489672,1,1,TRUE,TRUE,TRUE,TRUE,FALSE,FALSE,FALSE,EXCEPTION,Date discrepancy,For Investigation,Possible settlement or posting timing difference,LOW,Compare the AR posting date with the bank settlement date and confirm whether the timing difference is expected.,"The transaction exists once in both sources and the amount, currency, and customer information agree, but the transaction dates do not meet the configured reconciliation tolerance.",HIGH,Possible settlement or posting timing difference,LOW,Compare the AR posting date with the bank settlement date and confirm whether the timing difference is expected.,"The transaction exists once in both sources and the amount, currency, and customer information agree, but the transaction dates do not meet the configured reconciliation tolerance.",HIGH
1930049765,1,1,TRUE,FALSE,TRUE,TRUE,TRUE,FALSE,FALSE,EXCEPTION,Amount discrepancy,For Investigation,Possible data entry error or rounding difference in amount,LOW,"Verify the amounts in both AR and bank records for rounding differences, currency conversion errors, or manual entry mistakes.","The transaction exists in both sources with matching customer info and currency, but the amounts differ, indicating a potential data inconsistency or calculation error.",HIGH,Possible data entry error or rounding difference in amount,LOW,"Verify the amounts in both AR and bank records for rounding differences, currency conversion errors, or manual entry mistakes.","The transaction exists in both sources with matching customer info and currency, but the amounts differ, indicating a potential data inconsistency or calculation error.",HIGH
1929060298,1,0,FALSE,,,,,FALSE,FALSE,EXCEPTION,Transaction Present in AR Only,For Investigation,"The transaction is present in AR but missing from the bank reconciliation source, indicating a possible timing difference or unprocessed settlement.",LOW,Verify if the bank settlement date aligns with the AR posting date and confirm whether the absence in the bank system is due to timing differences or missing data.,"The transaction exists in AR but not in the bank source, with matching amount, currency, and customer details. The discrepancy is likely due to the transaction not yet being settled or posted to the bank system, rather than a date mismatch.",HIGH,"The transaction is present in AR but missing from the bank reconciliation source, indicating a possible timing difference or unprocessed settlement.",LOW,Verify if the bank settlement date aligns with the AR posting date and confirm whether the absence in the bank system is due to timing differences or missing data.,"The transaction exists in AR but not in the bank source, with matching amount, currency, and customer details. The discrepancy is likely due to the transaction not yet being settled or posted to the bank system, rather than a date mismatch.",HIGH
2960578282,1,1,TRUE,TRUE,TRUE,TRUE,FALSE,FALSE,FALSE,EXCEPTION,Date discrepancy,For Investigation,Possible settlement or posting timing difference,LOW,Compare the AR posting date with the bank settlement date and confirm whether the timing difference is expected.,"The transaction exists once in both sources and the amount, currency, and customer information agree, but the transaction dates do not meet the configured reconciliation tolerance.",HIGH,Possible settlement or posting timing difference,LOW,Compare the AR posting date with the bank settlement date and confirm whether the timing difference is expected.,"The transaction exists once in both sources and the amount, currency, and customer information agree, but the transaction dates do not meet the configured reconciliation tolerance.",HIGH
1929036689,1,1,TRUE,TRUE,TRUE,TRUE,FALSE,FALSE,FALSE,EXCEPTION,Date discrepancy,For Investigation,Possible settlement or posting timing difference,LOW,Compare the AR posting date with the bank settlement date and confirm whether the timing difference is expected.,"The transaction exists once in both sources and the amount, currency, and customer information agree, but the transaction dates do not meet the configured reconciliation tolerance.",HIGH,Possible settlement or posting timing difference,LOW,Compare the AR posting date with the bank settlement date and confirm whether the timing difference is expected.,"The transaction exists once in both sources and the amount, currency, and customer information agree, but the transaction dates do not meet the configured reconciliation tolerance.",HIGH
1928706572,1,1,TRUE,TRUE,TRUE,TRUE,FALSE,FALSE,FALSE,EXCEPTION,Date discrepancy,For Investigation,Possible settlement or posting timing difference,LOW,Compare the AR posting date with the bank settlement date and confirm whether the timing difference is expected.,"The transaction exists once in both sources and the amount, currency, and customer information agree, but the transaction dates do not meet the configured reconciliation tolerance.",HIGH,Possible settlement or posting timing difference,LOW,Compare the AR posting date with the bank settlement date and confirm whether the timing difference is expected.,"The transaction exists once in both sources and the amount, currency, and customer information agree, but the transaction dates do not meet the configured reconciliation tolerance.",HIGH
1929509714,1,1,TRUE,TRUE,TRUE,TRUE,FALSE,FALSE,FALSE,EXCEPTION,Date discrepancy,For Investigation,Possible settlement or posting timing difference,LOW,Compare the AR posting date with the bank settlement date and confirm whether the timing difference is expected.,"The transaction exists once in both sources and the amount, currency, and customer information agree, but the transaction dates do not meet the configured reconciliation tolerance.",HIGH,Possible settlement or posting timing difference,LOW,Compare the AR posting date with the bank settlement date and confirm whether the timing difference is expected.,"The transaction exists once in both sources and the amount, currency, and customer information agree, but the transaction dates do not meet the configured reconciliation tolerance.",HIGH
1930257526,1,1,TRUE,TRUE,FALSE,TRUE,TRUE,FALSE,FALSE,EXCEPTION,Currency discrepancy,For Investigation,Currency code discrepancy,LOW,Verify the currency codes in both the AR system and the bank statement to ensure they match. Check for any possible currency code formatting differences or typos.,"The transaction exists in both sources with matching amount, customer information, and dates, but the currency codes differ, leading to the discrepancy.",HIGH,Currency code discrepancy,LOW,Verify the currency codes in both the AR system and the bank statement to ensure they match. Check for any possible currency code formatting differences or typos.,"The transaction exists in both sources with matching amount, customer information, and dates, but the currency codes differ, leading to the discrepancy.",HIGH
2960575586,1,1,TRUE,TRUE,TRUE,TRUE,FALSE,FALSE,FALSE,EXCEPTION,Date discrepancy,For Investigation,Possible settlement or posting timing difference,LOW,Compare the AR posting date with the bank settlement date and confirm whether the timing difference is expected.,"The transaction exists once in both sources and the amount, currency, and customer information agree, but the transaction dates do not meet the configured reconciliation tolerance.",HIGH,Possible settlement or posting timing difference,LOW,Compare the AR posting date with the bank settlement date and confirm whether the timing difference is expected.,"The transaction exists once in both sources and the amount, currency, and customer information agree, but the transaction dates do not meet the configured reconciliation tolerance.",HIGH
1928844749,1,1,TRUE,TRUE,TRUE,TRUE,FALSE,FALSE,FALSE,EXCEPTION,Date discrepancy,For Investigation,Settlement or posting timing difference,LOW,Compare the AR posting date with the bank settlement date and confirm whether the timing difference is expected.,"The transaction exists in both sources with matching amount, currency, and customer information, but the dates do not meet the configured reconciliation tolerance due to a date discrepancy.",HIGH,Settlement or posting timing difference,LOW,Compare the AR posting date with the bank settlement date and confirm whether the timing difference is expected.,"The transaction exists in both sources with matching amount, currency, and customer information, but the dates do not meet the configured reconciliation tolerance due to a date discrepancy.",HIGH
1930131432,1,1,TRUE,FALSE,TRUE,TRUE,FALSE,FALSE,FALSE,EXCEPTION,Amount discrepancy; Date discrepancy,For Investigation,Possible settlement or posting timing difference,LOW,Compare the AR posting date with the bank settlement date and confirm whether the timing difference is expected.,"The transaction exists once in both sources and the amount, currency, and customer information agree, but the transaction dates do not meet the configured reconciliation tolerance.",HIGH,Possible settlement or posting timing difference,LOW,Compare the AR posting date with the bank settlement date and confirm whether the timing difference is expected.,"The transaction exists once in both sources and the amount, currency, and customer information agree, but the transaction dates do not meet the configured reconciliation tolerance.",HIGH
1929580986,1,1,TRUE,TRUE,TRUE,TRUE,FALSE,FALSE,FALSE,EXCEPTION,Date discrepancy,For Investigation,Possible settlement or posting timing difference,LOW,Compare the AR posting date with the bank settlement date and confirm whether the timing difference is expected.,"The transaction exists once in both sources and the amount, currency, and customer information agree, but the transaction dates do not meet the configured reconciliation tolerance.",HIGH,Possible settlement or posting timing difference,LOW,Compare the AR posting date with the bank settlement date and confirm whether the timing difference is expected.,"The transaction exists once in both sources and the amount, currency, and customer information agree, but the transaction dates do not meet the configured reconciliation tolerance.",HIGH
1929839480,1,0,FALSE,,,,,FALSE,FALSE,EXCEPTION,Transaction Present in AR Only,For Investigation,Transaction Present in AR Only,LOW,Compare the AR posting date with the bank settlement date and confirm whether the timing difference is expected.,"The transaction exists in AR but is missing in the bank, indicating a possible timing difference between AR posting and bank settlement. The details (amount, currency, customer) match, but the absence in the bank system triggers the exception.",HIGH,Transaction Present in AR Only,LOW,Compare the AR posting date with the bank settlement date and confirm whether the timing difference is expected.,"The transaction exists in AR but is missing in the bank, indicating a possible timing difference between AR posting and bank settlement. The details (amount, currency, customer) match, but the absence in the bank system triggers the exception.",HIGH
1928924538,1,1,TRUE,TRUE,TRUE,TRUE,FALSE,FALSE,FALSE,EXCEPTION,Date discrepancy,For Investigation,Possible settlement or posting timing difference,LOW,Compare the AR posting date with the bank settlement date and confirm whether the timing difference is expected.,"The transaction exists once in both sources and the amount, currency, and customer information agree, but the transaction dates do not meet the configured reconciliation tolerance.",HIGH,Possible settlement or posting timing difference,LOW,Compare the AR posting date with the bank settlement date and confirm whether the timing difference is expected.,"The transaction exists once in both sources and the amount, currency, and customer information agree, but the transaction dates do not meet the configured reconciliation tolerance.",HIGH
1929554443,1,1,TRUE,TRUE,FALSE,TRUE,FALSE,FALSE,FALSE,EXCEPTION,Currency discrepancy; Date discrepancy,For Investigation,Possible settlement or posting timing difference,LOW,Compare the AR posting date with the bank settlement date and confirm whether the timing difference is expected.,"The transaction exists once in both sources and the amount, currency, and customer information agree, but the transaction dates do not meet the configured reconciliation tolerance. The Exception Reason indicates a currency discrepancy and date discrepancy, but the explanation clarifies that currency agrees, suggesting the primary issue is the date discrepancy due to timing differences in settlement or posting.",HIGH,Possible settlement or posting timing difference,LOW,Compare the AR posting date with the bank settlement date and confirm whether the timing difference is expected.,"The transaction exists once in both sources and the amount, currency, and customer information agree, but the transaction dates do not meet the configured reconciliation tolerance. The Exception Reason indicates a currency discrepancy and date discrepancy, but the explanation clarifies that currency agrees, suggesting the primary issue is the date discrepancy due to timing differences in settlement or posting.",HIGH
1929839229,1,1,TRUE,TRUE,TRUE,TRUE,FALSE,FALSE,FALSE,EXCEPTION,Date discrepancy,For Investigation,Possible settlement or posting timing difference,LOW,Compare the AR posting date with the bank settlement date and confirm whether the timing difference is expected.,"The transaction exists once in both sources and the amount, currency, and customer information agree, but the transaction dates do not meet the configured reconciliation tolerance.",HIGH,Possible settlement or posting timing difference,LOW,Compare the AR posting date with the bank settlement date and confirm whether the timing difference is expected.,"The transaction exists once in both sources and the amount, currency, and customer information agree, but the transaction dates do not meet the configured reconciliation tolerance.",HIGH
1930053661,1,1,TRUE,TRUE,TRUE,FALSE,FALSE,FALSE,FALSE,EXCEPTION,Customer discrepancy; Date discrepancy,For Investigation,Possible settlement or posting timing difference (date discrepancy),LOW,"Compare the AR posting date with the bank settlement date and confirm whether the timing difference is expected. Additionally, verify customer information to resolve any discrepancies.","The transaction exists once in both sources, and the amount, currency, and customer information agree. However, the transaction dates do not meet the configured reconciliation tolerance, indicating a potential timing mismatch.",HIGH,Possible settlement or posting timing difference (date discrepancy),LOW,"Compare the AR posting date with the bank settlement date and confirm whether the timing difference is expected. Additionally, verify customer information to resolve any discrepancies.","The transaction exists once in both sources, and the amount, currency, and customer information agree. However, the transaction dates do not meet the configured reconciliation tolerance, indicating a potential timing mismatch.",HIGH
1929369950,1,0,FALSE,,,,,FALSE,FALSE,EXCEPTION,Transaction Present in AR Only,For Investigation,Settlement timing difference causing the transaction to be present in AR but not yet reflected in the bank records,LOW,Compare the AR posting date with the bank settlement date and confirm whether the timing difference is expected.,"The transaction exists in AR but is missing from the bank records. The discrepancy is likely due to a timing difference where the bank has not yet settled the transaction, resulting in the transaction being present in AR only.",HIGH,Settlement timing difference causing the transaction to be present in AR but not yet reflected in the bank records,LOW,Compare the AR posting date with the bank settlement date and confirm whether the timing difference is expected.,"The transaction exists in AR but is missing from the bank records. The discrepancy is likely due to a timing difference where the bank has not yet settled the transaction, resulting in the transaction being present in AR only.",HIGH
1929987985,1,1,TRUE,TRUE,TRUE,TRUE,FALSE,FALSE,FALSE,EXCEPTION,Date discrepancy,For Investigation,Possible settlement or posting timing difference,LOW,Compare the AR posting date with the bank settlement date and confirm whether the timing difference is expected.,"The transaction exists once in both sources and the amount, currency, and customer information agree, but the transaction dates do not meet the configured reconciliation tolerance.",HIGH,Possible settlement or posting timing difference,LOW,Compare the AR posting date with the bank settlement date and confirm whether the timing difference is expected.,"The transaction exists once in both sources and the amount, currency, and customer information agree, but the transaction dates do not meet the configured reconciliation tolerance.",HIGH
1930440108,1,1,TRUE,FALSE,TRUE,TRUE,TRUE,FALSE,FALSE,EXCEPTION,Amount discrepancy,For Investigation,Amount calculation error or rounding difference,LOW,"Reconcile the amounts in both sources, verifying for calculation errors, rounding differences, or currency conversion discrepancies.","The transaction exists in both sources with matching customer information and currency, but the amounts differ, indicating a potential calculation or rounding discrepancy rather than a date-related issue.",HIGH,Amount calculation error or rounding difference,LOW,"Reconcile the amounts in both sources, verifying for calculation errors, rounding differences, or currency conversion discrepancies.","The transaction exists in both sources with matching customer information and currency, but the amounts differ, indicating a potential calculation or rounding discrepancy rather than a date-related issue.",HIGH
1929187688,1,1,TRUE,TRUE,FALSE,TRUE,FALSE,FALSE,FALSE,EXCEPTION,Currency discrepancy; Date discrepancy,For Investigation,Currency discrepancy and possible settlement timing difference,LOW,Verify the currency codes in both sources and cross-check the AR posting date with the bank settlement date to assess if the timing difference is within acceptable limits.,"The transaction exists in both sources with matching amount, currency, and customer details, but discrepancies in currency codes and mismatched dates (posting vs. settlement) exceed the configured reconciliation tolerance.",HIGH,Currency discrepancy and possible settlement timing difference,LOW,Verify the currency codes in both sources and cross-check the AR posting date with the bank settlement date to assess if the timing difference is within acceptable limits.,"The transaction exists in both sources with matching amount, currency, and customer details, but discrepancies in currency codes and mismatched dates (posting vs. settlement) exceed the configured reconciliation tolerance.",HIGH
1929325034,1,1,TRUE,TRUE,TRUE,TRUE,FALSE,FALSE,FALSE,EXCEPTION,Date discrepancy,For Investigation,Possible settlement or posting timing difference,LOW,Compare the AR posting date with the bank settlement date and confirm whether the timing difference is expected.,"The transaction exists once in both sources and the amount, currency, and customer information agree, but the transaction dates do not meet the configured reconciliation tolerance.",HIGH,Possible settlement or posting timing difference,LOW,Compare the AR posting date with the bank settlement date and confirm whether the timing difference is expected.,"The transaction exists once in both sources and the amount, currency, and customer information agree, but the transaction dates do not meet the configured reconciliation tolerance.",HIGH
1930396374,1,1,TRUE,TRUE,TRUE,TRUE,FALSE,FALSE,FALSE,EXCEPTION,Date discrepancy,For Investigation,Settlement or posting timing difference,LOW,Compare the AR posting date with the bank settlement date and confirm whether the timing difference is expected.,"The transaction exists once in both sources and the amount, currency, and customer information agree, but the transaction dates do not meet the configured reconciliation tolerance.",HIGH,Settlement or posting timing difference,LOW,Compare the AR posting date with the bank settlement date and confirm whether the timing difference is expected.,"The transaction exists once in both sources and the amount, currency, and customer information agree, but the transaction dates do not meet the configured reconciliation tolerance.",HIGH
1930204798,1,1,TRUE,TRUE,TRUE,TRUE,FALSE,FALSE,FALSE,EXCEPTION,Date discrepancy,For Investigation,Possible settlement or posting timing difference,LOW,Compare the AR posting date with the bank settlement date and confirm whether the timing difference is expected.,"The transaction exists once in both sources and the amount, currency, and customer information agree, but the transaction dates do not meet the configured reconciliation tolerance.",HIGH,Possible settlement or posting timing difference,LOW,Compare the AR posting date with the bank settlement date and confirm whether the timing difference is expected.,"The transaction exists once in both sources and the amount, currency, and customer information agree, but the transaction dates do not meet the configured reconciliation tolerance.",HIGH
1928798962,1,1,TRUE,TRUE,TRUE,TRUE,FALSE,FALSE,FALSE,EXCEPTION,Date discrepancy,For Investigation,Settlement or posting timing difference,LOW,Compare the AR posting date with the bank settlement date and confirm whether the timing difference is expected.,"The transaction exists once in both sources and the amount, currency, and customer information agree, but the transaction dates do not meet the configured reconciliation tolerance.",HIGH,Settlement or posting timing difference,LOW,Compare the AR posting date with the bank settlement date and confirm whether the timing difference is expected.,"The transaction exists once in both sources and the amount, currency, and customer information agree, but the transaction dates do not meet the configured reconciliation tolerance.",HIGH
1930240041,1,1,TRUE,TRUE,TRUE,TRUE,FALSE,FALSE,FALSE,EXCEPTION,Date discrepancy,For Investigation,Settlement timing difference between AR posting and bank settlement dates,LOW,Compare the AR posting date with the bank settlement date and confirm whether the timing difference is expected,"The transaction exists once in both sources and the amount, currency, and customer information agree, but the transaction dates do not meet the configured reconciliation tolerance",HIGH,Settlement timing difference between AR posting and bank settlement dates,LOW,Compare the AR posting date with the bank settlement date and confirm whether the timing difference is expected,"The transaction exists once in both sources and the amount, currency, and customer information agree, but the transaction dates do not meet the configured reconciliation tolerance",HIGH
1929494603,1,1,TRUE,TRUE,TRUE,TRUE,FALSE,FALSE,FALSE,EXCEPTION,Date discrepancy,For Investigation,Possible settlement or posting timing difference,LOW,Compare the AR posting date with the bank settlement date and confirm whether the timing difference is expected.,"The transaction exists once in both sources and the amount, currency, and customer information agree, but the transaction dates do not meet the configured reconciliation tolerance.",HIGH,Possible settlement or posting timing difference,LOW,Compare the AR posting date with the bank settlement date and confirm whether the timing difference is expected.,"The transaction exists once in both sources and the amount, currency, and customer information agree, but the transaction dates do not meet the configured reconciliation tolerance.",HIGH
1930371036,1,1,TRUE,TRUE,TRUE,TRUE,FALSE,FALSE,FALSE,EXCEPTION,Date discrepancy,For Investigation,Possible settlement or posting timing difference,LOW,Compare the AR posting date with the bank settlement date and confirm whether the timing difference is expected.,"The transaction exists once in both sources and the amount, currency, and customer information agree, but the transaction dates do not meet the configured reconciliation tolerance.",HIGH,Possible settlement or posting timing difference,LOW,Compare the AR posting date with the bank settlement date and confirm whether the timing difference is expected.,"The transaction exists once in both sources and the amount, currency, and customer information agree, but the transaction dates do not meet the configured reconciliation tolerance.",HIGH
1930172612,1,1,TRUE,TRUE,TRUE,TRUE,FALSE,FALSE,FALSE,EXCEPTION,Date discrepancy,For Investigation,Possible settlement or posting timing difference,LOW,Compare the AR posting date with the bank settlement date and confirm whether the timing difference is expected.,"The transaction exists once in both sources and the amount, currency, and customer information agree, but the transaction dates do not meet the configured reconciliation tolerance.",HIGH,Possible settlement or posting timing difference,LOW,Compare the AR posting date with the bank settlement date and confirm whether the timing difference is expected.,"The transaction exists once in both sources and the amount, currency, and customer information agree, but the transaction dates do not meet the configured reconciliation tolerance.",HIGH
1929602992,1,1,TRUE,TRUE,TRUE,TRUE,FALSE,FALSE,FALSE,EXCEPTION,Date discrepancy,For Investigation,Possible settlement or posting timing difference,LOW,Compare the AR posting date with the bank settlement date and confirm whether the timing difference is expected.,"The transaction exists once in both sources and the amount, currency, and customer information agree, but the transaction dates do not meet the configured reconciliation tolerance.",HIGH,Possible settlement or posting timing difference,LOW,Compare the AR posting date with the bank settlement date and confirm whether the timing difference is expected.,"The transaction exists once in both sources and the amount, currency, and customer information agree, but the transaction dates do not meet the configured reconciliation tolerance.",HIGH
1930400264,1,1,TRUE,TRUE,TRUE,TRUE,FALSE,FALSE,FALSE,EXCEPTION,Date discrepancy,For Investigation,Possible settlement or posting timing difference,LOW,Compare the AR posting date with the bank settlement date and confirm whether the timing difference is expected.,"The transaction exists once in both sources and the amount, currency, and customer information agree, but the transaction dates do not meet the configured reconciliation tolerance.",HIGH,Possible settlement or posting timing difference,LOW,Compare the AR posting date with the bank settlement date and confirm whether the timing difference is expected.,"The transaction exists once in both sources and the amount, currency, and customer information agree, but the transaction dates do not meet the configured reconciliation tolerance.",HIGH
2960523014,1,1,TRUE,TRUE,TRUE,TRUE,FALSE,FALSE,FALSE,EXCEPTION,Date discrepancy,For Investigation,Possible settlement or posting timing difference,LOW,Compare the AR posting date with the bank settlement date and confirm whether the timing difference is expected.,"The transaction exists in both sources with matching amount, currency, and customer information, but the dates do not meet the configured reconciliation tolerance.",HIGH,Possible settlement or posting timing difference,LOW,Compare the AR posting date with the bank settlement date and confirm whether the timing difference is expected.,"The transaction exists in both sources with matching amount, currency, and customer information, but the dates do not meet the configured reconciliation tolerance.",HIGH
1928684579,1,1,TRUE,TRUE,TRUE,TRUE,FALSE,FALSE,FALSE,EXCEPTION,Date discrepancy,For Investigation,Settlement or posting timing difference,LOW,Compare the AR posting date with the bank settlement date and confirm whether the timing difference is expected.,"The transaction exists once in both sources and the amount, currency, and customer information agree, but the transaction dates do not meet the configured reconciliation tolerance.",HIGH,Settlement or posting timing difference,LOW,Compare the AR posting date with the bank settlement date and confirm whether the timing difference is expected.,"The transaction exists once in both sources and the amount, currency, and customer information agree, but the transaction dates do not meet the configured reconciliation tolerance.",HIGH
1929679994,1,0,FALSE,,,,,FALSE,FALSE,EXCEPTION,Transaction Present in AR Only,For Investigation,"The transaction may have been posted in AR but not yet settled in the bank account, leading to a timing difference.",LOW,Verify if the bank settlement date aligns with the AR posting date and check for any delays in payment processing or reconciliation timelines.,"The transaction exists in AR but is missing from the bank records. The discrepancy arises because the transaction was posted in AR but has not yet been settled in the bank account, resulting in a timing difference rather than an error.",HIGH,"The transaction may have been posted in AR but not yet settled in the bank account, leading to a timing difference.",LOW,Verify if the bank settlement date aligns with the AR posting date and check for any delays in payment processing or reconciliation timelines.,"The transaction exists in AR but is missing from the bank records. The discrepancy arises because the transaction was posted in AR but has not yet been settled in the bank account, resulting in a timing difference rather than an error.",HIGH
1930255656,1,1,TRUE,TRUE,TRUE,FALSE,FALSE,FALSE,FALSE,EXCEPTION,Customer discrepancy; Date discrepancy,For Investigation,Possible settlement or posting timing difference,LOW,Compare the AR posting date with the bank settlement date and confirm whether the timing difference is expected.,"The transaction exists once in both sources and the amount, currency, and customer information agree, but the transaction dates do not meet the configured reconciliation tolerance.",HIGH,Possible settlement or posting timing difference,LOW,Compare the AR posting date with the bank settlement date and confirm whether the timing difference is expected.,"The transaction exists once in both sources and the amount, currency, and customer information agree, but the transaction dates do not meet the configured reconciliation tolerance.",HIGH
1929531382,1,1,TRUE,TRUE,TRUE,TRUE,FALSE,FALSE,FALSE,EXCEPTION,Date discrepancy,For Investigation,Possible settlement or posting timing difference,LOW,Compare the AR posting date with the bank settlement date and confirm whether the timing difference is expected.,"The transaction exists once in both sources and the amount, currency, and customer information agree, but the transaction dates do not meet the configured reconciliation tolerance.",HIGH,Possible settlement or posting timing difference,LOW,Compare the AR posting date with the bank settlement date and confirm whether the timing difference is expected.,"The transaction exists once in both sources and the amount, currency, and customer information agree, but the transaction dates do not meet the configured reconciliation tolerance.",HIGH
1929174741,1,1,TRUE,TRUE,TRUE,FALSE,FALSE,FALSE,FALSE,EXCEPTION,Customer discrepancy; Date discrepancy,For Investigation,Possible settlement or posting timing difference,LOW,Compare the AR posting date with the bank settlement date and confirm whether the timing difference is expected.,"The transaction exists once in both sources and the amount, currency, and customer information agree, but the transaction dates do not meet the configured reconciliation tolerance. This is likely due to a date discrepancy caused by differing settlement or posting timing between systems.",HIGH,Possible settlement or posting timing difference,LOW,Compare the AR posting date with the bank settlement date and confirm whether the timing difference is expected.,"The transaction exists once in both sources and the amount, currency, and customer information agree, but the transaction dates do not meet the configured reconciliation tolerance. This is likely due to a date discrepancy caused by differing settlement or posting timing between systems.",HIGH
1930210837,1,2,TRUE,,,,,FALSE,TRUE,EXCEPTION,Duplicate Bank Entry,For Investigation,Duplicate Bank Entry,LOW,"Review the bank entries to identify and remove duplicate records, then reattempt reconciliation.","The transaction appears twice in the bank system but only once in the source, causing a duplicate entry discrepancy. The dates may differ due to the duplicate entry being processed at a different time than the original.",HIGH,Duplicate Bank Entry,LOW,"Review the bank entries to identify and remove duplicate records, then reattempt reconciliation.","The transaction appears twice in the bank system but only once in the source, causing a duplicate entry discrepancy. The dates may differ due to the duplicate entry being processed at a different time than the original.",HIGH
1930349110,1,1,TRUE,TRUE,TRUE,TRUE,FALSE,FALSE,FALSE,EXCEPTION,Date discrepancy,For Investigation,Possible settlement or posting timing difference,LOW,Compare the AR posting date with the bank settlement date and confirm whether the timing difference is expected.,"The transaction exists once in both sources and the amount, currency, and customer information agree, but the transaction dates do not meet the configured reconciliation tolerance.",HIGH,Possible settlement or posting timing difference,LOW,Compare the AR posting date with the bank settlement date and confirm whether the timing difference is expected.,"The transaction exists once in both sources and the amount, currency, and customer information agree, but the transaction dates do not meet the configured reconciliation tolerance.",HIGH
1929337021,1,1,TRUE,TRUE,TRUE,TRUE,FALSE,FALSE,FALSE,EXCEPTION,Date discrepancy,For Investigation,Possible settlement or posting timing difference,LOW,Compare the AR posting date with the bank settlement date and confirm whether the timing difference is expected.,"The transaction exists once in both sources and the amount, currency, and customer information agree, but the transaction dates do not meet the configured reconciliation tolerance. This date discrepancy suggests a potential timing difference between the AR posting and bank settlement dates.",HIGH,Possible settlement or posting timing difference,LOW,Compare the AR posting date with the bank settlement date and confirm whether the timing difference is expected.,"The transaction exists once in both sources and the amount, currency, and customer information agree, but the transaction dates do not meet the configured reconciliation tolerance. This date discrepancy suggests a potential timing difference between the AR posting and bank settlement dates.",HIGH
1928644562,1,1,TRUE,TRUE,TRUE,TRUE,FALSE,FALSE,FALSE,EXCEPTION,Date discrepancy,For Investigation,Possible settlement or posting timing difference,LOW,Compare the AR posting date with the bank settlement date and confirm whether the timing difference is expected.,"The transaction exists once in both sources and the amount, currency, and customer information agree, but the transaction dates do not meet the configured reconciliation tolerance. This date discrepancy indicates a potential timing difference between the AR posting and bank settlement dates.",HIGH,Possible settlement or posting timing difference,LOW,Compare the AR posting date with the bank settlement date and confirm whether the timing difference is expected.,"The transaction exists once in both sources and the amount, currency, and customer information agree, but the transaction dates do not meet the configured reconciliation tolerance. This date discrepancy indicates a potential timing difference between the AR posting and bank settlement dates.",HIGH
1930113862,1,1,TRUE,TRUE,TRUE,TRUE,FALSE,FALSE,FALSE,EXCEPTION,Date discrepancy,For Investigation,Possible settlement or posting timing difference,LOW,Compare the AR posting date with the bank settlement date and confirm whether the timing difference is expected.,"The transaction exists once in both sources and the amount, currency, and customer information agree, but the transaction dates do not meet the configured reconciliation tolerance.",HIGH,Possible settlement or posting timing difference,LOW,Compare the AR posting date with the bank settlement date and confirm whether the timing difference is expected.,"The transaction exists once in both sources and the amount, currency, and customer information agree, but the transaction dates do not meet the configured reconciliation tolerance.",HIGH
1929755111,1,1,TRUE,TRUE,TRUE,TRUE,FALSE,FALSE,FALSE,EXCEPTION,Date discrepancy,For Investigation,Possible settlement or posting timing difference,LOW,Compare the AR posting date with the bank settlement date and confirm whether the timing difference is expected.,"The transaction exists once in both sources and the amount, currency, and customer information agree, but the transaction dates do not meet the configured reconciliation tolerance.",HIGH,Possible settlement or posting timing difference,LOW,Compare the AR posting date with the bank settlement date and confirm whether the timing difference is expected.,"The transaction exists once in both sources and the amount, currency, and customer information agree, but the transaction dates do not meet the configured reconciliation tolerance.",HIGH
1930382979,1,1,TRUE,TRUE,TRUE,FALSE,FALSE,FALSE,FALSE,EXCEPTION,Customer discrepancy; Date discrepancy,For Investigation,Possible settlement or posting timing difference,LOW,Compare the AR posting date with the bank settlement date and confirm whether the timing difference is expected.,"The transaction exists once in both sources and the amount, currency, and customer information agree, but the transaction dates do not meet the configured reconciliation tolerance.",HIGH,Possible settlement or posting timing difference,LOW,Compare the AR posting date with the bank settlement date and confirm whether the timing difference is expected.,"The transaction exists once in both sources and the amount, currency, and customer information agree, but the transaction dates do not meet the configured reconciliation tolerance.",HIGH
2960596438,1,1,TRUE,TRUE,TRUE,TRUE,FALSE,FALSE,FALSE,EXCEPTION,Date discrepancy,For Investigation,Possible settlement or posting timing difference,LOW,Compare the AR posting date with the bank settlement date and confirm whether the timing difference is expected.,"The transaction exists once in both sources and the amount, currency, and customer information agree, but the transaction dates do not meet the configured reconciliation tolerance. This date discrepancy indicates a potential timing difference between AR posting and bank settlement.",HIGH,Possible settlement or posting timing difference,LOW,Compare the AR posting date with the bank settlement date and confirm whether the timing difference is expected.,"The transaction exists once in both sources and the amount, currency, and customer information agree, but the transaction dates do not meet the configured reconciliation tolerance. This date discrepancy indicates a potential timing difference between AR posting and bank settlement.",HIGH
1929282961,1,1,TRUE,TRUE,TRUE,TRUE,FALSE,FALSE,FALSE,EXCEPTION,Date discrepancy,For Investigation,Possible settlement or posting timing difference,LOW,Compare the AR posting date with the bank settlement date and confirm whether the timing difference is expected.,"The transaction exists once in both sources and the amount, currency, and customer information agree, but the transaction dates do not meet the configured reconciliation tolerance.",HIGH,Possible settlement or posting timing difference,LOW,Compare the AR posting date with the bank settlement date and confirm whether the timing difference is expected.,"The transaction exists once in both sources and the amount, currency, and customer information agree, but the transaction dates do not meet the configured reconciliation tolerance.",HIGH
1929716698,1,1,TRUE,TRUE,FALSE,TRUE,TRUE,FALSE,FALSE,EXCEPTION,Currency discrepancy,For Investigation,Currency code mismatch or incorrect currency conversion during reconciliation,LOW,Verify the currency code in the AR system matches the bank's transaction currency and check for any conversion rate discrepancies.,"The transaction exists in both sources with matching amount, currency, and customer information, but the currency codes do not align, causing the discrepancy.",HIGH,Currency code mismatch or incorrect currency conversion during reconciliation,LOW,Verify the currency code in the AR system matches the bank's transaction currency and check for any conversion rate discrepancies.,"The transaction exists in both sources with matching amount, currency, and customer information, but the currency codes do not align, causing the discrepancy.",HIGH
1991838727,1,1,TRUE,TRUE,TRUE,TRUE,FALSE,FALSE,FALSE,EXCEPTION,Date discrepancy,For Investigation,Possible settlement or posting timing difference,LOW,Compare the AR posting date with the bank settlement date and confirm whether the timing difference is expected.,"The transaction exists once in both sources and the amount, currency, and customer information agree, but the transaction dates do not meet the configured reconciliation tolerance.",HIGH,Possible settlement or posting timing difference,LOW,Compare the AR posting date with the bank settlement date and confirm whether the timing difference is expected.,"The transaction exists once in both sources and the amount, currency, and customer information agree, but the transaction dates do not meet the configured reconciliation tolerance.",HIGH
1930432077,1,1,TRUE,TRUE,TRUE,TRUE,FALSE,FALSE,FALSE,EXCEPTION,Date discrepancy,For Investigation,Settlement or posting timing difference,LOW,Compare the AR posting date with the bank settlement date and confirm whether the timing difference is expected.,"The transaction exists in both sources with matching amount, currency, and customer information, but the dates do not meet the configured reconciliation tolerance.",HIGH,Settlement or posting timing difference,LOW,Compare the AR posting date with the bank settlement date and confirm whether the timing difference is expected.,"The transaction exists in both sources with matching amount, currency, and customer information, but the dates do not meet the configured reconciliation tolerance.",HIGH
1929531006,1,1,TRUE,TRUE,TRUE,TRUE,FALSE,FALSE,FALSE,EXCEPTION,Date discrepancy,For Investigation,Possible settlement or posting timing difference,LOW,Compare the AR posting date with the bank settlement date and confirm whether the timing difference is expected.,"The transaction exists once in both sources and the amount, currency, and customer information agree, but the transaction dates do not meet the configured reconciliation tolerance.",HIGH,Possible settlement or posting timing difference,LOW,Compare the AR posting date with the bank settlement date and confirm whether the timing difference is expected.,"The transaction exists once in both sources and the amount, currency, and customer information agree, but the transaction dates do not meet the configured reconciliation tolerance.",HIGH
1929302058,1,1,TRUE,TRUE,TRUE,TRUE,FALSE,FALSE,FALSE,EXCEPTION,Date discrepancy,For Investigation,Possible settlement or posting timing difference,LOW,Compare the AR posting date with the bank settlement date and confirm whether the timing difference is expected.,"The transaction exists in both sources with matching amount, currency, and customer information, but the dates do not meet the configured reconciliation tolerance, indicating a date discrepancy.",HIGH,Possible settlement or posting timing difference,LOW,Compare the AR posting date with the bank settlement date and confirm whether the timing difference is expected.,"The transaction exists in both sources with matching amount, currency, and customer information, but the dates do not meet the configured reconciliation tolerance, indicating a date discrepancy.",HIGH
1929243737,1,1,TRUE,TRUE,TRUE,TRUE,FALSE,FALSE,FALSE,EXCEPTION,Date discrepancy,For Investigation,Possible settlement or posting timing difference,LOW,Compare the AR posting date with the bank settlement date and confirm whether the timing difference is expected.,"The transaction exists once in both sources and the amount, currency, and customer information agree, but the transaction dates do not meet the configured reconciliation tolerance.",HIGH,Possible settlement or posting timing difference,LOW,Compare the AR posting date with the bank settlement date and confirm whether the timing difference is expected.,"The transaction exists once in both sources and the amount, currency, and customer information agree, but the transaction dates do not meet the configured reconciliation tolerance.",HIGH
1928958370,1,2,TRUE,,,,,FALSE,TRUE,EXCEPTION,Duplicate Bank Entry,For Investigation,Duplicate Bank Entry,LOW,"Review the bank entries to identify and remove the duplicate transaction, then reattempt reconciliation to ensure consistency between the AR system and bank records.","The transaction exists once in both sources with matching amount, currency, and customer information, but the duplicate bank entry caused the reconciliation discrepancy. The duplicate entry likely resulted from a duplicate posting in the bank system, leading to an extra record that does not align with the AR system's single instance.",HIGH,Duplicate Bank Entry,LOW,"Review the bank entries to identify and remove the duplicate transaction, then reattempt reconciliation to ensure consistency between the AR system and bank records.","The transaction exists once in both sources with matching amount, currency, and customer information, but the duplicate bank entry caused the reconciliation discrepancy. The duplicate entry likely resulted from a duplicate posting in the bank system, leading to an extra record that does not align with the AR system's single instance.",HIGH
1929587493,1,1,TRUE,FALSE,TRUE,TRUE,TRUE,FALSE,FALSE,EXCEPTION,Amount discrepancy,For Investigation,Possible data entry error or currency conversion discrepancy,LOW,Verify the amounts in both sources and check for any calculation errors or currency conversion issues.,"The transaction exists in both sources, but the amounts do not match, indicating a possible data entry error or currency conversion discrepancy.",HIGH,Possible data entry error or currency conversion discrepancy,LOW,Verify the amounts in both sources and check for any calculation errors or currency conversion issues.,"The transaction exists in both sources, but the amounts do not match, indicating a possible data entry error or currency conversion discrepancy.",HIGH
1930203993,1,1,TRUE,TRUE,TRUE,TRUE,FALSE,FALSE,FALSE,EXCEPTION,Date discrepancy,For Investigation,Possible settlement or posting timing difference,LOW,Compare the AR posting date with the bank settlement date and confirm whether the timing difference is expected.,"The transaction exists once in both sources and the amount, currency, and customer information agree, but the transaction dates do not meet the configured reconciliation tolerance.",HIGH,Possible settlement or posting timing difference,LOW,Compare the AR posting date with the bank settlement date and confirm whether the timing difference is expected.,"The transaction exists once in both sources and the amount, currency, and customer information agree, but the transaction dates do not meet the configured reconciliation tolerance.",HIGH
2960550772,1,1,TRUE,TRUE,TRUE,TRUE,FALSE,FALSE,FALSE,EXCEPTION,Date discrepancy,For Investigation,Possible settlement or posting timing difference,LOW,Compare the AR posting date with the bank settlement date and confirm whether the timing difference is expected.,"The transaction exists once in both sources and the amount, currency, and customer information agree, but the transaction dates do not meet the configured reconciliation tolerance.",HIGH,Possible settlement or posting timing difference,LOW,Compare the AR posting date with the bank settlement date and confirm whether the timing difference is expected.,"The transaction exists once in both sources and the amount, currency, and customer information agree, but the transaction dates do not meet the configured reconciliation tolerance.",HIGH
1929721968,1,0,FALSE,,,,,FALSE,FALSE,EXCEPTION,Transaction Present in AR Only,For Investigation,Settlement or posting timing difference,LOW,Compare the AR posting date with the bank settlement date and confirm whether the timing difference is expected.,"The transaction exists in AR but is missing from the bank records, indicating a potential timing difference between AR posting and bank settlement processes.",HIGH,Settlement or posting timing difference,LOW,Compare the AR posting date with the bank settlement date and confirm whether the timing difference is expected.,"The transaction exists in AR but is missing from the bank records, indicating a potential timing difference between AR posting and bank settlement processes.",HIGH
1928625270,1,1,TRUE,TRUE,TRUE,TRUE,FALSE,FALSE,FALSE,EXCEPTION,Date discrepancy,For Investigation,Possible settlement or posting timing difference,LOW,Compare the AR posting date with the bank settlement date and confirm whether the timing difference is expected.,"The transaction exists once in both sources and the amount, currency, and customer information agree, but the transaction dates do not meet the configured reconciliation tolerance.",HIGH,Possible settlement or posting timing difference,LOW,Compare the AR posting date with the bank settlement date and confirm whether the timing difference is expected.,"The transaction exists once in both sources and the amount, currency, and customer information agree, but the transaction dates do not meet the configured reconciliation tolerance.",HIGH
1929333938,1,1,TRUE,TRUE,TRUE,TRUE,FALSE,FALSE,FALSE,EXCEPTION,Date discrepancy,For Investigation,Possible settlement or posting timing difference,LOW,Compare the AR posting date with the bank settlement date and confirm whether the timing difference is expected.,"The transaction exists once in both sources and the amount, currency, and customer information agree, but the transaction dates do not meet the configured reconciliation tolerance.",HIGH,Possible settlement or posting timing difference,LOW,Compare the AR posting date with the bank settlement date and confirm whether the timing difference is expected.,"The transaction exists once in both sources and the amount, currency, and customer information agree, but the transaction dates do not meet the configured reconciliation tolerance.",HIGH
1929022138,1,1,TRUE,TRUE,TRUE,TRUE,FALSE,FALSE,FALSE,EXCEPTION,Date discrepancy,For Investigation,Possible settlement or posting timing difference,LOW,Compare the AR posting date with the bank settlement date and confirm whether the timing difference is expected.,"The transaction exists once in both sources and the amount, currency, and customer information agree, but the transaction dates do not meet the configured reconciliation tolerance.",HIGH,Possible settlement or posting timing difference,LOW,Compare the AR posting date with the bank settlement date and confirm whether the timing difference is expected.,"The transaction exists once in both sources and the amount, currency, and customer information agree, but the transaction dates do not meet the configured reconciliation tolerance.",HIGH
1930492635,1,0,FALSE,,,,,FALSE,FALSE,EXCEPTION,Transaction Present in AR Only,For Investigation,Transaction Present in AR Only,LOW,Verify if the transaction was posted in AR but not yet settled in the bank due to timing differences or processing delays.,"The transaction exists in AR but is missing from the bank reconciliation. This could occur if the transaction was posted in AR before the corresponding bank settlement date, leading to a mismatch without a date discrepancy.",HIGH,Transaction Present in AR Only,LOW,Verify if the transaction was posted in AR but not yet settled in the bank due to timing differences or processing delays.,"The transaction exists in AR but is missing from the bank reconciliation. This could occur if the transaction was posted in AR before the corresponding bank settlement date, leading to a mismatch without a date discrepancy.",HIGH
1930098133,1,1,TRUE,TRUE,TRUE,FALSE,FALSE,FALSE,FALSE,EXCEPTION,Customer discrepancy; Date discrepancy,For Investigation,Possible settlement or posting timing difference,LOW,Compare the AR posting date with the bank settlement date and confirm whether the timing difference is expected.,"The transaction exists once in both sources and the amount, currency, and customer information agree, but the transaction dates do not meet the configured reconciliation tolerance, leading to the date discrepancy.",HIGH,Possible settlement or posting timing difference,LOW,Compare the AR posting date with the bank settlement date and confirm whether the timing difference is expected.,"The transaction exists once in both sources and the amount, currency, and customer information agree, but the transaction dates do not meet the configured reconciliation tolerance, leading to the date discrepancy.",HIGH
1930488439,1,1,TRUE,TRUE,TRUE,TRUE,FALSE,FALSE,FALSE,EXCEPTION,Date discrepancy,For Investigation,Possible settlement or posting timing difference,LOW,Compare the AR posting date with the bank settlement date and confirm whether the timing difference is expected.,"The transaction exists once in both sources and the amount, currency, and customer information agree, but the transaction dates do not meet the configured reconciliation tolerance.",HIGH,Possible settlement or posting timing difference,LOW,Compare the AR posting date with the bank settlement date and confirm whether the timing difference is expected.,"The transaction exists once in both sources and the amount, currency, and customer information agree, but the transaction dates do not meet the configured reconciliation tolerance.",HIGH
1929806368,1,1,TRUE,TRUE,TRUE,TRUE,FALSE,FALSE,FALSE,EXCEPTION,Date discrepancy,For Investigation,Possible settlement or posting timing difference,LOW,Compare the AR posting date with the bank settlement date and confirm whether the timing difference is expected.,"The transaction exists once in both sources and the amount, currency, and customer information agree, but the transaction dates do not meet the configured reconciliation tolerance.",HIGH,Possible settlement or posting timing difference,LOW,Compare the AR posting date with the bank settlement date and confirm whether the timing difference is expected.,"The transaction exists once in both sources and the amount, currency, and customer information agree, but the transaction dates do not meet the configured reconciliation tolerance.",HIGH
1930346982,1,1,TRUE,TRUE,TRUE,TRUE,FALSE,FALSE,FALSE,EXCEPTION,Date discrepancy,For Investigation,Possible settlement or posting timing difference,LOW,Compare the AR posting date with the bank settlement date and confirm whether the timing difference is expected.,"The transaction exists once in both sources and the amount, currency, and customer information agree, but the transaction dates do not meet the configured reconciliation tolerance.",HIGH,Possible settlement or posting timing difference,LOW,Compare the AR posting date with the bank settlement date and confirm whether the timing difference is expected.,"The transaction exists once in both sources and the amount, currency, and customer information agree, but the transaction dates do not meet the configured reconciliation tolerance.",HIGH
1930353327,1,1,TRUE,TRUE,TRUE,TRUE,FALSE,FALSE,FALSE,EXCEPTION,Date discrepancy,For Investigation,Possible settlement or posting timing difference,LOW,Compare the AR posting date with the bank settlement date and confirm whether the timing difference is expected.,"The transaction exists once in both sources and the amount, currency, and customer information agree, but the transaction dates do not meet the configured reconciliation tolerance.",HIGH,Possible settlement or posting timing difference,LOW,Compare the AR posting date with the bank settlement date and confirm whether the timing difference is expected.,"The transaction exists once in both sources and the amount, currency, and customer information agree, but the transaction dates do not meet the configured reconciliation tolerance.",HIGH
1929740014,1,1,TRUE,TRUE,TRUE,TRUE,FALSE,FALSE,FALSE,EXCEPTION,Date discrepancy,For Investigation,Possible settlement or posting timing difference,LOW,Compare the AR posting date with the bank settlement date and confirm whether the timing difference is expected.,"The transaction exists in both sources with matching amount, currency, and customer information, but the dates do not meet the configured reconciliation tolerance.",HIGH,Possible settlement or posting timing difference,LOW,Compare the AR posting date with the bank settlement date and confirm whether the timing difference is expected.,"The transaction exists in both sources with matching amount, currency, and customer information, but the dates do not meet the configured reconciliation tolerance.",HIGH
2960593136,1,2,TRUE,,,,,FALSE,TRUE,EXCEPTION,Duplicate Bank Entry,For Investigation,Duplicate Bank Entry,LOW,Review the bank entry for duplicates and remove or reconcile the redundant transaction.,"The duplicate bank entry caused the transaction to appear twice in the system, resulting in a mismatch despite matching amounts, currency, and customer details.",HIGH,Duplicate Bank Entry,LOW,Review the bank entry for duplicates and remove or reconcile the redundant transaction.,"The duplicate bank entry caused the transaction to appear twice in the system, resulting in a mismatch despite matching amounts, currency, and customer details.",HIGH
1928879406,1,1,TRUE,TRUE,TRUE,TRUE,FALSE,FALSE,FALSE,EXCEPTION,Date discrepancy,For Investigation,Possible settlement or posting timing difference,LOW,Compare the AR posting date with the bank settlement date and confirm whether the timing difference is expected.,"The transaction exists once in both sources and the amount, currency, and customer information agree, but the transaction dates do not meet the configured reconciliation tolerance.",HIGH,Possible settlement or posting timing difference,LOW,Compare the AR posting date with the bank settlement date and confirm whether the timing difference is expected.,"The transaction exists once in both sources and the amount, currency, and customer information agree, but the transaction dates do not meet the configured reconciliation tolerance.",HIGH
1928792561,1,1,TRUE,TRUE,TRUE,TRUE,FALSE,FALSE,FALSE,EXCEPTION,Date discrepancy,For Investigation,Possible settlement or posting timing difference,LOW,Compare the AR posting date with the bank settlement date and confirm whether the timing difference is expected.,"The transaction exists once in both sources and the amount, currency, and customer information agree, but the transaction dates do not meet the configured reconciliation tolerance.",HIGH,Possible settlement or posting timing difference,LOW,Compare the AR posting date with the bank settlement date and confirm whether the timing difference is expected.,"The transaction exists once in both sources and the amount, currency, and customer information agree, but the transaction dates do not meet the configured reconciliation tolerance.",HIGH
1928975781,1,1,TRUE,TRUE,TRUE,TRUE,FALSE,FALSE,FALSE,EXCEPTION,Date discrepancy,For Investigation,Settlement timing difference between AR posting and bank settlement dates,LOW,Compare the AR posting date with the bank settlement date and confirm whether the timing difference is expected,"The transaction exists once in both sources and the amount, currency, and customer information agree, but the transaction dates do not meet the configured reconciliation tolerance",HIGH,Settlement timing difference between AR posting and bank settlement dates,LOW,Compare the AR posting date with the bank settlement date and confirm whether the timing difference is expected,"The transaction exists once in both sources and the amount, currency, and customer information agree, but the transaction dates do not meet the configured reconciliation tolerance",HIGH
1930424514,1,1,TRUE,TRUE,TRUE,TRUE,FALSE,FALSE,FALSE,EXCEPTION,Date discrepancy,For Investigation,Possible settlement or posting timing difference,LOW,Compare the AR posting date with the bank settlement date and confirm whether the timing difference is expected.,"The transaction exists once in both sources and the amount, currency, and customer information agree, but the transaction dates do not meet the configured reconciliation tolerance.",HIGH,Possible settlement or posting timing difference,LOW,Compare the AR posting date with the bank settlement date and confirm whether the timing difference is expected.,"The transaction exists once in both sources and the amount, currency, and customer information agree, but the transaction dates do not meet the configured reconciliation tolerance.",HIGH
1929801894,1,0,FALSE,,,,,FALSE,FALSE,EXCEPTION,Transaction Present in AR Only,For Investigation,Possible settlement or posting timing difference,LOW,Compare the AR posting date with the bank settlement date and confirm whether the timing difference is expected.,"The transaction exists once in both sources and the amount, currency, and customer information agree, but the transaction dates do not meet the configured reconciliation tolerance.",HIGH,Possible settlement or posting timing difference,LOW,Compare the AR posting date with the bank settlement date and confirm whether the timing difference is expected.,"The transaction exists once in both sources and the amount, currency, and customer information agree, but the transaction dates do not meet the configured reconciliation tolerance.",HIGH
1929042982,1,1,TRUE,TRUE,TRUE,TRUE,FALSE,FALSE,FALSE,EXCEPTION,Date discrepancy,For Investigation,Possible settlement or posting timing difference,LOW,Compare the AR posting date with the bank settlement date and confirm whether the timing difference is expected.,"The transaction exists in both sources with matching amount, currency, and customer information, but the transaction dates do not meet the configured reconciliation tolerance, indicating a date discrepancy.",HIGH,Possible settlement or posting timing difference,LOW,Compare the AR posting date with the bank settlement date and confirm whether the timing difference is expected.,"The transaction exists in both sources with matching amount, currency, and customer information, but the transaction dates do not meet the configured reconciliation tolerance, indicating a date discrepancy.",HIGH
1928958463,1,1,TRUE,TRUE,TRUE,TRUE,FALSE,FALSE,FALSE,EXCEPTION,Date discrepancy,For Investigation,Possible settlement or posting timing difference,LOW,Compare the AR posting date with the bank settlement date and confirm whether the timing difference is expected.,"The transaction exists once in both sources and the amount, currency, and customer information agree, but the transaction dates do not meet the configured reconciliation tolerance.",HIGH,Possible settlement or posting timing difference,LOW,Compare the AR posting date with the bank settlement date and confirm whether the timing difference is expected.,"The transaction exists once in both sources and the amount, currency, and customer information agree, but the transaction dates do not meet the configured reconciliation tolerance.",HIGH
1929356185,1,1,TRUE,TRUE,TRUE,TRUE,FALSE,FALSE,FALSE,EXCEPTION,Date discrepancy,For Investigation,Possible settlement or posting timing difference,LOW,Compare the AR posting date with the bank settlement date and confirm whether the timing difference is expected.,The transaction dates do not meet the configured reconciliation tolerance.,HIGH,Possible settlement or posting timing difference,LOW,Compare the AR posting date with the bank settlement date and confirm whether the timing difference is expected.,The transaction dates do not meet the configured reconciliation tolerance.,HIGH
1929817210,1,1,TRUE,TRUE,TRUE,FALSE,TRUE,FALSE,FALSE,EXCEPTION,Customer discrepancy,For Investigation,Customer data mismatch,LOW,"Verify customer information in both sources (e.g., customer ID, name, address) to identify discrepancies in the customer data.","The transaction exists in both sources with matching amount, currency, and AR posting details, but the customer information differs, leading to a customer discrepancy.",HIGH,Customer data mismatch,LOW,"Verify customer information in both sources (e.g., customer ID, name, address) to identify discrepancies in the customer data.","The transaction exists in both sources with matching amount, currency, and AR posting details, but the customer information differs, leading to a customer discrepancy.",HIGH
1929628110,1,1,TRUE,TRUE,TRUE,TRUE,FALSE,FALSE,FALSE,EXCEPTION,Date discrepancy,For Investigation,Settlement or posting timing difference,LOW,Compare the AR posting date with the bank settlement date and confirm whether the timing difference is expected.,"The transaction exists in both sources with matching amount, currency, and customer information, but the dates do not meet the configured reconciliation tolerance.",HIGH,Settlement or posting timing difference,LOW,Compare the AR posting date with the bank settlement date and confirm whether the timing difference is expected.,"The transaction exists in both sources with matching amount, currency, and customer information, but the dates do not meet the configured reconciliation tolerance.",HIGH
1929037159,1,1,TRUE,TRUE,TRUE,TRUE,FALSE,FALSE,FALSE,EXCEPTION,Date discrepancy,For Investigation,Possible settlement or posting timing difference,LOW,Compare the AR posting date with the bank settlement date and confirm whether the timing difference is expected.,"The transaction exists once in both sources and the amount, currency, and customer information agree, but the transaction dates do not meet the configured reconciliation tolerance.",HIGH,Possible settlement or posting timing difference,LOW,Compare the AR posting date with the bank settlement date and confirm whether the timing difference is expected.,"The transaction exists once in both sources and the amount, currency, and customer information agree, but the transaction dates do not meet the configured reconciliation tolerance.",HIGH
1929274114,1,1,TRUE,TRUE,TRUE,TRUE,FALSE,FALSE,FALSE,EXCEPTION,Date discrepancy,For Investigation,Possible settlement or posting timing difference,LOW,Compare the AR posting date with the bank settlement date and confirm whether the timing difference is expected.,"The transaction exists once in both sources and the amount, currency, and customer information agree, but the transaction dates do not meet the configured reconciliation tolerance.",HIGH,Possible settlement or posting timing difference,LOW,Compare the AR posting date with the bank settlement date and confirm whether the timing difference is expected.,"The transaction exists once in both sources and the amount, currency, and customer information agree, but the transaction dates do not meet the configured reconciliation tolerance.",HIGH
1929875107,1,1,TRUE,TRUE,FALSE,TRUE,FALSE,FALSE,FALSE,EXCEPTION,Currency discrepancy; Date discrepancy,For Investigation,Currency discrepancy and date discrepancy due to settlement or posting timing differences,LOW,Verify currency alignment between sources and reconcile transaction dates against configured tolerance thresholds.,"The transaction exists once in both sources with matching amount, currency, and customer details, but the dates and currency do not meet reconciliation tolerance. This could stem from settlement timing differences or currency conversion discrepancies.",HIGH,Currency discrepancy and date discrepancy due to settlement or posting timing differences,LOW,Verify currency alignment between sources and reconcile transaction dates against configured tolerance thresholds.,"The transaction exists once in both sources with matching amount, currency, and customer details, but the dates and currency do not meet reconciliation tolerance. This could stem from settlement timing differences or currency conversion discrepancies.",HIGH
2960555614,1,1,TRUE,TRUE,TRUE,TRUE,FALSE,FALSE,FALSE,EXCEPTION,Date discrepancy,For Investigation,Possible settlement or posting timing difference,LOW,Compare the AR posting date with the bank settlement date and confirm whether the timing difference is expected.,"The transaction exists once in both sources and the amount, currency, and customer information agree, but the transaction dates do not meet the configured reconciliation tolerance.",HIGH,Possible settlement or posting timing difference,LOW,Compare the AR posting date with the bank settlement date and confirm whether the timing difference is expected.,"The transaction exists once in both sources and the amount, currency, and customer information agree, but the transaction dates do not meet the configured reconciliation tolerance.",HIGH
1930008079,1,1,TRUE,TRUE,TRUE,FALSE,FALSE,FALSE,FALSE,EXCEPTION,Customer discrepancy; Date discrepancy,For Investigation,Possible settlement or posting timing difference,LOW,Compare the AR posting date with the bank settlement date and confirm whether the timing difference is expected.,"The transaction exists once in both sources and the amount, currency, and customer information agree, but the transaction dates do not meet the configured reconciliation tolerance.",HIGH,Possible settlement or posting timing difference,LOW,Compare the AR posting date with the bank settlement date and confirm whether the timing difference is expected.,"The transaction exists once in both sources and the amount, currency, and customer information agree, but the transaction dates do not meet the configured reconciliation tolerance.",HIGH
1928727099,1,1,TRUE,TRUE,TRUE,TRUE,FALSE,FALSE,FALSE,EXCEPTION,Date discrepancy,For Investigation,Possible settlement or posting timing difference,LOW,Compare the AR posting date with the bank settlement date and confirm whether the timing difference is expected.,"The transaction exists once in both sources and the amount, currency, and customer information agree, but the transaction dates do not meet the configured reconciliation tolerance.",HIGH,Possible settlement or posting timing difference,LOW,Compare the AR posting date with the bank settlement date and confirm whether the timing difference is expected.,"The transaction exists once in both sources and the amount, currency, and customer information agree, but the transaction dates do not meet the configured reconciliation tolerance.",HIGH
1928726818,1,1,TRUE,TRUE,TRUE,TRUE,FALSE,FALSE,FALSE,EXCEPTION,Date discrepancy,For Investigation,Possible settlement or posting timing difference,LOW,Compare the AR posting date with the bank settlement date and confirm whether the timing difference is expected.,"The transaction exists once in both sources and the amount, currency, and customer information agree, but the transaction dates do not meet the configured reconciliation tolerance.",HIGH,Possible settlement or posting timing difference,LOW,Compare the AR posting date with the bank settlement date and confirm whether the timing difference is expected.,"The transaction exists once in both sources and the amount, currency, and customer information agree, but the transaction dates do not meet the configured reconciliation tolerance.",HIGH
1928566720,1,1,TRUE,TRUE,TRUE,TRUE,FALSE,FALSE,FALSE,EXCEPTION,Date discrepancy,For Investigation,Possible settlement or posting timing difference,LOW,Compare the AR posting date with the bank settlement date and confirm whether the timing difference is expected.,"The transaction exists once in both sources and the amount, currency, and customer information agree, but the transaction dates do not meet the configured reconciliation tolerance.",HIGH,Possible settlement or posting timing difference,LOW,Compare the AR posting date with the bank settlement date and confirm whether the timing difference is expected.,"The transaction exists once in both sources and the amount, currency, and customer information agree, but the transaction dates do not meet the configured reconciliation tolerance.",HIGH
2960542907,1,1,TRUE,TRUE,TRUE,TRUE,FALSE,FALSE,FALSE,EXCEPTION,Date discrepancy,For Investigation,Possible settlement or posting timing difference,LOW,Compare the AR posting date with the bank settlement date and confirm whether the timing difference is expected.,"The transaction exists once in both sources and the amount, currency, and customer information agree, but the transaction dates do not meet the configured reconciliation tolerance.",HIGH,Possible settlement or posting timing difference,LOW,Compare the AR posting date with the bank settlement date and confirm whether the timing difference is expected.,"The transaction exists once in both sources and the amount, currency, and customer information agree, but the transaction dates do not meet the configured reconciliation tolerance.",HIGH
1929042475,1,1,TRUE,TRUE,TRUE,TRUE,FALSE,FALSE,FALSE,EXCEPTION,Date discrepancy,For Investigation,Settlement or posting timing difference,LOW,Compare the AR posting date with the bank settlement date and confirm whether the timing difference is expected.,"The transaction exists once in both sources and the amount, currency, and customer information agree, but the transaction dates do not meet the configured reconciliation tolerance.",HIGH,Settlement or posting timing difference,LOW,Compare the AR posting date with the bank settlement date and confirm whether the timing difference is expected.,"The transaction exists once in both sources and the amount, currency, and customer information agree, but the transaction dates do not meet the configured reconciliation tolerance.",HIGH
1930452518,1,1,TRUE,TRUE,TRUE,TRUE,FALSE,FALSE,FALSE,EXCEPTION,Date discrepancy,For Investigation,Possible settlement or posting timing difference,LOW,Compare the AR posting date with the bank settlement date and confirm whether the timing difference is expected.,"The transaction dates do not meet the configured reconciliation tolerance, leading to the date discrepancy.",HIGH,Possible settlement or posting timing difference,LOW,Compare the AR posting date with the bank settlement date and confirm whether the timing difference is expected.,"The transaction dates do not meet the configured reconciliation tolerance, leading to the date discrepancy.",HIGH
1930040968,1,1,TRUE,TRUE,FALSE,TRUE,FALSE,FALSE,FALSE,EXCEPTION,Currency discrepancy; Date discrepancy,For Investigation,Currency conversion and settlement timing differences,LOW,Verify currency conversion rates and compare AR posting dates with bank settlement dates to assess timing differences.,"The transaction exists in both sources with matching amount, currency, and customer information, but discrepancies in currency conversion and transaction dates exceed the configured reconciliation tolerance.",HIGH,Currency conversion and settlement timing differences,LOW,Verify currency conversion rates and compare AR posting dates with bank settlement dates to assess timing differences.,"The transaction exists in both sources with matching amount, currency, and customer information, but discrepancies in currency conversion and transaction dates exceed the configured reconciliation tolerance.",HIGH
1929067848,1,1,TRUE,TRUE,TRUE,TRUE,FALSE,FALSE,FALSE,EXCEPTION,Date discrepancy,For Investigation,Possible settlement or posting timing difference,LOW,Compare the AR posting date with the bank settlement date and confirm whether the timing difference is expected.,"The transaction exists once in both sources and the amount, currency, and customer information agree, but the transaction dates do not meet the configured reconciliation tolerance.",HIGH,Possible settlement or posting timing difference,LOW,Compare the AR posting date with the bank settlement date and confirm whether the timing difference is expected.,"The transaction exists once in both sources and the amount, currency, and customer information agree, but the transaction dates do not meet the configured reconciliation tolerance.",HIGH
1929473259,1,1,TRUE,TRUE,FALSE,TRUE,FALSE,FALSE,FALSE,EXCEPTION,Currency discrepancy; Date discrepancy,For Investigation,Currency conversion timing difference and settlement/posting timing difference,LOW,Verify currency conversion dates and reconcile settlement/posting dates across systems to confirm timing differences.,"The transaction exists in both sources with matching amount, currency, and customer details, but discrepancies in dates and currency conversion timing prevent reconciliation within the configured tolerance. The currency discrepancy may arise from differing conversion rates or timing of currency conversion processes between systems.",HIGH,Currency conversion timing difference and settlement/posting timing difference,LOW,Verify currency conversion dates and reconcile settlement/posting dates across systems to confirm timing differences.,"The transaction exists in both sources with matching amount, currency, and customer details, but discrepancies in dates and currency conversion timing prevent reconciliation within the configured tolerance. The currency discrepancy may arise from differing conversion rates or timing of currency conversion processes between systems.",HIGH
1929405447,1,1,TRUE,TRUE,TRUE,TRUE,FALSE,FALSE,FALSE,EXCEPTION,Date discrepancy,For Investigation,Settlement or posting timing difference,LOW,Compare the AR posting date with the bank settlement date and confirm whether the timing difference is expected.,"The transaction exists once in both sources and the amount, currency, and customer information agree, but the transaction dates do not meet the configured reconciliation tolerance.",HIGH,Settlement or posting timing difference,LOW,Compare the AR posting date with the bank settlement date and confirm whether the timing difference is expected.,"The transaction exists once in both sources and the amount, currency, and customer information agree, but the transaction dates do not meet the configured reconciliation tolerance.",HIGH
1930195457,1,1,TRUE,TRUE,TRUE,TRUE,FALSE,FALSE,FALSE,EXCEPTION,Date discrepancy,For Investigation,Possible settlement or posting timing difference,LOW,Compare the AR posting date with the bank settlement date and confirm whether the timing difference is expected.,"The transaction exists once in both sources and the amount, currency, and customer information agree, but the transaction dates do not meet the configured reconciliation tolerance.",HIGH,Possible settlement or posting timing difference,LOW,Compare the AR posting date with the bank settlement date and confirm whether the timing difference is expected.,"The transaction exists once in both sources and the amount, currency, and customer information agree, but the transaction dates do not meet the configured reconciliation tolerance.",HIGH
1928878960,1,1,TRUE,TRUE,TRUE,FALSE,FALSE,FALSE,FALSE,EXCEPTION,Customer discrepancy; Date discrepancy,For Investigation,Possible settlement or posting timing difference,LOW,Compare the AR posting date with the bank settlement date and confirm whether the timing difference is expected.,"The transaction exists once in both sources and the amount, currency, and customer information agree, but the transaction dates do not meet the configured reconciliation tolerance.",HIGH,Possible settlement or posting timing difference,LOW,Compare the AR posting date with the bank settlement date and confirm whether the timing difference is expected.,"The transaction exists once in both sources and the amount, currency, and customer information agree, but the transaction dates do not meet the configured reconciliation tolerance.",HIGH
1929352599,1,1,TRUE,TRUE,TRUE,TRUE,FALSE,FALSE,FALSE,EXCEPTION,Date discrepancy,For Investigation,Possible settlement or posting timing difference,LOW,Compare the AR posting date with the bank settlement date and confirm whether the timing difference is expected.,"The transaction exists in both sources with matching amount, currency, and customer information, but the dates do not meet the configured reconciliation tolerance, leading to the date discrepancy exception.",HIGH,Possible settlement or posting timing difference,LOW,Compare the AR posting date with the bank settlement date and confirm whether the timing difference is expected.,"The transaction exists in both sources with matching amount, currency, and customer information, but the dates do not meet the configured reconciliation tolerance, leading to the date discrepancy exception.",HIGH
1919802052,0,1,FALSE,,,,,FALSE,FALSE,EXCEPTION,Transaction Present in Bank Only,For Investigation,"Transaction not yet recorded in the source system (e.g., pending reconciliation, delayed posting, or missing entry)",LOW,"Verify if the transaction is pending in the source system, check for delays in posting, or confirm if the transaction was manually excluded from the source.","The transaction exists in the bank but is missing from the source system, indicating a possible delay in processing, a missing entry, or a timing mismatch in reconciliation.",HIGH,"Transaction not yet recorded in the source system (e.g., pending reconciliation, delayed posting, or missing entry)",LOW,"Verify if the transaction is pending in the source system, check for delays in posting, or confirm if the transaction was manually excluded from the source.","The transaction exists in the bank but is missing from the source system, indicating a possible delay in processing, a missing entry, or a timing mismatch in reconciliation.",HIGH
1972244449,0,1,FALSE,,,,,FALSE,FALSE,EXCEPTION,Transaction Present in Bank Only,For Investigation,Possible settlement or posting timing difference,LOW,Compare the AR posting date with the bank settlement date and confirm whether the timing difference is expected.,"The transaction exists in the bank records but is missing from the source system. The timing difference between the AR posting date and bank settlement date may explain the discrepancy, as the transaction could have settled before the source system posted it.",HIGH,Possible settlement or posting timing difference,LOW,Compare the AR posting date with the bank settlement date and confirm whether the timing difference is expected.,"The transaction exists in the bank records but is missing from the source system. The timing difference between the AR posting date and bank settlement date may explain the discrepancy, as the transaction could have settled before the source system posted it.",HIGH
1963003794,0,1,FALSE,,,,,FALSE,FALSE,EXCEPTION,Transaction Present in Bank Only,For Investigation,"The transaction is present in the bank but missing from the AR system, likely due to a delay in AR posting or a timing mismatch between bank settlement and AR recording.",LOW,"Verify if the AR system has the transaction recorded, check for pending postings, and confirm if the timing difference aligns with configured reconciliation tolerances.","The bank contains the transaction, but it is absent from the AR system. This indicates a possible delay in AR posting or a timing mismatch between bank settlement and AR recording, rather than a date discrepancy.",HIGH,"The transaction is present in the bank but missing from the AR system, likely due to a delay in AR posting or a timing mismatch between bank settlement and AR recording.",LOW,"Verify if the AR system has the transaction recorded, check for pending postings, and confirm if the timing difference aligns with configured reconciliation tolerances.","The bank contains the transaction, but it is absent from the AR system. This indicates a possible delay in AR posting or a timing mismatch between bank settlement and AR recording, rather than a date discrepancy.",HIGH
1902694615,0,1,FALSE,,,,,FALSE,FALSE,EXCEPTION,Transaction Present in Bank Only,For Investigation,Missing transaction in AR system,LOW,Verify if the transaction was posted in the AR system and investigate any potential data entry or synchronization issues.,"The transaction exists in the bank records but is absent from the AR system, leading to a discrepancy in reconciliation.",HIGH,Missing transaction in AR system,LOW,Verify if the transaction was posted in the AR system and investigate any potential data entry or synchronization issues.,"The transaction exists in the bank records but is absent from the AR system, leading to a discrepancy in reconciliation.",HIGH
1981494961,0,1,FALSE,,,,,FALSE,FALSE,EXCEPTION,Transaction Present in Bank Only,For Investigation,Delay in AR system posting or synchronization issue,LOW,Verify if the AR system has captured the transaction yet. Check for any delays in posting or synchronization between the AR system and the bank. Confirm if the transaction will appear in AR once the posting window closes.,"The transaction exists in the bank but is missing from the AR system, indicating a possible delay in posting or synchronization. This could occur if the AR system has not yet processed the transaction or if there is a timing mismatch between the bank's settlement and the AR posting window.",HIGH,Delay in AR system posting or synchronization issue,LOW,Verify if the AR system has captured the transaction yet. Check for any delays in posting or synchronization between the AR system and the bank. Confirm if the transaction will appear in AR once the posting window closes.,"The transaction exists in the bank but is missing from the AR system, indicating a possible delay in posting or synchronization. This could occur if the AR system has not yet processed the transaction or if there is a timing mismatch between the bank's settlement and the AR posting window.",HIGH
1985225606,0,1,FALSE,,,,,FALSE,FALSE,EXCEPTION,Transaction Present in Bank Only,For Investigation,Missing AR posting or delayed reconciliation,LOW,"Verify if the transaction exists in the AR system with a different date or if it's missing, and check reconciliation settings.","The transaction is present in the bank records but not found in the AR system, indicating a possible missing posting or delayed reconciliation.",HIGH,Missing AR posting or delayed reconciliation,LOW,"Verify if the transaction exists in the AR system with a different date or if it's missing, and check reconciliation settings.","The transaction is present in the bank records but not found in the AR system, indicating a possible missing posting or delayed reconciliation.",HIGH
1932444459,0,1,FALSE,,,,,FALSE,FALSE,EXCEPTION,Transaction Present in Bank Only,For Investigation,Possible settlement or posting timing difference,LOW,Compare the AR posting date with the bank settlement date and confirm whether the timing difference is expected.,"The transaction exists in the bank but is missing from the AR system, indicating a potential timing difference between when the bank settled the transaction and when the AR system posted it.",HIGH,Possible settlement or posting timing difference,LOW,Compare the AR posting date with the bank settlement date and confirm whether the timing difference is expected.,"The transaction exists in the bank but is missing from the AR system, indicating a potential timing difference between when the bank settled the transaction and when the AR system posted it.",HIGH
1901348603,0,1,FALSE,,,,,FALSE,FALSE,EXCEPTION,Transaction Present in Bank Only,For Investigation,Transaction Present in Bank Only,LOW,Verify if the transaction was missed in the AR system or if there is a delay in posting to the AR system. Check for any missing entries or reconciliation cutoff timing issues.,"The transaction exists in the bank records but is missing from the AR system. This could be due to a timing difference where the AR posting has not yet occurred, or the transaction was not captured in the AR system for some reason.",HIGH,Transaction Present in Bank Only,LOW,Verify if the transaction was missed in the AR system or if there is a delay in posting to the AR system. Check for any missing entries or reconciliation cutoff timing issues.,"The transaction exists in the bank records but is missing from the AR system. This could be due to a timing difference where the AR posting has not yet occurred, or the transaction was not captured in the AR system for some reason.",HIGH
1940418361,0,1,FALSE,,,,,FALSE,FALSE,EXCEPTION,Transaction Present in Bank Only,For Investigation,Transaction missing from source system,LOW,Verify if the transaction exists in the source system and investigate any potential data entry or synchronization issues.,"The transaction is present in the bank records but not found in the source system, leading to the 'Transaction Present in Bank Only' exception.",HIGH,Transaction missing from source system,LOW,Verify if the transaction exists in the source system and investigate any potential data entry or synchronization issues.,"The transaction is present in the bank records but not found in the source system, leading to the 'Transaction Present in Bank Only' exception.",HIGH
1919534316,0,1,FALSE,,,,,FALSE,FALSE,EXCEPTION,Transaction Present in Bank Only,For Investigation,Possible settlement or posting timing difference,LOW,Compare the AR posting date with the bank settlement date and confirm whether the timing difference is expected.,"The transaction exists once in both sources and the amount, currency, and customer information agree, but the transaction dates do not meet the configured reconciliation tolerance.",HIGH,Possible settlement or posting timing difference,LOW,Compare the AR posting date with the bank settlement date and confirm whether the timing difference is expected.,"The transaction exists once in both sources and the amount, currency, and customer information agree, but the transaction dates do not meet the configured reconciliation tolerance.",HIGH
1944279113,0,1,FALSE,,,,,FALSE,FALSE,EXCEPTION,Transaction Present in Bank Only,For Investigation,Missing transaction in AR system,LOW,Verify if the transaction was manually entered in the AR system or if there is a delay in data synchronization between the bank and AR systems.,"The transaction exists in the bank but is missing from the AR system, indicating a possible data entry omission or synchronization delay rather than a date discrepancy.",HIGH,Missing transaction in AR system,LOW,Verify if the transaction was manually entered in the AR system or if there is a delay in data synchronization between the bank and AR systems.,"The transaction exists in the bank but is missing from the AR system, indicating a possible data entry omission or synchronization delay rather than a date discrepancy.",HIGH
1981186670,0,1,FALSE,,,,,FALSE,FALSE,EXCEPTION,Transaction Present in Bank Only,For Investigation,"The transaction was posted in the bank before the source system's reconciliation cutoff date, resulting in it being missing from the source records.",LOW,"Verify the reconciliation cutoff dates between the bank and source system, and check if the transaction was processed prior to the source's cutoff date.","The transaction exists in the bank but is missing from the source system, indicating a possible timing difference where the bank posted the transaction before the source system's reconciliation window closed.",HIGH,"The transaction was posted in the bank before the source system's reconciliation cutoff date, resulting in it being missing from the source records.",LOW,"Verify the reconciliation cutoff dates between the bank and source system, and check if the transaction was processed prior to the source's cutoff date.","The transaction exists in the bank but is missing from the source system, indicating a possible timing difference where the bank posted the transaction before the source system's reconciliation window closed.",HIGH
1946498031,0,1,FALSE,,,,,FALSE,FALSE,EXCEPTION,Transaction Present in Bank Only,For Investigation,Missing AR posting or delayed entry in the source system,LOW,Verify if the transaction was posted in the source system and check for any delays or data entry errors.,"The transaction is present in the bank records but missing in the source system, indicating a possible missing entry or delayed posting.",HIGH,Missing AR posting or delayed entry in the source system,LOW,Verify if the transaction was posted in the source system and check for any delays or data entry errors.,"The transaction is present in the bank records but missing in the source system, indicating a possible missing entry or delayed posting.",HIGH
1962506623,0,1,FALSE,,,,,FALSE,FALSE,EXCEPTION,Transaction Present in Bank Only,For Investigation,Delayed AR posting due to timing differences between bank settlement and AR system recording,LOW,Compare the AR posting date with the bank settlement date and confirm whether the timing difference is expected,"The transaction exists in the bank records but is missing from the AR system, likely due to asynchronous posting timelines between the financial institution and the accounting system",HIGH,Delayed AR posting due to timing differences between bank settlement and AR system recording,LOW,Compare the AR posting date with the bank settlement date and confirm whether the timing difference is expected,"The transaction exists in the bank records but is missing from the AR system, likely due to asynchronous posting timelines between the financial institution and the accounting system",HIGH
1930644928,0,1,FALSE,,,,,FALSE,FALSE,EXCEPTION,Transaction Present in Bank Only,For Investigation,"The transaction was posted to the bank but not yet recorded in the source system, possibly due to a delay in synchronization or processing.",LOW,Verify if the transaction exists in the source system and investigate any delays in processing or synchronization.,"The transaction exists in the bank but is missing in the source system, indicating a possible delay in synchronization or processing.",HIGH,"The transaction was posted to the bank but not yet recorded in the source system, possibly due to a delay in synchronization or processing.",LOW,Verify if the transaction exists in the source system and investigate any delays in processing or synchronization.,"The transaction exists in the bank but is missing in the source system, indicating a possible delay in synchronization or processing.",HIGH
1993963775,0,1,FALSE,,,,,FALSE,FALSE,EXCEPTION,Transaction Present in Bank Only,For Investigation,"The transaction may not have been posted to the AR system yet, possibly due to a delay in posting or a missing entry in the AR records.",LOW,Verify if the transaction exists in the AR system and check for any posting delays or missing entries. Confirm with the relevant department if the transaction is expected to be posted soon.,"The transaction is present in the bank records but missing from the AR system, indicating a possible delay in posting or an omission in the AR records. This could be due to timing differences or a missing entry in the AR system.",HIGH,"The transaction may not have been posted to the AR system yet, possibly due to a delay in posting or a missing entry in the AR records.",LOW,Verify if the transaction exists in the AR system and check for any posting delays or missing entries. Confirm with the relevant department if the transaction is expected to be posted soon.,"The transaction is present in the bank records but missing from the AR system, indicating a possible delay in posting or an omission in the AR records. This could be due to timing differences or a missing entry in the AR system.",HIGH
1910721983,0,1,FALSE,,,,,FALSE,FALSE,EXCEPTION,Transaction Present in Bank Only,For Investigation,Transaction Present in Bank Only,LOW,Verify if the source system has not yet posted the transaction and confirm the bank's settlement timing relative to the source system's posting schedule.,"The transaction exists in the bank records but is missing from the source system, indicating a potential timing difference in posting or settlement processes. The details (amount, currency, customer) match, suggesting the transaction is valid but not yet recorded in the source system.",HIGH,Transaction Present in Bank Only,LOW,Verify if the source system has not yet posted the transaction and confirm the bank's settlement timing relative to the source system's posting schedule.,"The transaction exists in the bank records but is missing from the source system, indicating a potential timing difference in posting or settlement processes. The details (amount, currency, customer) match, suggesting the transaction is valid but not yet recorded in the source system.",HIGH
1943702980,0,1,FALSE,,,,,FALSE,FALSE,EXCEPTION,Transaction Present in Bank Only,For Investigation,Missing-source transaction in AR system,LOW,Verify if the transaction was posted to AR and check for potential data synchronization delays or processing errors.,"The transaction exists in the bank but is missing from the AR system, indicating a potential data discrepancy or timing issue in reconciliation.",HIGH,Missing-source transaction in AR system,LOW,Verify if the transaction was posted to AR and check for potential data synchronization delays or processing errors.,"The transaction exists in the bank but is missing from the AR system, indicating a potential data discrepancy or timing issue in reconciliation.",HIGH
1940908506,0,1,FALSE,,,,,FALSE,FALSE,EXCEPTION,Transaction Present in Bank Only,For Investigation,Transaction was posted to the bank but not yet recorded in the source system.,LOW,"Verify if the source system has the transaction, considering potential delays in posting or synchronization.","The transaction exists in the bank records but is missing from the source system, indicating a possible delay or missing entry in the source.",HIGH,Transaction was posted to the bank but not yet recorded in the source system.,LOW,"Verify if the source system has the transaction, considering potential delays in posting or synchronization.","The transaction exists in the bank records but is missing from the source system, indicating a possible delay or missing entry in the source.",HIGH
1959916501,0,1,FALSE,,,,,FALSE,FALSE,EXCEPTION,Transaction Present in Bank Only,For Investigation,Settlement or posting timing difference,LOW,Compare the AR posting date with the bank settlement date and confirm whether the timing difference is expected.,"The transaction exists in the bank but is missing from the source system, indicating a possible timing difference between AR posting and bank settlement dates. The dates do not meet the configured reconciliation tolerance.",HIGH,Settlement or posting timing difference,LOW,Compare the AR posting date with the bank settlement date and confirm whether the timing difference is expected.,"The transaction exists in the bank but is missing from the source system, indicating a possible timing difference between AR posting and bank settlement dates. The dates do not meet the configured reconciliation tolerance.",HIGH
1948593182,0,1,FALSE,,,,,FALSE,FALSE,EXCEPTION,Transaction Present in Bank Only,For Investigation,Transaction Present in Bank Only,LOW,"Verify if the transaction was processed in the source system but not yet reflected, or if the source system has a delay in posting transactions to the bank.","The transaction exists in the bank records but is missing from the source system, indicating a possible delay in posting or a missing entry in the source system. This could be due to asynchronous processing or a synchronization issue between systems.",HIGH,Transaction Present in Bank Only,LOW,"Verify if the transaction was processed in the source system but not yet reflected, or if the source system has a delay in posting transactions to the bank.","The transaction exists in the bank records but is missing from the source system, indicating a possible delay in posting or a missing entry in the source system. This could be due to asynchronous processing or a synchronization issue between systems.",HIGH
1991834751,0,1,FALSE,,,,,FALSE,FALSE,EXCEPTION,Transaction Present in Bank Only,For Investigation,Possible delay in source system posting or bank settlement timing,LOW,Compare the AR posting date with the bank settlement date and confirm whether the timing difference is expected.,"The transaction exists in the bank records but is missing from the source system, indicating a potential timing difference in posting or settlement processes.",HIGH,Possible delay in source system posting or bank settlement timing,LOW,Compare the AR posting date with the bank settlement date and confirm whether the timing difference is expected.,"The transaction exists in the bank records but is missing from the source system, indicating a potential timing difference in posting or settlement processes.",HIGH
1926504279,0,1,FALSE,,,,,FALSE,FALSE,EXCEPTION,Transaction Present in Bank Only,For Investigation,"The transaction is present in the bank but missing from the AR system, indicating a possible missing posting or data entry error.",LOW,"Verify if the transaction was posted to AR but not yet reconciled, or if there was a data entry omission in the AR system.","The exception indicates the transaction exists in the bank but not in the AR system, leading to a discrepancy despite matching amounts and customer details.",HIGH,"The transaction is present in the bank but missing from the AR system, indicating a possible missing posting or data entry error.",LOW,"Verify if the transaction was posted to AR but not yet reconciled, or if there was a data entry omission in the AR system.","The exception indicates the transaction exists in the bank but not in the AR system, leading to a discrepancy despite matching amounts and customer details.",HIGH
1963994936,0,1,FALSE,,,,,FALSE,FALSE,EXCEPTION,Transaction Present in Bank Only,For Investigation,Missing AR Posting or Delayed AR Processing,LOW,Verify if the AR system has recorded the transaction. Check for any delays in AR posting or processing.,"The transaction is present in the bank but missing from the AR system, indicating a possible delay or absence of AR posting.",HIGH,Missing AR Posting or Delayed AR Processing,LOW,Verify if the AR system has recorded the transaction. Check for any delays in AR posting or processing.,"The transaction is present in the bank but missing from the AR system, indicating a possible delay or absence of AR posting.",HIGH
1944929588,0,1,FALSE,,,,,FALSE,FALSE,EXCEPTION,Transaction Present in Bank Only,For Investigation,Possible settlement or posting timing difference,LOW,Compare the AR posting date with the bank settlement date and confirm whether the timing difference is expected.,"The transaction exists once in both sources and the amount, currency, and customer information agree, but the transaction dates do not meet the configured reconciliation tolerance.",HIGH,Possible settlement or posting timing difference,LOW,Compare the AR posting date with the bank settlement date and confirm whether the timing difference is expected.,"The transaction exists once in both sources and the amount, currency, and customer information agree, but the transaction dates do not meet the configured reconciliation tolerance.",HIGH
1943570200,0,1,FALSE,,,,,FALSE,FALSE,EXCEPTION,Transaction Present in Bank Only,For Investigation,Missing AR Posting,LOW,Verify if the transaction exists in the AR system and check for any delays in posting or synchronization between the bank and AR records.,"The transaction is present in the bank but missing from the AR system, leading to the 'Transaction Present in Bank Only' exception. This could indicate a delay in AR posting, a missing entry, or a synchronization issue between systems.",HIGH,Missing AR Posting,LOW,Verify if the transaction exists in the AR system and check for any delays in posting or synchronization between the bank and AR records.,"The transaction is present in the bank but missing from the AR system, leading to the 'Transaction Present in Bank Only' exception. This could indicate a delay in AR posting, a missing entry, or a synchronization issue between systems.",HIGH
1958441438,0,1,FALSE,,,,,FALSE,FALSE,EXCEPTION,Transaction Present in Bank Only,For Investigation,Possible settlement or posting timing difference,LOW,Compare the AR posting date with the bank settlement date and confirm whether the timing difference is expected.,"The transaction exists once in both sources and the amount, currency, and customer information agree, but the transaction dates do not meet the configured reconciliation tolerance.",HIGH,Possible settlement or posting timing difference,LOW,Compare the AR posting date with the bank settlement date and confirm whether the timing difference is expected.,"The transaction exists once in both sources and the amount, currency, and customer information agree, but the transaction dates do not meet the configured reconciliation tolerance.",HIGH
1984088648,0,1,FALSE,,,,,FALSE,FALSE,EXCEPTION,Transaction Present in Bank Only,For Investigation,Possible delay in AR posting or timing difference where the bank transaction was settled before the AR system recorded it.,LOW,Verify if the AR system has not yet posted the transaction and check for any delays in reconciliation processing.,"The transaction exists in the bank but is missing from the AR system, indicating a potential timing difference or delay in AR posting. The reconciliation failure occurs because the transaction is not present in the source system.",HIGH,Possible delay in AR posting or timing difference where the bank transaction was settled before the AR system recorded it.,LOW,Verify if the AR system has not yet posted the transaction and check for any delays in reconciliation processing.,"The transaction exists in the bank but is missing from the AR system, indicating a potential timing difference or delay in AR posting. The reconciliation failure occurs because the transaction is not present in the source system.",HIGH
1918159041,0,1,FALSE,,,,,FALSE,FALSE,EXCEPTION,Transaction Present in Bank Only,For Investigation,"Transaction was posted in the bank but not yet recorded in the source system (e.g., AR), possibly due to timing differences or missing entry.",LOW,"Verify if the source system (e.g., AR) has the transaction, check for delays in posting, or investigate missing entries in the source system.","The transaction exists in the bank records but is absent in the source system, indicating a possible timing difference or missing entry in the source system. The reconciliation failure is due to the transaction being present in the bank only.",HIGH,"Transaction was posted in the bank but not yet recorded in the source system (e.g., AR), possibly due to timing differences or missing entry.",LOW,"Verify if the source system (e.g., AR) has the transaction, check for delays in posting, or investigate missing entries in the source system.","The transaction exists in the bank records but is absent in the source system, indicating a possible timing difference or missing entry in the source system. The reconciliation failure is due to the transaction being present in the bank only.",HIGH
1957991165,0,1,FALSE,,,,,FALSE,FALSE,EXCEPTION,Transaction Present in Bank Only,For Investigation,Transaction missing from source system,LOW,Verify if the transaction was posted in the source system and investigate potential data synchronization issues.,"The transaction exists in the bank records but is absent in the source system, indicating a possible missing entry or synchronization delay.",HIGH,Transaction missing from source system,LOW,Verify if the transaction was posted in the source system and investigate potential data synchronization issues.,"The transaction exists in the bank records but is absent in the source system, indicating a possible missing entry or synchronization delay.",HIGH
1988108625,0,1,FALSE,,,,,FALSE,FALSE,EXCEPTION,Transaction Present in Bank Only,For Investigation,Settlement or posting timing difference,LOW,Compare the AR posting date with the bank settlement date and confirm whether the timing difference is expected.,"The transaction is present in the bank but missing from the AR system, indicating a possible timing difference between when the transaction was settled in the bank and when it was posted in the AR system.",HIGH,Settlement or posting timing difference,LOW,Compare the AR posting date with the bank settlement date and confirm whether the timing difference is expected.,"The transaction is present in the bank but missing from the AR system, indicating a possible timing difference between when the transaction was settled in the bank and when it was posted in the AR system.",HIGH
1925098151,0,1,FALSE,,,,,FALSE,FALSE,EXCEPTION,Transaction Present in Bank Only,For Investigation,Transaction Present in Bank Only,LOW,Verify if the transaction has been posted in the AR system and confirm whether the bank's settlement date aligns with the AR posting schedule.,"The transaction exists in the bank but is missing in the AR system, indicating a possible delay or failure in AR posting. This could stem from timing differences in transaction processing between the bank and the AR system.",HIGH,Transaction Present in Bank Only,LOW,Verify if the transaction has been posted in the AR system and confirm whether the bank's settlement date aligns with the AR posting schedule.,"The transaction exists in the bank but is missing in the AR system, indicating a possible delay or failure in AR posting. This could stem from timing differences in transaction processing between the bank and the AR system.",HIGH
1959638113,0,1,FALSE,,,,,FALSE,FALSE,EXCEPTION,Transaction Present in Bank Only,For Investigation,Possible settlement or posting timing difference,LOW,Compare the AR posting date with the bank settlement date and confirm whether the timing difference is expected.,"The transaction exists in the bank but is missing from the source system, indicating a possible timing difference in posting or settlement.",HIGH,Possible settlement or posting timing difference,LOW,Compare the AR posting date with the bank settlement date and confirm whether the timing difference is expected.,"The transaction exists in the bank but is missing from the source system, indicating a possible timing difference in posting or settlement.",HIGH
1912845972,0,1,FALSE,,,,,FALSE,FALSE,EXCEPTION,Transaction Present in Bank Only,For Investigation,"The transaction is present in the bank but missing in the AR system, likely due to a timing difference in posting or settlement.",LOW,Verify if the AR system has not yet posted the transaction or if the bank settlement occurred before the AR posting date.,"The transaction exists in the bank records but is absent in the AR system, indicating a potential timing mismatch between posting and settlement dates. This could occur if the AR transaction was posted after the bank settlement or if the bank transaction was not yet reflected in the AR system.",HIGH,"The transaction is present in the bank but missing in the AR system, likely due to a timing difference in posting or settlement.",LOW,Verify if the AR system has not yet posted the transaction or if the bank settlement occurred before the AR posting date.,"The transaction exists in the bank records but is absent in the AR system, indicating a potential timing mismatch between posting and settlement dates. This could occur if the AR transaction was posted after the bank settlement or if the bank transaction was not yet reflected in the AR system.",HIGH
1943479869,0,1,FALSE,,,,,FALSE,FALSE,EXCEPTION,Transaction Present in Bank Only,For Investigation,Transaction Present in Bank Only,LOW,Verify if the AR system has recorded the transaction and check for any delays in posting or synchronization between the bank and AR system.,"The transaction exists in the bank records but is missing from the AR system, indicating a possible delay in posting or a synchronization issue between the two systems.",HIGH,Transaction Present in Bank Only,LOW,Verify if the AR system has recorded the transaction and check for any delays in posting or synchronization between the bank and AR system.,"The transaction exists in the bank records but is missing from the AR system, indicating a possible delay in posting or a synchronization issue between the two systems.",HIGH
1997903206,0,1,FALSE,,,,,FALSE,FALSE,EXCEPTION,Transaction Present in Bank Only,For Investigation,Transaction Present in Bank Only,LOW,Verify if the transaction was posted to the AR system after the bank's settlement date and check for any delays in reconciliation processes.,"The transaction exists in the bank records but is missing from the AR system, indicating a possible delay in posting or a timing mismatch between bank settlement and AR recording.",HIGH,Transaction Present in Bank Only,LOW,Verify if the transaction was posted to the AR system after the bank's settlement date and check for any delays in reconciliation processes.,"The transaction exists in the bank records but is missing from the AR system, indicating a possible delay in posting or a timing mismatch between bank settlement and AR recording.",HIGH
1907971504,0,1,FALSE,,,,,FALSE,FALSE,EXCEPTION,Transaction Present in Bank Only,For Investigation,Possible settlement or posting timing difference,LOW,Compare the AR posting date with the bank settlement date and confirm whether the timing difference is expected.,"The transaction exists in the bank records but is missing from the source system. The amount, currency, and customer information agree, but the transaction dates do not meet the configured reconciliation tolerance, indicating a potential timing difference in settlement or posting.",HIGH,Possible settlement or posting timing difference,LOW,Compare the AR posting date with the bank settlement date and confirm whether the timing difference is expected.,"The transaction exists in the bank records but is missing from the source system. The amount, currency, and customer information agree, but the transaction dates do not meet the configured reconciliation tolerance, indicating a potential timing difference in settlement or posting.",HIGH
1951244320,0,1,FALSE,,,,,FALSE,FALSE,EXCEPTION,Transaction Present in Bank Only,For Investigation,Missing transaction in source system,LOW,Verify if the transaction was posted to the source system and check for potential duplicates or data entry errors.,"The transaction exists in the bank records but is absent from the source system, leading to a reconciliation discrepancy despite matching amount, currency, and customer details.",HIGH,Missing transaction in source system,LOW,Verify if the transaction was posted to the source system and check for potential duplicates or data entry errors.,"The transaction exists in the bank records but is absent from the source system, leading to a reconciliation discrepancy despite matching amount, currency, and customer details.",HIGH
1973547404,0,1,FALSE,,,,,FALSE,FALSE,EXCEPTION,Transaction Present in Bank Only,For Investigation,Transaction is present in the bank but missing from the AR system.,LOW,"Verify if the transaction was posted to AR but not yet reconciled, or if it was missed during data import/synchronization.","The transaction exists in the bank but is not found in the AR system, indicating a potential missing entry or synchronization issue in the AR records.",HIGH,Transaction is present in the bank but missing from the AR system.,LOW,"Verify if the transaction was posted to AR but not yet reconciled, or if it was missed during data import/synchronization.","The transaction exists in the bank but is not found in the AR system, indicating a potential missing entry or synchronization issue in the AR records.",HIGH
1955429559,0,1,FALSE,,,,,FALSE,FALSE,EXCEPTION,Transaction Present in Bank Only,For Investigation,Possible settlement or posting timing difference,LOW,Compare the AR posting date with the bank settlement date and confirm whether the timing difference is expected.,"The transaction exists once in both sources and the amount, currency, and customer information agree, but the transaction dates do not meet the configured reconciliation tolerance.",HIGH,Possible settlement or posting timing difference,LOW,Compare the AR posting date with the bank settlement date and confirm whether the timing difference is expected.,"The transaction exists once in both sources and the amount, currency, and customer information agree, but the transaction dates do not meet the configured reconciliation tolerance.",HIGH
1982270767,0,1,FALSE,,,,,FALSE,FALSE,EXCEPTION,Transaction Present in Bank Only,For Investigation,Missing transaction in source system,LOW,"Verify if the transaction was posted in the bank but not recorded in the source system. Check for posting errors, delays, or missing entries in the source system.","The transaction exists in the bank records but is missing from the source system, leading to a reconciliation discrepancy. This could indicate a missing entry, posting error, or synchronization delay between systems.",HIGH,Missing transaction in source system,LOW,"Verify if the transaction was posted in the bank but not recorded in the source system. Check for posting errors, delays, or missing entries in the source system.","The transaction exists in the bank records but is missing from the source system, leading to a reconciliation discrepancy. This could indicate a missing entry, posting error, or synchronization delay between systems.",HIGH
1984950439,0,1,FALSE,,,,,FALSE,FALSE,EXCEPTION,Transaction Present in Bank Only,For Investigation,Transaction Present in Bank Only,LOW,Verify if the source system has recorded the transaction and check for potential delays in posting or synchronization between systems.,"The transaction exists in the bank records but is missing from the source system, indicating a possible timing difference or missing entry in the source system's records.",HIGH,Transaction Present in Bank Only,LOW,Verify if the source system has recorded the transaction and check for potential delays in posting or synchronization between systems.,"The transaction exists in the bank records but is missing from the source system, indicating a possible timing difference or missing entry in the source system's records.",HIGH
1925323826,0,1,FALSE,,,,,FALSE,FALSE,EXCEPTION,Transaction Present in Bank Only,For Investigation,Transaction missing from source system,LOW,Verify if the transaction exists in the source system and investigate why it is not present there.,"The transaction is present in the bank records but missing from the source system, leading to a reconciliation discrepancy. This could indicate a data entry error, system integration issue, or timing mismatch in transaction capture.",HIGH,Transaction missing from source system,LOW,Verify if the transaction exists in the source system and investigate why it is not present there.,"The transaction is present in the bank records but missing from the source system, leading to a reconciliation discrepancy. This could indicate a data entry error, system integration issue, or timing mismatch in transaction capture.",HIGH
